x,y,flux,sigma
170.504,2.836,84.33,0.4529
194.190,2.799,536.04,0.7923
246.842,2.749,66.14,0.6369
296.095,2.562,45.42,0.5339
302.149,3.172,38.69,0.3517
444.432,2.991,38.76,0.3243
477.446,2.723,46.88,0.2500
257.504,3.907,15.10,0.2500
268.329,3.693,109.13,0.7349
373.781,4.186,221.28,0.9687
455.480,4.214,122.19,0.5640
86.647,4.090,203.21,1.4140
215.614,5.082,76.45,0.4566
244.371,4.936,117.74,0.4398
324.325,5.256,71.77,0.2500
465.491,5.068,92.34,0.3684
47.950,6.390,1092.16,1.6000
114.481,5.480,235.54,1.0060
218.688,6.447,42.27,0.5188
316.338,6.429,47.76,0.2856
347.694,6.164,198.86,0.9033
451.178,6.013,159.33,0.6148
490.246,5.501,255.77,1.4125
128.663,6.804,124.53,0.4845
189.980,6.543,283.35,0.7783
248.361,7.332,81.94,0.6936
257.502,6.988,69.32,0.4957
271.484,7.222,21.83,0.2500
484.187,6.787,300.18,0.6674
95.867,8.151,87.59,0.5671
157.855,7.662,86.18,0.5244
175.695,8.140,99.30,0.3903
234.375,7.497,190.20,0.6676
261.849,8.046,40.46,0.3312
287.562,8.425,67.69,0.5893
334.543,8.114,97.27,0.6791
363.406,8.440,72.48,0.6602
366.262,7.937,40.37,0.4995
413.484,7.829,77.24,0.3985
432.303,8.085,44.08,0.2500
434.792,8.487,18.61,0.2500
457.282,8.123,75.02,0.4470
118.521,8.802,245.79,0.5032
140.724,9.129,302.96,0.6867
178.988,9.149,258.82,0.7453
220.903,8.669,46.02,0.4554
223.323,9.057,53.30,0.4671
243.867,8.855,82.32,0.6573
308.395,8.703,13.60,0.2500
320.419,8.927,45.54,0.3403
325.713,9.068,57.17,0.5003
499.658,8.456,335.19,0.6701
115.167,10.299,117.46,0.5934
159.994,10.228,67.45,0.5121
202.855,9.660,249.89,0.9515
255.094,10.327,284.61,0.6213
260.592,10.058,84.69,0.6265
450.412,10.283,73.86,0.8934
479.120,9.958,130.39,1.3125
171.822,10.702,449.50,0.6989
200.145,10.460,529.29,1.6000
250.763,10.644,118.86,0.5122
335.950,10.989,298.34,1.2818
423.395,10.622,74.18,0.2500
456.667,10.842,31.42,0.2500
280.721,12.310,202.65,0.5145
310.559,11.659,96.44,0.4556
324.385,12.384,87.94,0.4475
349.238,11.967,131.61,0.5461
432.901,12.506,54.73,0.4096
444.884,12.606,58.42,0.9965
486.856,12.430,40.72,0.3578
63.839,13.171,88.90,0.4690
105.958,13.617,245.98,0.9743
213.521,12.666,41.62,0.2500
297.603,13.176,65.53,0.7832
399.553,12.672,179.05,0.6050
404.314,13.217,100.43,0.5883
85.281,13.807,173.15,0.5063
122.100,13.726,113.34,0.4990
178.344,13.665,109.23,0.5109
262.538,13.290,50.03,0.8684
344.281,13.893,123.23,0.5852
196.130,14.883,307.27,0.6228
201.916,14.900,94.21,0.4485
231.019,15.087,85.62,0.6729
234.361,14.721,45.56,0.3968
284.350,14.893,77.13,0.3474
291.890,15.189,265.41,0.6473
309.596,14.698,343.87,0.7789
350.026,14.978,144.00,0.6334
396.126,14.739,12.72,0.2500
420.931,14.877,66.86,0.4581
470.512,14.910,43.57,0.8653
500.677,15.290,39.81,0.7063
150.560,15.639,83.29,0.4528
157.499,16.244,127.12,0.3915
174.580,16.147,97.16,0.5657
215.974,15.857,14.73,0.2500
403.458,15.735,180.45,0.4784
455.221,16.387,49.21,0.5205
58.927,17.132,81.84,0.5067
126.556,16.671,84.99,0.2500
350.860,16.857,88.46,0.4142
464.895,16.986,188.15,0.8896
479.943,17.035,31.66,0.6082
220.360,18.221,266.69,0.5523
223.672,17.928,59.37,0.2500
244.802,18.007,168.14,0.5256
296.435,18.063,158.70,1.3276
298.435,18.151,148.30,1.3422
335.545,18.262,115.37,0.3445
343.531,18.206,177.92,0.5318
460.023,18.062,76.10,0.5111
504.634,18.183,136.51,0.4761
33.737,19.137,257.13,1.1393
164.262,19.014,263.23,0.5036
237.851,18.819,66.98,0.4719
276.467,19.258,44.69,0.6642
308.588,18.511,187.42,0.6334
330.593,19.329,84.00,0.2500
480.496,18.647,14.07,0.2500
262.689,20.503,89.47,0.7271
286.335,20.435,42.95,0.2500
314.155,20.413,72.60,0.6999
180.456,21.249,93.26,0.2500
206.512,21.264,91.35,0.8525
319.962,20.942,56.27,0.6272
346.738,21.109,47.67,0.2500
457.475,21.287,43.80,0.6424
227.358,22.294,87.28,0.6043
245.343,21.500,177.47,0.5677
151.524,23.033,939.87,1.5927
317.411,22.698,52.16,0.5829
329.529,22.759,83.09,0.3929
420.975,22.977,140.69,1.4692
87.557,23.753,269.98,0.9688
107.556,24.088,133.63,0.7187
186.777,24.348,54.85,0.6315
282.768,24.359,91.49,0.6101
298.610,23.483,115.75,0.6687
312.405,24.134,30.81,0.2828
354.552,24.218,63.30,0.3594
360.588,24.285,56.72,0.3761
381.486,24.449,103.29,0.5442
387.438,24.274,92.16,0.2500
501.018,24.116,142.16,0.7108
80.886,25.072,563.86,1.1386
138.733,24.862,225.74,0.5804
164.385,24.715,243.76,1.1437
208.438,24.755,78.05,0.6185
224.958,24.527,152.09,0.9178
273.493,25.292,45.04,0.2500
370.660,25.490,39.39,0.5156
480.227,24.794,59.69,0.2928
491.544,24.642,38.82,0.2500
495.726,24.958,73.02,0.4757
251.657,26.253,66.70,0.2500
428.627,26.295,182.75,0.9566
28.234,27.292,72.59,0.3616
121.023,26.854,311.53,0.7507
299.090,27.806,314.12,1.3392
306.306,26.580,79.01,0.2500
354.459,27.007,23.61,0.2500
389.575,27.351,91.04,0.5821
195.535,28.401,34.16,0.2500
200.887,28.344,64.40,0.5528
216.453,28.179,80.30,0.2500
406.465,27.706,20.36,0.2500
436.332,28.477,90.76,0.2500
99.283,29.116,216.41,0.4787
158.379,28.552,87.74,0.2500
329.402,28.649,135.66,0.3133
333.498,29.301,217.58,0.5236
383.339,29.453,253.34,1.4089
184.366,30.115,85.96,0.4781
364.491,30.444,56.19,0.2500
196.187,30.838,54.71,0.5077
225.965,31.555,84.90,1.1704
261.511,31.407,96.59,0.2500
274.665,30.948,84.66,0.3408
277.150,30.894,139.02,0.5952
284.799,31.104,68.05,0.4018
293.503,30.893,43.36,0.2500
340.407,30.777,29.86,0.6135
480.650,31.077,97.52,0.4126
486.618,31.221,96.92,0.3963
88.584,31.664,48.71,0.2500
162.621,31.991,45.31,0.6050
166.398,32.018,62.46,0.3802
170.009,32.114,51.09,0.5096
200.562,32.056,633.80,0.8109
208.535,31.839,162.25,1.2715
346.925,32.424,30.31,0.3775
406.523,32.163,178.84,0.5244
142.645,33.190,61.68,0.6062
148.717,32.754,94.74,0.5157
242.782,33.564,93.01,0.9273
280.421,32.965,62.57,0.2500
285.520,33.248,39.54,0.2500
357.522,33.408,100.09,1.0513
410.514,32.583,29.79,0.2500
456.164,32.947,83.13,0.5359
492.436,32.918,30.45,0.4902
219.236,33.825,112.93,0.5131
336.631,34.079,226.65,0.5041
393.673,33.871,134.24,0.4955
473.313,34.289,40.12,0.2500
122.380,34.496,825.26,0.9826
153.956,34.792,201.81,0.4951
170.851,34.846,41.17,0.3780
179.667,35.152,220.85,0.8534
267.303,34.642,435.03,0.6526
343.960,34.593,28.37,0.4196
368.210,35.029,139.53,1.0261
68.008,35.713,172.67,0.8792
108.803,36.372,216.51,0.6377
409.332,36.078,86.59,0.3863
446.504,36.110,15.15,0.2500
486.471,36.504,83.26,0.3954
498.077,36.266,61.38,0.4761
261.095,36.493,88.17,0.7902
378.732,37.274,73.51,0.8682
399.322,37.362,146.79,0.7395
442.463,36.874,96.85,0.3760
461.501,37.321,123.70,0.7758
83.950,37.618,314.29,0.7676
138.360,38.386,79.16,0.6177
180.783,38.044,112.64,0.4490
200.312,37.954,653.34,0.7608
211.400,38.068,117.48,0.4318
313.550,38.075,125.78,0.3342
479.246,37.905,44.43,0.3496
23.953,38.586,799.89,1.6000
124.537,38.724,61.38,0.3230
130.189,39.318,215.26,0.9980
158.157,38.770,108.12,0.5150
163.353,38.960,143.97,0.4419
227.114,38.463,83.43,0.8092
252.520,38.989,63.58,0.5569
268.604,39.287,84.33,0.8859
282.751,39.264,20.26,0.5146
327.953,38.884,47.22,0.6125
351.666,39.148,143.14,0.6819
434.693,38.574,49.84,0.5720
4.862,40.272,430.54,1.6000
21.362,39.469,571.10,1.4523
299.010,40.213,68.53,0.5248
331.614,39.323,173.39,1.0694
504.395,40.385,16.86,0.2500
39.558,41.337,473.30,1.1529
61.460,40.742,152.19,0.7709
77.529,40.838,164.52,0.5698
119.759,40.874,232.78,0.6938
122.647,40.719,71.80,0.4136
184.585,40.785,79.62,0.3217
216.435,40.996,290.82,0.5646
249.035,41.419,54.65,0.2938
254.929,41.445,110.56,0.6486
265.530,41.255,130.75,0.8865
292.374,40.716,48.60,0.5371
359.341,40.954,419.11,0.8447
382.253,40.811,192.20,0.6583
417.778,41.010,107.39,0.4487
489.499,41.389,78.89,0.2500
496.551,40.877,73.24,0.5653
153.500,41.500,97.85,0.2500
157.496,42.412,64.74,0.2500
208.551,41.730,189.65,0.5953
227.300,41.962,118.04,0.6675
278.493,41.720,116.64,0.4053
296.053,41.822,32.71,0.6578
34.195,42.997,458.29,1.2623
51.765,42.787,236.38,0.8942
222.579,42.578,29.89,0.2500
305.426,42.569,110.55,0.9626
439.204,43.477,324.99,0.7811
14.540,44.459,79.28,0.2500
72.396,44.448,43.92,0.2500
101.471,43.684,181.84,1.4247
174.551,44.446,27.18,0.2500
256.774,43.671,142.57,0.9337
310.767,44.325,46.16,0.6059
416.491,44.191,122.87,0.5283
506.668,44.085,38.50,0.5478
42.728,45.114,325.71,0.5946
146.492,44.797,51.40,0.3079
169.324,44.831,305.06,1.4970
192.420,45.071,76.46,0.3825
238.764,44.653,349.09,0.6742
242.517,44.828,188.14,0.4781
318.686,44.494,68.12,0.6444
28.321,46.234,795.03,1.2028
268.117,45.502,52.15,0.3295
335.510,45.930,172.66,0.5271
381.442,46.129,137.77,0.8548
70.488,47.115,80.46,0.4259
88.191,46.670,105.66,0.4416
216.202,47.070,120.21,0.4813
219.679,47.177,129.10,0.5726
369.164,46.582,58.52,0.8843
430.760,46.609,44.49,0.7001
484.246,47.326,105.36,1.2803
43.323,47.947,171.30,0.6628
91.921,47.552,54.46,0.4364
137.685,47.698,182.82,0.6177
162.501,47.994,89.75,0.5248
201.305,47.562,188.17,1.1327
231.986,48.108,139.02,0.5579
255.851,48.056,237.29,0.5981
348.411,48.745,146.98,0.8553
409.491,48.209,41.17,0.4306
416.349,48.322,66.52,0.5691
421.535,48.054,41.35,0.5361
435.140,47.902,272.70,0.6412
478.609,47.442,123.96,0.8198
33.708,48.928,128.56,0.5045
457.066,49.282,101.81,1.1919
65.522,49.587,155.55,0.5723
128.440,50.447,50.18,0.2500
154.555,50.097,35.69,0.2500
281.235,49.525,106.23,0.5107
302.556,49.962,86.27,0.5246
316.435,49.745,52.92,0.2500
374.321,49.529,83.45,0.5462
392.272,50.447,47.06,0.5217
450.710,49.886,129.20,0.5772
24.627,49.969,511.61,1.1983
95.215,51.369,47.15,0.3669
104.427,50.538,19.64,0.2500
149.934,50.857,511.75,0.8317
208.553,50.700,559.49,0.7426
242.705,51.280,262.68,0.7474
260.175,51.370,77.91,0.4825
462.312,50.070,127.72,1.4802
49.930,51.787,62.48,0.6839
278.018,52.450,75.28,0.5307
344.298,52.503,56.14,0.5376
369.683,52.126,21.67,0.3517
439.653,52.015,125.24,0.4096
480.198,51.948,15.92,0.2500
92.410,53.262,128.18,0.5207
293.489,53.440,131.72,0.6408
414.897,53.317,22.67,0.3057
454.456,52.919,91.80,1.1029
141.799,54.246,53.89,0.4149
184.654,53.803,70.18,0.5540
204.391,53.506,25.24,0.2500
263.630,54.092,87.71,0.5481
398.575,53.516,57.78,0.6208
411.906,53.714,22.49,0.3595
490.556,53.508,60.65,0.2500
493.498,53.510,67.31,0.2500
4.284,54.576,479.54,0.9121
32.424,54.548,79.48,0.2500
68.453,54.812,22.55,0.3077
149.748,54.513,68.90,0.4635
157.958,54.610,76.07,0.4646
231.655,54.304,165.93,0.9597
240.256,55.273,43.82,0.5507
268.093,55.421,95.65,0.4413
316.878,55.010,425.16,0.7813
343.851,55.228,161.09,0.6168
356.201,55.163,128.44,0.6030
369.415,55.273,96.18,0.5181
472.895,54.716,63.02,0.4367
481.493,54.927,32.29,0.4086
22.483,56.009,200.99,0.5950
109.635,55.613,117.26,1.0593
124.453,55.679,26.59,0.2500
198.694,56.466,18.25,0.2500
218.614,55.702,80.93,0.8513
272.009,55.599,91.00,0.5153
364.331,56.084,25.34,0.3421
459.588,56.366,52.82,0.4979
463.208,56.518,22.68,0.4135
10.824,57.425,155.83,0.5939
50.409,56.552,72.98,0.4373
74.647,56.777,507.18,0.7261
103.980,56.984,105.78,0.5063
120.347,56.679,90.69,0.2500
133.912,57.427,140.23,0.6597
177.500,57.185,94.60,0.2500
212.451,57.176,185.11,0.5496
327.072,57.444,15.46,0.3199
406.561,56.522,42.63,0.2500
444.085,57.137,60.01,0.6452
490.348,57.486,103.87,0.3767
137.755,57.588,189.02,0.5959
192.437,58.038,30.63,0.4672
238.668,57.766,38.90,0.2500
267.569,58.164,225.72,0.5653
324.211,57.722,62.11,0.4240
347.151,57.853,194.54,0.7564
97.516,58.566,43.54,0.2500
145.660,59.273,71.77,0.6779
260.377,58.709,24.45,0.5372
318.551,59.110,130.05,0.4710
24.881,60.238,252.49,1.1232
107.447,60.188,25.84,0.3909
123.992,59.794,338.83,0.7221
158.022,60.166,195.32,0.5993
166.033,60.484,361.63,0.7307
189.501,60.449,42.37,0.2500
197.317,60.147,66.05,0.8385
422.870,60.327,142.15,0.5500
433.234,60.323,54.62,0.8065
493.361,60.326,80.67,0.2500
38.545,60.613,71.09,0.2500
80.479,60.999,175.43,0.5425
284.293,60.880,140.13,0.4980
298.040,61.239,33.67,0.4905
382.609,61.500,47.14,0.2500
193.502,61.934,41.86,0.3483
205.485,62.293,66.12,0.4390
209.282,61.775,84.09,1.2321
228.043,61.794,35.48,0.6537
242.546,62.238,14.85,0.2500
468.422,61.882,31.50,0.3514
110.663,63.194,100.60,0.4338
150.887,63.098,107.92,0.5993
158.105,62.773,79.18,0.4514
230.365,62.860,64.59,0.5336
274.632,63.108,56.47,0.6536
297.607,62.858,32.32,0.2500
311.500,63.347,166.37,0.3199
363.095,62.619,72.90,0.4631
371.453,62.720,114.42,0.4097
22.598,64.020,394.82,1.4300
90.477,63.939,160.20,0.4274
100.311,63.730,17.12,0.2500
105.914,63.746,56.36,0.7095
324.049,64.262,50.32,0.5583
420.223,63.658,51.24,0.5679
426.160,63.624,98.29,1.0421
499.387,64.201,202.46,0.5530
13.495,65.054,131.19,0.5792
53.467,64.887,286.69,0.5766
80.108,65.138,143.88,0.6920
166.374,65.165,70.63,0.5857
216.441,64.727,15.89,0.2500
259.561,65.143,259.79,0.5398
272.189,64.772,76.42,0.9587
374.688,65.487,75.77,0.8005
75.797,66.379,14.78,0.2500
123.440,65.679,61.64,0.2500
154.511,66.446,37.57,0.2500
169.503,66.345,73.19,0.2500
243.621,65.946,206.72,0.4689
249.526,65.608,116.64,0.5535
30.666,67.216,249.94,1.2175
103.612,66.810,91.12,0.5607
181.537,66.810,314.65,0.5908
299.943,66.556,38.79,0.5270
431.230,66.741,160.10,1.2635
132.383,68.040,15.66,0.3007
228.728,68.421,163.39,0.6583
284.053,68.020,212.10,0.6617
331.169,67.937,85.57,0.5043
352.163,67.870,39.12,0.5380
424.177,67.977,179.87,1.3333
16.941,69.132,105.38,0.6554
37.801,69.252,87.14,0.4077
51.346,68.973,119.39,0.4511
96.417,69.057,61.96,0.2827
118.676,69.501,71.43,0.5369
208.664,69.125,116.59,0.4491
220.480,68.510,89.50,0.2500
238.549,69.499,39.50,0.2500
252.475,68.533,73.26,0.2500
266.625,69.365,46.83,0.5402
339.224,69.499,24.45,0.3349
451.843,69.111,68.61,0.4382
480.952,69.369,100.35,0.4741
45.633,70.007,102.24,0.7779
172.212,69.770,24.09,0.2500
174.337,69.860,35.52,0.2500
202.569,69.836,33.47,0.3987
213.026,69.505,49.17,0.4460
283.354,69.850,198.45,0.6148
474.576,70.427,65.91,0.2500
31.586,70.729,72.95,0.5708
132.389,71.191,13.27,0.2500
140.389,71.076,292.01,0.7517
150.697,71.051,21.95,0.4986
161.405,70.486,663.32,0.8035
286.517,71.345,45.53,0.2500
297.092,71.307,249.30,0.6472
304.473,70.659,143.40,0.3742
331.757,70.783,249.09,0.6719
390.175,70.627,55.29,0.4006
394.703,70.703,71.96,0.3309
418.182,70.826,84.00,0.5644
460.686,70.683,93.82,0.8966
90.140,72.559,63.87,0.6694
101.478,71.777,193.61,0.9820
155.666,72.311,87.26,0.4230
225.430,71.883,395.26,0.7435
262.479,71.766,77.52,0.2526
318.830,72.724,46.78,0.7948
328.356,72.015,229.54,0.5372
358.288,72.369,243.30,0.7942
455.544,71.957,304.30,1.0607
468.419,72.433,33.21,0.2500
39.458,72.857,378.86,0.7063
94.831,73.204,38.08,0.3726
141.429,73.063,350.33,0.8226
182.516,73.480,260.86,0.6315
236.123,73.406,81.81,1.1102
353.527,72.632,50.75,0.2500
400.374,72.650,16.72,0.2500
402.918,72.684,42.08,0.6122
407.250,72.984,78.16,0.7172
16.935,74.147,57.48,0.3205
104.326,74.487,63.79,0.4710
146.352,73.800,99.98,0.2500
188.722,73.874,112.28,0.9758
310.575,73.956,221.58,0.6894
486.789,73.607,521.15,1.5721
120.949,74.797,116.87,0.4984
195.116,74.726,128.13,0.7162
200.452,74.560,36.14,0.2500
258.554,74.801,33.75,0.2500
280.310,74.711,39.36,0.2500
452.605,74.552,70.27,0.7588
8.401,76.213,124.58,0.6525
17.543,76.187,127.82,0.5346
62.973,75.876,106.96,0.9856
69.050,76.264,130.39,0.6871
79.844,76.116,37.79,0.5074
108.053,76.429,30.00,0.3419
168.334,76.325,204.30,0.6468
326.569,76.396,40.71,0.2500
403.132,76.004,71.19,0.7750
438.601,76.213,17.08,0.3868
138.665,77.183,24.29,0.2809
164.579,77.109,134.24,0.7064
218.628,77.492,20.88,0.2500
237.998,77.356,201.71,0.7144
122.559,78.473,55.09,0.2500
233.156,78.454,288.28,0.7362
321.515,77.694,46.73,0.2500
458.352,77.996,58.14,0.5111
18.255,78.772,124.68,0.5287
72.594,78.475,116.93,0.4500
83.273,78.659,30.25,0.6245
112.207,79.355,177.58,0.6077
159.516,78.801,66.76,0.4830
247.352,78.739,36.20,0.5715
271.579,78.752,49.44,0.6604
292.374,78.726,86.03,0.4634
316.725,78.930,55.06,1.0441
368.832,78.629,93.19,0.6003
426.239,79.392,140.26,0.8861
56.391,80.328,136.10,0.5686
125.751,80.907,239.87,1.3983
130.475,80.438,45.26,0.2500
151.437,80.032,132.91,0.9412
184.408,80.104,50.37,0.5335
266.300,80.099,56.01,0.3970
274.118,79.975,94.23,0.6035
325.514,79.841,104.87,0.6393
388.191,79.786,107.24,0.4279
392.853,80.280,316.88,0.6419
444.511,79.920,85.42,0.6320
12.785,81.077,141.05,0.6063
101.663,81.255,76.19,0.6897
254.869,81.260,111.70,0.4921
468.536,81.247,176.06,0.6759
92.428,82.211,68.65,0.6356
166.791,81.673,92.99,0.5818
192.524,82.019,150.49,0.4467
219.048,81.787,71.43,0.5903
237.483,82.561,304.89,0.8372
270.753,82.094,49.39,0.4467
367.615,81.634,94.70,1.0956
446.673,81.945,56.00,0.3749
26.587,82.022,88.17,1.0260
59.863,82.665,63.22,0.7004
86.529,82.539,22.94,0.2500
209.401,83.402,92.61,0.4611
214.257,82.603,71.01,0.4349
267.383,83.283,50.54,0.2500
290.801,83.404,76.87,0.6338
295.888,83.320,221.51,0.6147
302.217,83.205,211.56,0.6300
314.611,82.557,22.44,0.2500
348.431,82.570,28.26,0.2500
388.854,82.703,22.89,0.6372
442.850,82.658,34.70,0.7608
52.377,83.667,56.24,0.5331
74.842,84.472,27.01,0.2500
104.305,84.272,49.95,0.6206
146.641,84.239,29.71,0.2500
150.631,83.988,169.92,0.5931
157.165,83.575,166.33,0.9425
322.674,84.345,16.07,0.4112
418.103,84.074,122.46,0.4852
426.886,83.415,81.35,0.7650
72.218,84.918,65.33,0.3706
78.192,84.863,158.11,0.8535
222.618,85.227,34.87,0.2500
246.581,85.441,42.42,0.6741
305.503,85.497,53.75,0.2500
454.803,84.772,108.42,0.5972
280.743,86.211,107.73,0.4832
285.500,86.015,54.93,0.4691
285.497,86.003,69.39,0.4923
339.246,86.388,301.65,0.6956
409.877,86.179,218.78,1.4721
424.956,86.334,25.53,0.5258
5.373,86.696,118.31,0.7645
30.605,87.241,222.29,0.5621
42.806,87.087,230.16,0.5891
146.141,87.346,92.49,0.9283
210.932,87.336,12.89,0.2500
255.704,87.228,624.97,0.8339
259.975,87.011,132.03,0.8406
294.417,86.506,87.42,0.2500
300.654,86.844,10.46,0.2500
319.853,86.992,87.32,0.5647
375.613,87.406,262.96,0.5581
427.778,86.938,52.87,0.5858
434.208,86.603,77.28,0.5110
53.669,88.431,100.70,0.4852
61.487,88.074,89.58,0.5508
77.440,88.450,148.30,0.7927
92.453,88.441,31.97,0.2500
105.479,87.937,53.09,0.5166
116.852,88.274,271.32,0.6805
191.073,88.385,39.41,0.4194
214.458,88.458,34.59,0.2500
242.803,88.391,46.15,0.4060
345.508,87.527,92.37,0.6066
369.207,87.699,303.07,0.9040
499.876,88.270,103.94,0.4939
39.779,89.142,246.49,0.6000
86.271,89.143,76.76,0.4384
111.206,88.781,184.20,0.7194
155.444,88.981,92.71,0.8708
179.541,89.417,106.30,0.6855
183.382,89.331,52.60,0.4368
231.720,89.495,194.51,0.6787
261.500,89.286,166.88,0.8328
310.537,89.409,69.54,0.8929
149.145,90.048,123.71,0.8857
193.557,89.758,71.12,0.5673
204.266,90.098,100.14,0.5611
265.298,89.789,145.89,0.6858
331.530,89.939,67.11,0.3306
424.455,89.655,24.32,0.2500
237.702,90.698,66.80,0.7680
268.637,90.580,70.51,0.3535
317.699,90.949,110.72,0.7274
356.052,91.480,288.17,0.6492
392.537,90.777,22.98,0.5670
14.643,92.427,35.96,0.5119
80.170,92.461,47.07,0.7637
185.144,91.925,115.19,0.6707
335.937,92.445,16.26,0.2500
338.301,92.447,29.56,0.2500
369.936,92.151,72.82,0.5601
401.494,92.842,54.59,0.9726
48.471,92.690,19.61,0.2500
92.150,92.969,175.14,1.2831
254.531,92.884,22.54,0.2500
271.603,93.439,39.09,0.2500
10.839,93.669,66.06,0.4553
68.447,94.429,62.39,0.2500
136.186,94.353,75.91,0.4057
170.274,93.918,253.88,0.9403
216.503,93.839,19.48,0.2500
266.899,93.633,134.33,0.6099
279.304,94.341,117.63,0.6159
63.939,94.599,76.60,0.6246
129.152,94.857,172.55,1.3718
140.477,94.945,139.48,0.7283
155.423,94.761,77.98,0.3816
159.939,95.028,33.04,0.4331
163.341,95.191,185.82,0.6686
199.453,94.943,45.41,0.5901
222.510,94.738,114.53,0.2500
435.746,94.578,35.18,0.2500
42.546,95.718,16.31,0.2500
56.675,96.059,75.94,0.5368
103.729,96.359,47.53,0.3743
239.729,95.761,24.03,0.2500
250.551,95.769,23.85,0.2500
258.579,95.919,19.47,0.3268
274.432,95.690,157.82,0.5147
309.393,96.389,67.55,0.7865
366.560,95.590,169.65,0.5613
407.842,96.313,18.64,0.4304
424.218,95.141,64.79,1.1173
453.455,96.772,558.87,1.3361
21.494,96.501,105.07,0.4973
88.098,97.447,66.29,0.5525
166.765,97.451,31.02,0.2500
190.675,97.635,292.57,1.4472
226.408,96.690,113.54,0.2500
359.284,96.435,332.63,0.8336
430.562,97.453,71.67,0.5302
452.184,97.032,481.27,1.2998
46.945,98.380,48.78,0.5048
83.056,98.068,106.68,0.6604
108.894,97.578,191.03,1.0615
127.487,98.023,79.81,0.5970
147.174,97.912,103.47,0.5893
196.537,98.376,78.91,0.7774
202.444,97.703,96.58,0.4787
276.666,97.935,99.26,0.4009
450.791,97.795,773.80,1.6000
158.695,98.787,55.22,0.6116
163.343,99.312,41.38,0.5609
216.132,99.114,54.82,0.7194
219.031,98.722,31.10,0.2500
242.768,98.907,26.27,0.2500
272.757,98.659,87.62,0.6532
495.550,99.119,228.35,0.8205
499.144,98.794,57.57,0.5011
8.362,100.172,80.59,0.4779
104.906,100.435,45.82,0.5826
116.885,99.752,88.33,0.6385
153.944,99.944,34.20,0.6653
227.672,100.221,329.20,0.6939
312.078,99.822,53.85,0.4927
338.798,100.235,45.31,0.4810
343.274,99.993,21.11,0.4090
407.886,99.668,84.75,0.5866
414.771,100.307,32.50,0.3367
53.618,100.952,55.62,0.4514
133.501,100.831,84.19,0.3839
443.114,101.305,492.34,1.2939
447.011,100.404,402.69,0.9438
25.308,101.908,153.67,0.5375
33.714,102.184,149.04,0.4922
85.795,102.245,88.81,0.6964
130.053,101.882,128.99,0.4700
176.489,102.296,165.32,0.7442
183.470,102.136,117.69,0.5255
288.184,102.327,351.43,0.8102
319.381,102.414,46.63,0.2500
403.448,102.007,27.57,0.2500
424.302,101.540,32.26,0.2500
101.215,102.642,64.51,0.4181
112.633,102.833,22.50,0.2500
144.340,102.732,171.29,0.7027
152.042,103.522,61.73,0.6727
158.962,102.562,182.86,0.5703
257.568,102.511,53.72,0.7133
284.097,102.944,34.18,0.3084
291.766,103.294,320.66,0.6832
306.537,102.563,55.12,0.2500
342.641,103.475,78.64,0.5747
346.602,103.480,49.81,0.6094
362.537,102.567,42.72,0.2500
38.774,104.061,106.51,0.5757
168.391,103.571,47.71,0.4761
174.413,103.768,71.18,0.4130
211.917,104.326,45.88,0.3582
314.171,104.062,58.55,0.4628
339.961,102.934,258.19,1.3376
395.206,104.108,54.77,0.6494
406.877,104.072,105.10,0.5897
96.238,105.298,117.02,0.5883
117.908,105.256,100.78,0.7557
182.635,105.488,97.87,0.5119
203.202,104.823,102.09,0.5236
236.267,105.155,29.14,0.6499
250.680,104.579,52.69,0.3740
310.734,104.791,89.87,0.5663
323.671,105.448,64.73,0.5930
352.463,104.600,31.74,0.2500
388.893,105.311,70.89,0.5429
434.312,106.028,188.44,1.2368
154.620,105.975,84.12,0.8287
168.424,106.166,37.26,0.2500
200.468,105.528,81.70,0.2500
206.792,106.256,87.46,0.3302
256.266,105.831,166.13,0.9994
80.439,106.562,31.75,0.2500
91.687,106.871,96.70,0.5942
98.654,107.342,68.76,0.6148
127.796,107.344,273.75,0.7522
172.349,107.419,96.92,0.2500
243.236,106.563,12.24,0.2500
270.549,106.574,27.47,0.2500
315.163,107.036,26.36,0.4697
371.150,106.516,93.28,1.0903
398.203,107.162,99.81,0.9365
435.047,107.219,69.95,0.5040
14.603,108.400,27.51,0.4961
22.432,107.755,91.19,0.8657
50.797,107.565,67.31,0.6823
70.464,108.350,73.85,0.4550
146.535,107.618,95.57,0.8459
186.080,109.074,250.90,1.3280
213.324,108.592,341.15,1.2986
246.763,108.258,63.36,0.3854
257.170,107.901,64.28,0.4742
290.019,108.044,158.00,0.7736
394.608,107.511,120.54,1.0757
498.894,108.361,123.93,0.6080
6.461,109.163,48.48,0.3587
42.561,108.959,128.17,0.4920
253.498,109.373,79.67,0.2500
72.044,110.299,78.91,0.6970
74.564,109.709,19.37,0.2500
103.355,110.493,190.92,1.2037
168.756,109.454,83.64,0.8909
180.867,110.078,120.58,0.7063
191.051,109.633,71.96,0.7163
268.530,110.203,143.64,0.8552
295.873,109.597,160.71,0.7156
360.528,110.333,45.08,0.8921
390.350,110.233,232.14,0.8938
447.164,110.428,164.87,0.6919
59.549,110.652,88.75,0.6541
102.512,110.678,198.55,1.2274
153.494,111.183,83.67,0.5744
220.563,111.041,264.14,0.4989
246.017,110.705,56.90,0.4570
257.875,111.212,13.79,0.2500
261.349,111.194,150.99,0.4834
285.712,110.465,117.62,0.8003
299.099,110.515,122.60,0.7326
301.684,110.854,113.86,0.5343
312.594,110.942,71.51,0.8862
327.927,110.478,110.36,0.9486
344.673,110.421,155.18,0.8004
40.801,112.122,111.16,0.4581
126.036,111.991,63.22,0.7943
306.520,111.369,75.93,0.9608
365.535,112.275,69.09,0.6859
500.431,112.850,539.50,1.0621
13.794,112.603,140.10,0.8367
47.108,112.964,133.57,0.5106
117.746,112.545,117.91,1.0847
169.917,113.491,87.78,0.9304
201.749,113.158,105.49,0.8620
457.279,113.171,177.50,0.9489
51.855,114.413,159.53,0.9716
107.653,113.837,57.01,0.5968
144.610,113.709,408.16,0.6558
205.513,113.600,49.73,0.2500
234.697,114.280,100.82,0.3702
245.543,113.558,89.44,1.0464
12.394,115.141,27.67,0.2500
29.491,114.585,222.62,0.7076
57.524,114.796,59.89,0.6052
182.073,114.792,125.99,0.5262
274.092,114.762,88.51,0.5084
294.078,114.662,77.42,1.0455
375.137,114.627,90.61,0.7005
390.604,115.275,243.16,0.5005
398.636,114.551,38.87,0.5049
34.098,116.594,81.10,0.8746
152.212,115.567,180.98,0.6595
88.634,116.913,85.07,0.6515
90.802,116.439,67.58,0.6101
113.629,117.086,181.24,0.6858
132.448,116.769,89.85,0.6707
165.123,116.751,168.95,0.7858
224.839,117.267,90.48,0.4994
351.958,117.391,48.13,0.6300
499.024,116.057,522.29,1.1487
58.762,117.903,62.06,0.4300
119.266,117.507,27.83,0.5175
123.021,117.493,45.43,0.4369
138.541,117.902,204.64,0.9431
158.558,118.380,127.19,0.6303
209.500,118.487,140.52,0.2500
320.828,117.618,157.19,0.6325
82.542,118.703,31.61,0.2500
99.838,119.279,715.27,0.8779
298.646,118.733,50.84,0.5672
341.494,119.015,129.83,0.6052
355.992,118.717,103.35,0.5672
413.884,118.777,172.43,0.6211
34.290,119.228,216.09,1.4920
47.659,120.246,55.88,0.4213
183.751,120.306,346.97,0.7684
246.393,119.813,210.15,1.0086
267.416,120.139,374.87,0.7112
279.239,119.760,117.59,0.6767
307.595,120.188,42.81,0.2500
18.915,120.929,151.43,0.5647
63.473,120.941,137.08,0.5434
89.489,120.892,46.94,0.2973
106.648,120.906,87.39,0.4790
162.394,121.476,342.11,0.7977
193.053,120.962,274.38,0.7231
201.964,120.903,368.27,0.7309
220.266,120.628,94.82,0.5883
260.122,120.660,83.21,0.4599
329.267,121.089,357.50,0.8862
51.959,121.567,130.55,0.9600
57.967,121.680,198.63,1.1512
180.362,122.021,177.05,0.6018
241.500,121.855,36.36,0.2500
324.565,122.223,228.55,0.6191
336.347,122.404,81.98,0.2500
13.841,123.469,192.35,0.5205
46.689,122.769,70.80,0.3925
79.955,122.652,120.88,0.8783
94.575,123.677,112.69,0.8269
98.490,123.128,87.96,0.6765
119.902,123.063,119.94,0.6223
130.024,122.680,85.55,0.7048
176.363,123.440,488.97,0.8350
253.710,122.552,103.03,0.7429
304.348,122.935,449.42,0.7449
314.681,123.374,70.58,0.5585
415.098,122.901,155.36,0.7623
8.147,124.563,71.08,0.7530
77.038,123.886,135.29,0.8417
127.237,124.251,44.52,0.5549
188.685,123.974,125.54,0.4697
235.964,124.960,224.63,1.4593
284.433,124.445,47.59,0.2500
345.500,124.381,51.05,0.4676
357.501,124.390,81.88,0.2500
372.832,124.523,262.88,1.2306
59.525,125.107,133.39,0.5549
194.151,125.036,375.08,1.2515
213.515,124.889,71.46,0.4416
272.148,125.344,101.05,0.4025
22.133,126.420,1962.59,1.1892
100.216,125.722,62.96,0.3768
142.095,125.732,142.92,0.6517
170.092,126.288,208.57,0.7087
183.104,125.559,193.47,0.5902
235.234,125.797,52.49,0.5513
236.291,125.405,137.26,1.2174
308.314,125.594,37.45,0.2500
311.285,125.783,88.60,0.7864
328.409,126.158,282.54,0.6323
354.602,125.651,76.80,0.7728
38.821,126.945,13.69,0.2500
69.773,126.645,97.28,0.6974
77.234,126.597,61.67,0.4740
93.156,126.561,45.27,0.4598
121.520,126.486,58.96,0.5915
127.600,127.238,117.30,0.7992
190.300,127.104,169.26,0.5458
201.542,126.737,89.40,0.6705
223.119,127.023,134.41,1.1019
262.095,126.529,117.80,0.5771
419.217,126.762,316.87,0.9200
464.239,127.031,427.99,1.1059
13.177,127.819,1112.31,1.0109
134.711,128.308,69.67,0.5539
166.956,127.694,313.20,0.8788
199.063,127.978,103.79,0.7911
272.433,127.631,111.04,0.4841
34.094,128.831,361.77,0.6938
154.987,128.840,134.05,0.5421
499.915,129.126,1131.95,1.6000
507.177,128.704,86.64,0.5303
42.115,130.163,179.92,1.1290
90.532,130.247,144.07,0.7734
142.868,130.634,510.32,1.5510
190.676,129.812,36.85,0.2500
226.214,130.217,92.41,0.7334
256.783,129.993,208.00,0.8944
277.293,130.031,62.20,0.4697
88.409,131.496,70.03,0.2500
113.664,131.162,366.51,0.8679
149.483,131.368,85.74,0.2500
219.386,131.088,26.38,0.4572
242.642,130.608,26.82,0.5035
314.126,131.006,344.57,0.9269
323.374,130.755,84.75,0.6409
356.761,130.519,111.07,0.4436
46.663,132.284,48.56,0.3272
52.493,132.252,66.53,0.4409
65.269,131.974,90.87,0.7479
76.780,132.156,256.46,0.7717
156.952,131.992,450.08,0.6954
249.597,132.461,78.97,0.4485
145.546,133.356,279.36,0.6194
154.003,132.639,251.59,0.8071
328.264,132.865,171.43,0.7192
22.535,133.513,42.39,0.2500
108.251,133.580,103.68,0.7344
150.930,134.416,439.83,1.1651
162.756,133.678,192.37,0.6767
174.634,134.440,316.91,0.6772
197.511,134.407,71.70,0.4967
279.089,134.036,88.80,0.4993
298.005,134.048,125.13,0.8336
341.714,133.497,111.02,0.6748
61.415,134.976,100.83,0.5232
73.487,134.647,50.05,0.4871
133.675,134.787,62.33,0.3737
149.076,135.089,345.21,0.9337
190.844,134.933,436.70,0.7236
208.339,135.056,23.82,0.3001
210.663,135.030,21.70,0.2722
241.503,134.794,37.36,0.2500
252.613,135.234,218.14,0.5702
282.887,134.542,67.38,0.5026
373.810,134.422,472.66,1.4610
47.692,136.180,132.55,0.6263
77.512,136.361,61.80,0.5165
103.975,135.739,290.77,0.7285
146.233,136.306,344.89,0.7332
180.072,136.460,30.81,0.3126
184.241,136.468,46.19,0.5135
222.762,135.938,723.85,0.8722
232.426,136.477,40.27,0.2500
247.454,136.103,144.20,0.4876
256.075,136.134,82.69,0.4899
498.461,136.499,709.19,0.9081
40.314,136.846,163.17,0.6046
55.510,136.715,60.98,0.8403
101.297,136.669,132.33,0.5973
124.166,136.557,278.06,0.6567
129.097,136.668,505.05,0.7717
136.556,136.778,92.59,0.2789
260.928,137.029,63.95,0.4691
265.855,137.254,57.45,0.4490
317.502,136.706,87.95,0.2500
460.177,136.727,1002.23,1.4529
32.362,138.143,97.00,0.5053
166.507,138.255,118.75,0.4836
172.522,137.514,115.03,0.6355
237.497,137.505,83.55,0.5408
269.516,137.501,55.39,0.6074
420.076,137.614,548.30,1.3527
60.763,138.419,118.63,0.9112
139.686,139.205,316.24,0.9631
249.193,139.753,224.67,1.1665
264.478,139.369,25.92,0.2500
292.395,138.684,49.04,0.2500
305.230,138.901,51.15,0.4684
471.076,139.224,99.61,0.5908
480.481,138.580,78.65,0.2500
64.388,140.467,77.62,0.5460
155.516,140.449,57.89,0.2500
161.436,140.364,33.86,0.2500
216.438,140.436,25.19,0.2500
221.534,140.552,190.96,0.6746
272.039,140.418,20.46,0.2500
328.362,140.258,37.79,0.2500
413.570,139.884,181.83,0.9403
146.182,141.028,127.64,0.8000
275.913,140.526,86.30,0.5909
306.347,140.911,75.24,0.4006
310.568,140.562,50.54,0.2500
445.536,141.109,802.57,1.3057
488.383,141.431,112.33,0.6862
57.598,141.986,50.68,0.3974
84.260,142.370,1264.71,0.9973
160.475,142.260,133.23,0.7994
257.601,141.503,32.05,0.5526
351.007,142.172,335.94,1.4675
370.535,142.431,73.99,0.2500
10.449,142.917,85.73,0.3669
15.171,142.913,215.24,0.6529
74.550,142.588,60.52,0.2500
89.924,142.804,60.90,0.6363
151.038,142.677,129.73,0.7223
188.878,142.703,89.50,0.4378
242.009,142.564,179.51,0.8766
302.960,143.463,244.55,0.7367
439.844,142.205,1252.47,1.4523
500.739,143.271,184.99,0.6027
54.011,143.884,183.55,1.2607
57.724,143.835,44.30,0.5967
81.401,143.554,323.82,0.7972
95.976,143.605,295.28,0.6432
102.742,143.970,134.41,0.8882
128.971,144.010,135.73,0.9781
167.552,144.075,70.92,0.5258
264.326,144.379,44.44,0.5029
277.794,144.226,72.91,0.6058
287.474,143.683,146.50,0.5352
316.332,144.277,88.88,0.5993
321.508,144.053,282.33,0.7733
326.844,144.199,47.17,0.4131
505.924,143.638,276.43,0.9080
146.780,144.723,96.84,0.5048
229.481,144.732,62.64,0.5509
250.580,144.860,34.44,0.2500
464.134,145.347,84.36,0.5881
475.534,144.653,172.80,0.6096
478.595,145.484,70.69,0.6779
30.046,145.498,152.37,0.6843
112.333,145.842,60.99,0.5324
131.233,146.087,134.98,0.6056
142.604,145.923,72.70,0.3613
197.499,145.782,78.27,0.7331
269.485,145.549,69.20,0.8697
220.918,146.628,104.30,1.0842
277.307,147.255,125.05,0.6918
285.043,146.931,54.43,0.3907
296.322,147.249,101.79,0.6914
353.017,146.912,64.24,0.4824
499.565,146.672,20.62,0.2500
9.262,148.377,47.98,0.2500
25.135,148.092,47.38,0.5926
34.464,147.604,67.21,0.2500
80.239,147.696,27.97,0.2500
83.809,148.139,49.07,0.8189
157.487,148.353,86.73,0.5172
160.184,148.463,67.46,0.6576
164.463,148.313,87.83,0.6600
166.520,147.843,73.27,0.6471
207.593,147.823,27.99,0.2500
212.381,147.962,67.56,0.7077
223.870,148.490,72.80,0.8089
229.551,148.032,90.19,0.8398
319.090,148.346,82.98,0.5284
59.149,148.461,73.58,0.8019
92.525,149.500,54.92,0.6691
240.286,149.381,58.65,0.5779
256.433,149.358,41.32,0.2500
282.246,149.226,302.40,1.0571
400.987,149.157,1010.89,1.5984
491.926,149.439,72.03,0.5144
35.245,150.099,76.94,0.4141
82.687,150.271,59.34,0.2500
104.135,150.329,149.70,0.6651
133.499,149.745,68.94,0.2500
139.704,150.518,435.49,0.8564
171.307,150.076,83.26,0.5177
275.624,150.389,147.21,0.5432
353.449,149.991,163.38,0.5921
433.258,149.756,1469.40,1.5770
489.557,150.296,200.43,0.6884
505.499,149.512,66.78,0.5614
26.756,150.918,41.84,0.3897
67.793,150.640,106.25,0.7623
136.970,150.559,201.13,0.6415
182.752,150.715,64.36,0.4463
203.514,150.700,67.25,0.8486
208.284,150.530,59.07,0.3939
247.251,150.575,62.22,0.5943
287.852,151.404,78.65,0.6311
292.857,150.405,285.50,0.9845
359.805,150.835,132.21,0.5862
477.161,150.571,65.04,0.5906
13.504,151.365,96.51,0.8721
63.613,152.453,170.50,0.5926
127.770,152.092,163.67,0.8310
150.534,152.018,215.54,0.8056
189.334,152.015,47.06,0.6046
230.654,152.429,38.63,0.2500
367.743,151.903,125.55,0.6351
466.954,152.364,68.22,0.8595
17.897,152.639,201.10,0.6410
39.159,153.192,157.79,0.6735
43.118,153.336,162.54,0.6231
96.369,153.493,66.76,0.4426
177.322,152.851,65.50,0.4377
214.204,152.658,131.55,0.5089
250.763,153.355,89.03,0.6279
254.065,152.533,121.52,0.5554
279.470,153.436,78.91,0.3612
312.453,153.436,102.47,0.2500
378.820,152.934,616.28,1.3194
429.990,152.864,1063.51,1.3974
68.211,154.186,117.00,0.6464
117.471,153.521,44.35,0.2500
122.510,153.889,24.67,0.2500
139.326,153.930,95.03,0.5176
181.590,153.522,18.13,0.2500
195.328,153.518,130.00,0.6000
266.326,153.885,28.63,0.2500
276.490,154.437,40.90,0.2500
388.145,153.468,929.37,1.4261
490.246,154.460,128.88,0.7539
13.497,154.979,35.95,0.3708
25.355,154.748,60.50,0.3523
205.501,155.025,17.99,0.3413
220.593,154.727,80.54,0.4253
227.805,154.934,90.22,0.9259
246.967,154.741,114.95,0.9681
361.151,155.199,288.85,0.7383
478.880,155.357,131.53,0.4946
43.713,155.585,232.44,0.6047
238.555,156.204,69.39,0.2500
276.247,155.904,50.07,0.6032
340.946,155.827,327.14,0.7081
374.048,155.962,439.16,1.0707
412.907,155.920,395.45,1.0772
426.007,155.181,863.02,1.2901
62.667,156.883,141.57,0.9681
103.858,157.478,35.88,0.2500
169.163,157.293,42.21,0.5296
171.743,156.999,113.92,0.4898
216.113,157.120,71.64,0.3900
282.048,157.084,319.29,1.2246
293.480,157.231,169.30,0.6847
408.739,157.179,689.12,1.0884
420.020,156.504,800.47,1.6000
423.920,156.182,710.83,1.1234
466.055,157.198,143.73,0.9333
66.163,158.004,266.47,0.6806
70.486,157.794,153.29,0.8341
107.965,157.514,207.28,0.6369
184.301,158.442,23.91,0.2500
227.163,158.124,142.26,0.7914
245.858,158.538,109.61,0.7288
289.499,157.766,95.33,0.4058
405.734,158.096,583.89,1.1952
428.487,158.175,148.04,0.2500
489.540,158.311,29.74,0.2500
30.481,158.548,67.29,0.2500
80.270,159.022,108.81,0.5173
84.116,158.930,86.31,0.5800
143.563,158.902,402.85,0.7227
187.136,158.783,77.76,0.6121
214.250,159.147,188.53,0.5822
257.662,159.274,933.71,0.9109
263.864,158.577,395.59,0.8966
348.709,159.650,268.93,0.8729
477.439,158.727,52.00,0.5125
3.669,160.107,115.10,0.7481
48.063,159.896,60.37,0.5734
151.353,159.588,60.71,0.2500
170.324,160.194,160.31,0.5605
278.715,160.185,84.56,0.6147
309.462,160.359,57.82,0.2500
332.839,159.536,453.15,1.4763
442.564,160.305,267.26,1.2016
463.115,160.513,122.10,0.5625
486.378,160.152,187.71,0.5701
16.446,160.800,32.12,0.2500
59.319,160.806,267.81,1.1484
132.405,160.555,37.14,0.2500
229.498,160.626,48.55,0.2500
235.508,160.505,425.56,0.8262
342.506,161.021,184.50,0.6407
373.944,160.873,974.14,1.2935
393.253,161.112,1248.48,1.5247
434.703,161.198,54.20,0.2500
79.447,161.930,42.95,0.2500
122.827,161.538,52.84,0.5930
143.677,161.925,150.17,0.5443
206.698,162.734,138.54,0.9641
210.653,161.771,80.30,0.5501
457.928,162.551,174.73,0.9210
507.569,162.478,86.01,0.7817
71.279,162.920,39.37,0.4899
98.261,163.137,112.38,0.6858
108.178,162.563,65.05,0.2876
147.942,162.593,426.24,0.8247
200.209,163.559,213.22,1.2605
244.183,162.651,45.54,0.3404
504.268,163.072,42.11,0.4994
114.410,164.322,458.68,1.5493
119.014,164.268,31.79,0.4508
174.595,164.509,44.02,0.3202
206.948,164.093,115.36,0.7352
250.470,163.950,187.64,1.0881
259.399,164.444,80.07,0.2881
476.141,164.182,13.50,0.4463
185.336,164.499,76.30,0.6007
465.075,164.837,111.17,0.4386
33.439,166.343,68.42,0.6943
102.665,166.428,71.84,0.4375
160.658,165.670,296.78,1.3112
210.444,166.649,170.05,1.0342
296.895,166.352,53.95,0.5377
299.246,166.206,67.78,0.6826
319.344,165.479,123.93,0.2917
340.006,166.279,61.20,0.3440
421.122,166.509,203.79,0.7923
495.946,165.747,150.80,1.3410
5.655,167.104,182.48,0.5125
38.490,166.669,95.59,0.2500
42.583,166.645,89.93,0.5845
136.395,166.152,234.20,0.9717
158.529,166.581,120.19,0.2500
223.409,166.989,37.77,0.6340
250.672,166.526,110.15,0.4711
253.557,167.505,161.31,0.8258
258.135,166.537,40.13,0.3612
260.382,166.690,93.64,0.4204
314.287,167.348,166.07,0.6891
325.388,166.806,96.15,0.2500
328.457,167.333,180.04,0.2500
419.080,166.843,143.89,0.5555
447.563,167.108,355.45,0.6814
47.252,168.569,135.92,0.8312
53.496,168.386,61.89,0.4091
60.319,167.930,245.43,0.6414
85.946,167.910,128.45,0.6556
99.348,168.264,958.85,0.8930
130.563,168.112,21.48,0.2500
179.332,168.315,43.03,0.2500
318.519,166.899,416.94,1.6000
343.275,168.178,304.03,0.8637
406.388,168.426,63.44,0.2500
462.268,167.755,230.28,0.8959
472.852,168.262,41.99,0.4858
478.872,168.433,120.03,0.5862
488.964,168.417,73.33,0.7987
78.472,169.280,101.25,0.6411
246.558,168.559,53.67,0.2500
300.562,169.023,29.97,0.2500
377.800,168.839,1093.33,1.4907
68.009,169.587,102.14,0.8508
168.290,169.777,54.43,0.2500
170.967,170.258,46.51,0.5853
224.848,169.595,36.66,0.3916
437.504,169.913,25.82,0.2500
177.011,170.773,128.54,0.5143
306.875,170.297,135.92,1.4017
409.895,170.450,83.51,0.7498
422.515,170.512,60.30,0.2500
426.780,170.789,39.29,0.5403
68.585,172.352,95.08,0.8465
134.724,172.803,140.30,1.1614
180.211,172.059,151.98,0.6059
203.410,172.296,62.85,0.7453
231.550,172.487,64.76,0.7961
237.511,172.202,54.86,0.3485
373.199,172.375,160.78,0.7364
389.258,172.220,155.79,0.5230
445.890,172.330,825.73,0.8569
508.001,172.001,61.92,0.5135
61.701,173.331,187.16,0.8448
66.709,172.676,119.67,0.5831
76.446,172.531,88.69,0.2500
84.386,172.506,123.67,0.2500
102.717,173.462,69.28,0.2500
120.349,173.344,177.36,1.1959
128.413,172.699,69.51,0.5489
160.379,173.499,44.43,0.4135
344.387,173.081,375.05,1.1516
401.556,173.104,91.08,0.5418
427.746,173.397,79.02,0.9344
473.050,173.456,139.53,0.6258
486.728,172.626,105.29,0.5611
69.490,174.437,90.40,0.2500
97.940,174.252,512.00,1.0081
134.026,174.657,275.23,1.1698
146.564,174.357,78.21,0.2500
176.487,174.098,105.82,0.5329
216.634,173.844,196.63,0.8115
242.904,173.564,291.43,1.1897
286.188,174.017,90.08,0.6293
367.288,173.695,659.36,1.3023
405.449,174.349,392.55,1.2778
484.417,174.262,124.12,0.5683
508.473,174.244,96.47,0.5928
110.336,174.885,290.06,0.6444
114.050,174.568,241.03,1.0718
256.318,175.026,124.70,0.5952
262.554,174.552,69.83,0.2500
329.658,174.898,135.90,0.7668
363.670,174.940,552.74,1.2383
501.153,174.806,81.69,0.4472
4.919,176.465,109.63,0.6849
19.082,176.897,63.22,1.1743
48.432,175.823,42.47,0.5322
180.469,176.127,217.80,0.5604
222.401,176.485,219.11,0.6852
227.506,176.381,37.51,0.2500
231.082,175.808,55.71,0.4240
237.484,175.661,101.83,0.4798
278.467,176.451,59.62,0.2500
386.283,176.329,34.52,0.2500
466.479,176.355,72.18,0.2500
489.345,175.776,76.62,0.7024
50.713,177.399,46.75,0.7244
142.583,177.021,39.76,0.3670
166.156,177.497,88.33,0.3536
343.369,176.705,562.24,1.5973
357.470,176.543,444.33,0.8254
423.843,176.896,78.08,0.6168
501.518,177.508,94.97,0.6193
237.488,177.722,49.96,0.2500
257.695,178.792,249.37,1.1703
296.042,177.744,177.39,1.1555
456.498,178.338,53.56,0.4353
459.938,179.063,124.43,1.4692
498.478,178.457,86.77,0.5298
76.471,178.752,120.15,0.3468
133.315,179.041,158.30,0.7875
147.745,179.466,583.79,0.8847
174.603,179.143,38.29,0.3356
197.484,178.638,36.86,0.2500
202.143,178.442,125.66,1.0801
204.177,178.706,93.82,0.8201
226.045,179.003,220.21,0.8696
263.180,178.753,101.84,0.5246
361.538,178.920,130.35,0.4265
405.101,179.079,263.64,1.3544
93.496,180.304,92.18,0.3504
101.158,180.591,61.53,0.8385
231.830,180.301,1514.64,1.0919
254.487,180.229,102.10,0.3442
387.071,180.499,16.90,0.2500
427.838,180.198,99.31,0.5362
443.535,180.063,110.47,0.2988
479.306,180.241,64.19,0.5012
17.489,181.272,47.59,0.5416
169.541,180.594,86.54,0.2500
215.971,180.902,74.00,0.5511
267.384,181.250,87.86,0.5904
450.538,180.972,26.17,0.2500
483.516,181.050,115.62,0.9445
494.603,181.317,932.44,0.8636
156.084,181.830,43.38,0.4955
258.009,181.242,199.43,1.3870
274.996,182.454,135.49,1.1141
304.379,181.668,70.15,0.2500
372.460,182.219,143.42,0.4688
377.537,182.116,131.65,0.4341
381.615,181.938,879.62,0.9666
404.385,181.829,82.67,0.8792
429.406,181.682,113.22,0.6103
441.645,182.137,125.84,0.4935
458.525,182.418,23.07,0.2500
21.522,183.046,50.96,0.4750
170.638,182.614,79.92,0.3553
204.124,182.668,242.39,0.7431
236.835,182.789,208.21,0.5843
413.506,183.086,56.38,0.4259
462.878,182.665,80.71,0.5874
500.443,182.570,72.78,0.2500
60.062,184.719,234.05,1.0546
68.759,183.740,184.51,0.7483
74.306,184.500,75.26,0.8370
102.503,183.725,69.26,0.6121
124.148,184.267,277.36,1.0934
141.544,184.326,28.13,0.2500
188.433,184.458,39.79,0.2500
264.468,183.868,64.54,0.2531
282.247,183.723,86.05,0.9443
40.476,184.273,192.16,1.1003
46.378,184.934,274.78,0.6616
118.300,185.187,399.61,0.7969
243.210,184.988,237.51,0.7952
446.872,184.691,101.45,0.5832
52.581,185.843,192.98,0.8452
57.265,186.383,58.73,0.4843
165.628,186.151,67.26,0.3702
213.832,186.101,102.48,0.5371
239.944,185.838,26.67,0.3457
268.107,185.502,124.06,0.7924
314.941,185.842,97.39,0.5357
340.051,185.586,124.78,0.8137
365.794,186.134,318.38,0.9821
471.790,186.475,316.07,0.7524
29.794,186.983,87.55,0.9064
69.917,186.527,103.11,0.5712
75.638,186.843,105.94,0.9980
110.591,187.015,32.36,0.5151
142.904,186.470,88.05,0.7078
196.686,186.562,46.03,0.2500
200.187,186.864,95.83,0.6697
250.834,186.515,105.49,0.4743
406.828,186.670,42.02,0.4088
500.443,186.557,66.66,0.2500
80.385,187.500,30.99,0.4449
101.511,188.293,74.96,0.5702
180.248,188.293,177.83,0.5290
255.187,187.899,17.64,0.2500
272.383,188.177,117.92,0.7334
430.521,188.225,176.51,0.5398
505.496,188.228,86.51,0.4629
59.521,189.332,68.06,0.7317
63.103,189.462,29.68,0.2500
159.635,189.065,699.77,0.9076
182.751,188.596,110.78,0.3770
224.058,189.056,49.86,0.4548
278.585,188.990,59.72,0.4388
315.165,188.202,607.99,1.6000
385.222,189.194,109.99,0.5242
436.766,189.242,331.36,0.7329
82.558,190.278,21.95,0.2500
154.885,189.804,895.65,0.8624
200.289,189.943,314.21,0.7225
228.208,190.331,176.59,0.5998
326.499,189.806,418.35,0.7476
362.570,189.838,118.53,0.5543
389.401,189.534,171.60,0.9241
406.935,189.931,82.70,0.4454
7.356,191.031,86.79,0.7021
50.446,190.992,436.91,0.6778
90.657,191.367,133.25,0.9431
171.767,190.870,142.06,0.5328
175.268,190.735,234.64,0.5291
244.799,190.763,101.14,0.5780
267.410,191.113,223.71,0.5796
310.288,190.736,167.16,0.5580
353.473,189.928,130.44,1.0956
454.440,190.567,86.56,0.3592
462.447,191.052,78.52,0.4422
23.550,192.371,23.21,0.2500
73.471,192.142,99.03,0.2762
76.522,192.149,102.37,0.4502
127.180,191.985,92.43,0.5944
132.137,192.061,188.90,0.7231
213.345,192.282,34.37,0.3293
255.103,191.534,44.12,0.4318
306.533,192.070,162.35,0.5110
496.319,192.259,33.62,0.5994
508.353,192.425,30.11,0.2500
58.560,192.647,65.14,0.2500
66.967,192.637,74.72,0.5273
102.392,192.624,57.25,0.2500
220.402,193.127,32.47,0.7007
264.088,192.799,124.09,0.5700
270.874,192.625,86.79,0.5374
277.867,192.778,108.53,0.5859
287.432,193.442,69.38,0.2500
294.566,193.100,59.00,0.4853
320.196,192.965,86.79,0.5348
324.373,192.789,72.77,0.5754
360.366,192.565,56.51,0.2500
371.159,192.708,167.50,0.6576
416.443,193.477,47.49,0.7800
42.264,194.389,60.79,0.5371
178.574,194.351,35.62,0.2500
222.437,194.001,49.80,0.9243
245.740,194.025,103.34,1.0512
310.232,194.108,118.76,0.7791
348.368,194.335,91.68,0.3466
440.977,194.187,40.55,0.5893
454.556,193.502,59.10,0.2500
476.628,193.574,627.59,0.8078
24.311,194.741,52.09,0.3726
345.506,195.363,37.92,0.2500
435.836,194.634,46.05,0.5722
110.550,196.187,17.73,0.2500
143.557,196.334,56.54,0.4142
168.565,196.244,286.12,0.4689
204.298,196.089,129.02,0.8264
237.621,196.409,40.57,0.6104
248.600,195.966,14.84,0.2500
257.298,196.017,312.03,1.1495
264.138,195.740,102.59,0.8412
369.923,196.091,300.18,0.6473
496.083,196.589,276.01,1.1792
16.692,197.499,40.29,0.2500
29.310,196.651,58.05,0.2500
121.615,196.723,265.31,0.7911
147.021,197.473,16.81,0.2500
222.078,196.972,131.21,0.9104
278.811,197.357,220.12,0.6751
315.913,196.569,117.89,0.5160
344.515,197.162,67.30,0.5852
388.215,196.819,77.34,0.4914
429.422,197.021,88.85,0.5234
494.309,196.608,172.80,0.6432
70.588,197.898,72.77,0.2500
102.797,197.638,132.21,0.5062
106.071,197.725,119.46,0.6086
160.533,198.148,201.27,0.6601
186.560,198.030,39.87,0.3496
232.448,198.214,43.71,0.2500
328.428,197.840,79.91,0.5685
347.489,197.612,140.59,0.4821
409.937,198.317,117.81,0.5857
459.240,197.199,77.42,0.8650
462.247,198.209,219.64,0.6073
480.851,198.359,168.03,0.5878
486.653,198.183,37.32,0.3246
88.543,198.705,45.90,0.6367
143.061,199.392,117.44,0.5749
153.833,199.385,230.94,0.8968
237.098,198.689,36.91,0.7098
249.371,198.960,18.90,0.2500
271.959,199.305,229.75,1.1507
337.185,199.123,138.13,0.5761
490.750,198.707,146.58,0.4920
59.174,200.311,75.68,0.8615
62.272,200.433,35.38,0.2500
165.836,200.147,90.25,0.4247
204.045,200.271,80.56,0.5467
217.257,200.461,182.38,0.5846
281.897,199.890,73.28,0.4186
311.476,200.211,75.67,0.5416
405.047,200.452,203.22,0.8603
18.680,201.136,202.07,0.6273
94.501,200.595,29.03,0.2500
292.944,200.742,81.43,0.5245
317.400,200.798,155.56,0.6959
390.608,201.226,68.69,0.4415
398.937,200.633,15.04,0.3622
421.498,201.413,86.95,0.3918
455.586,201.179,138.68,0.5404
505.497,201.242,52.64,0.2500
12.315,202.038,35.52,0.4988
78.436,201.797,46.92,0.2500
322.660,201.514,362.02,0.6998
337.529,201.856,53.52,0.3725
395.135,202.104,104.15,0.6543
486.176,202.021,76.58,0.4226
5.927,202.390,79.34,1.0620
211.508,202.886,167.29,0.6055
233.495,202.638,26.40,0.2500
241.795,202.583,39.57,0.2500
268.636,202.943,41.33,0.2940
317.538,202.825,56.68,0.2500
328.354,203.182,545.77,0.7650
402.071,202.988,137.22,0.9682
458.540,202.551,206.87,0.4963
111.497,204.199,73.06,0.3838
182.589,204.296,61.73,0.5088
284.012,204.375,30.53,0.5220
287.285,204.348,39.81,0.6262
382.715,204.101,33.30,0.5109
425.148,204.045,62.93,0.4736
495.911,203.681,114.79,0.6316
19.157,204.511,107.92,0.5988
115.328,204.745,16.78,0.2500
199.035,205.082,145.95,0.6063
234.827,205.478,66.63,0.6675
294.986,204.552,111.54,0.5250
360.435,205.216,86.02,0.5942
364.217,204.928,137.62,1.2233
409.859,205.086,61.14,0.6923
499.048,204.837,69.17,0.6116
107.123,205.947,75.08,0.5610
139.681,206.016,24.03,0.4507
160.224,206.077,84.80,0.3563
164.313,206.180,172.27,0.6070
206.630,205.786,68.92,0.4345
250.530,206.464,96.08,0.4996
347.476,205.986,80.29,0.4673
353.190,206.376,72.74,0.9901
38.627,207.424,88.72,0.6521
119.266,207.168,92.36,0.6648
188.547,206.660,130.45,0.3812
203.047,206.895,169.69,0.6728
337.888,207.688,176.70,1.2704
429.509,206.734,43.74,0.2500
437.482,207.473,62.61,0.6220
465.484,206.503,376.50,0.6928
483.812,207.920,571.31,1.5245
248.349,207.915,60.68,0.5760
332.628,208.480,96.11,0.8087
415.744,207.605,20.84,0.2500
419.298,207.581,198.19,0.7699
493.439,208.186,132.22,0.8226
12.540,208.932,111.94,1.1718
16.539,208.812,40.78,0.5252
62.479,209.148,74.01,0.7351
126.570,209.486,61.35,0.2500
218.582,208.770,55.54,0.2500
263.639,209.495,96.12,0.5127
340.400,208.783,66.11,0.4293
356.421,209.196,54.88,0.2500
488.826,208.700,439.75,0.8541
397.468,210.218,84.52,0.4141
462.560,209.669,68.62,0.2500
15.974,211.167,57.90,0.3950
504.075,211.294,608.93,0.8756
32.381,212.412,23.60,0.4074
181.284,212.238,128.19,0.7409
258.892,212.254,81.23,0.7092
74.599,213.369,131.71,1.0503
171.869,212.782,112.35,0.9633
266.951,213.226,354.38,0.6487
447.483,213.274,118.53,0.7762
452.930,212.493,281.81,0.7860
42.584,213.561,60.87,0.5294
133.496,214.088,155.12,0.5573
486.290,213.838,130.02,0.4948
494.563,213.962,52.45,0.3001
102.178,215.451,59.21,1.0693
226.665,215.112,65.26,0.7638
464.288,215.322,111.65,0.6464
23.763,215.805,77.69,0.4209
106.456,216.290,92.76,0.2904
303.239,215.631,600.17,0.7921
312.882,216.423,273.81,0.7251
461.463,216.106,70.52,0.4451
488.289,215.742,84.70,0.3898
492.229,216.061,90.52,0.7564
27.668,216.786,224.82,0.6117
489.531,217.680,22.97,0.2500
461.280,218.600,48.21,0.5915
507.865,218.843,98.72,0.8984
102.501,220.027,27.31,0.2500
166.573,220.145,54.54,0.2500
22.333,220.874,121.21,0.4387
262.320,221.088,93.43,0.3992
302.816,221.452,62.86,0.4397
28.609,222.296,190.14,0.5863
310.163,223.566,191.95,0.6978
474.553,223.615,170.42,0.9248
481.072,225.166,212.62,0.7996
305.511,226.619,83.16,0.5094
502.599,226.621,16.51,0.2500
19.403,227.957,187.84,0.7978
473.106,228.123,54.58,0.6025
459.537,228.749,50.57,0.2500
487.455,229.063,55.07,0.3707
4.850,230.050,168.58,1.0434
297.736,230.055,162.91,0.8027
344.194,230.155,107.35,0.4228
468.944,230.471,293.82,0.8290
483.479,229.773,58.73,0.2500
21.909,231.185,133.01,0.5181
29.689,230.464,296.86,1.0246
450.909,230.845,49.26,0.4107
464.351,230.981,64.83,0.4811
472.570,231.232,134.40,0.7544
34.548,232.097,217.51,0.3972
46.521,231.761,179.31,0.3811
312.118,231.431,240.46,0.9791
453.252,232.946,108.63,0.6802
459.191,233.273,157.23,0.6067
486.845,232.623,172.17,0.5314
502.665,233.070,111.06,0.4966
419.460,233.874,114.67,0.3418
472.211,233.701,56.46,0.3572
2.675,235.027,64.43,0.5022
45.578,235.469,80.79,0.2500
170.474,234.920,120.42,0.3187
462.686,235.146,78.58,0.4757
485.827,235.294,154.70,0.6105
496.318,234.640,52.98,0.3660
500.429,234.810,107.54,0.4712
503.524,235.456,159.43,0.6438
29.501,236.386,97.46,0.2700
299.576,236.377,58.67,0.2500
301.715,236.384,44.65,0.5700
9.321,237.444,130.11,0.5104
296.095,239.006,44.27,0.7309
301.784,238.699,90.22,0.5036
492.361,239.421,60.09,0.2500
2.740,239.975,144.88,0.8742
38.138,240.078,61.64,0.4518
486.995,240.119,114.00,1.0085
505.445,240.174,173.73,0.5870
33.949,240.741,69.74,0.3216
450.731,241.012,197.71,0.8332
473.653,240.641,279.99,0.6481
470.228,241.887,284.96,0.5232
38.564,243.933,46.02,0.4333
294.534,243.935,71.16,0.2500
3.479,245.357,62.71,0.2500
477.957,245.346,71.01,0.4457
466.788,246.258,160.66,0.7059
469.728,245.504,61.02,0.3421
485.480,245.881,146.54,0.7632
7.351,246.626,49.02,0.2500
22.126,246.744,87.49,0.5128
42.972,246.738,241.76,0.6712
503.488,246.734,129.60,0.4346
15.118,248.324,87.71,0.6019
31.504,247.955,52.05,0.2500
25.375,248.777,62.34,0.3923
177.491,249.086,85.42,0.3857
294.669,249.482,77.51,0.5269
490.629,248.878,55.81,0.2500
13.490,250.047,98.37,0.4914
17.925,249.725,203.23,0.6476
483.859,249.975,31.62,0.4451
494.692,249.681,53.22,0.3832
497.242,250.237,165.40,1.1315
24.456,250.680,43.01,0.2500
307.826,250.350,117.40,0.7963
363.877,250.647,59.01,0.4756
448.744,251.030,43.19,0.2500
466.179,251.185,189.58,1.0787
480.189,251.014,225.24,0.5677
487.482,250.699,153.00,0.4167
32.819,251.891,166.16,0.6981
491.172,251.676,102.64,0.8059
42.046,252.915,183.79,1.0115
18.921,253.936,124.00,0.4989
455.061,254.117,96.49,0.6146
477.406,253.897,221.12,0.6755
495.784,254.130,62.63,0.3585
15.578,255.003,88.62,0.3184
437.732,255.194,111.63,0.7235
20.888,256.537,322.42,1.1234
31.877,255.923,84.83,0.5217
42.203,255.815,56.29,0.3879
466.892,256.098,102.73,0.7033
496.007,256.004,57.56,0.4282
440.661,256.564,100.57,0.3801
474.818,256.984,99.40,0.4337
433.306,257.423,202.39,0.8975
506.292,257.550,104.54,0.5860
21.517,259.222,106.83,0.4767
4.603,260.472,131.14,0.2500
36.876,260.378,61.25,0.8228
48.615,260.055,73.51,0.3413
80.920,260.194,72.18,0.3197
474.597,259.600,71.14,0.2500
492.429,260.436,33.78,0.2500
505.205,260.322,99.12,0.7238
43.119,261.357,107.07,0.6746
417.465,261.252,202.99,0.8510
484.707,260.533,29.75,0.2500
25.510,261.616,61.95,0.2500
454.999,261.785,98.78,0.6743
16.402,262.610,39.79,0.2500
21.980,263.042,142.50,0.6814
36.892,262.652,40.64,0.6239
81.399,263.366,29.92,0.2500
333.062,262.489,75.04,0.5137
334.773,262.503,69.95,0.3818
438.580,263.395,58.86,0.2500
445.503,262.569,53.53,0.2500
7.099,263.510,324.99,0.6395
142.216,264.178,105.50,0.4093
418.331,264.466,110.29,0.8289
505.580,263.938,25.49,0.2500
449.492,264.635,32.63,0.2500
477.531,264.888,28.80,0.2500
26.010,266.086,198.59,0.5318
505.785,264.800,299.66,1.4695
9.306,266.638,33.95,0.2500
44.416,266.975,30.76,0.3068
482.608,266.849,47.60,0.3206
489.131,267.179,212.86,0.6477
336.178,268.340,17.67,0.2500
413.838,268.241,129.15,0.6532
436.950,268.072,49.76,0.5359
465.496,268.445,32.85,0.2900
469.511,268.215,60.67,0.5240
500.250,268.086,17.74,0.2500
34.691,269.137,46.39,0.3512
246.342,268.905,128.95,0.4667
451.141,269.308,37.66,0.3079
495.936,269.480,232.03,1.0226
136.442,269.611,58.55,0.2500
256.666,269.502,133.73,0.5098
342.034,270.311,129.05,0.8239
430.580,269.976,120.05,0.5326
454.602,269.939,170.69,0.6842
4.364,270.967,108.39,0.4864
33.450,271.292,25.13,0.4209
38.070,270.824,50.70,0.5315
144.276,271.339,186.90,0.6783
428.432,270.622,62.86,0.2500
438.546,270.659,48.70,0.2500
495.547,270.583,313.16,1.1175
22.496,272.463,42.72,0.2500
41.101,272.132,70.49,0.5331
80.380,272.158,27.39,0.2500
331.796,272.255,56.79,0.7286
359.965,272.393,63.02,0.5551
389.643,272.553,107.92,0.5263
411.125,271.904,84.50,0.5200
449.924,271.736,123.47,0.6893
485.974,271.651,502.22,0.7475
507.710,271.503,241.48,1.1121
322.567,273.106,34.79,0.2500
329.465,273.127,106.16,0.8591
406.499,273.259,119.40,0.4800
76.192,273.697,12.24,0.2500
82.794,273.739,29.18,0.4347
222.434,274.013,85.86,0.3451
269.491,273.546,68.87,0.5982
310.586,273.505,49.41,0.5207
35.672,275.103,59.01,0.5992
59.465,275.438,226.34,0.8254
106.487,274.879,34.20,0.3577
489.562,274.653,177.27,0.6763
4.965,276.159,89.37,0.8171
12.298,276.290,27.43,0.5460
96.259,275.597,66.38,0.8048
135.333,275.532,196.93,1.4092
179.981,276.245,276.54,0.6195
235.523,275.510,295.51,0.8175
239.125,275.606,42.77,0.2500
252.425,275.716,45.74,0.7626
276.005,275.851,17.44,0.4187
321.488,276.390,99.35,0.4401
343.955,276.506,143.23,0.6543
386.512,275.769,107.89,0.4942
393.790,275.795,458.86,0.9234
426.879,276.048,51.44,0.5006
459.045,276.415,23.92,0.3114
27.621,276.780,67.25,0.5994
122.300,277.159,282.16,0.6899
174.917,277.215,91.58,0.9070
201.123,276.846,90.16,0.7158
207.698,277.253,90.67,0.8391
217.355,277.299,326.30,0.5805
299.360,277.252,97.60,0.5481
315.040,277.304,14.78,0.2500
338.091,277.455,103.66,0.5348
404.723,276.772,158.78,0.6911
409.674,277.421,520.31,0.7929
436.400,277.065,45.79,0.3690
464.374,277.389,42.93,0.2500
45.374,278.058,68.19,0.4885
77.472,278.342,31.74,0.5709
86.272,277.578,71.24,0.4861
128.285,278.530,44.67,0.7697
154.733,278.062,74.90,0.4174
161.446,277.773,78.57,0.8101
280.051,278.191,212.50,0.5713
309.293,277.504,45.63,0.2500
312.005,277.657,43.78,0.4515
349.993,278.024,375.01,0.8088
371.212,277.567,60.63,0.6707
422.713,277.492,525.80,0.7834
431.349,278.092,49.50,0.2500
64.349,278.783,150.10,0.5949
108.413,278.571,20.39,0.2500
168.858,278.562,159.29,0.6873
185.525,278.616,86.37,0.2500
284.366,278.867,239.73,0.5249
324.997,279.206,69.74,0.4968
359.200,278.743,42.57,0.4893
364.868,279.446,257.75,0.6982
82.102,280.370,32.44,0.4745
130.604,280.377,31.81,0.6233
258.685,280.439,26.19,0.6289
373.365,280.011,53.71,0.5583
434.198,280.364,35.76,0.3700
60.892,281.105,77.74,0.4763
245.140,281.496,129.02,0.5863
250.822,280.388,232.68,1.2691
370.829,281.294,85.22,1.0309
384.519,281.211,378.69,0.7152
445.486,281.482,46.08,0.5159
455.671,280.671,614.51,0.9248
20.640,281.523,48.23,0.2500
146.322,281.705,358.34,0.7123
183.715,281.908,508.56,0.9040
254.616,282.011,27.78,0.4314
357.506,282.314,220.75,0.6169
484.430,281.723,36.93,0.2500
26.754,282.863,28.94,0.4357
43.564,282.934,130.10,0.5788
61.008,282.765,99.76,0.4903
86.560,282.539,35.68,0.2500
201.374,282.835,70.26,0.2500
204.536,282.781,70.59,0.5414
207.997,282.815,63.05,0.5990
234.808,282.496,146.39,0.4628
309.477,282.666,45.85,0.6075
478.641,282.726,31.74,0.5072
489.513,283.183,76.34,0.5256
117.558,284.271,88.56,0.2500
273.061,284.037,222.56,0.6546
298.694,284.576,60.20,0.9199
327.366,283.894,90.92,0.4832
372.433,284.487,57.19,0.2500
426.561,284.047,27.87,0.2500
452.186,283.700,66.37,0.4779
472.325,283.984,22.95,0.4529
495.787,283.640,182.97,0.8269
17.129,285.014,115.57,1.2388
81.597,285.172,43.56,0.6161
174.098,285.423,90.65,0.5807
244.036,285.113,122.06,0.5394
348.281,285.406,72.25,0.3097
377.498,285.487,45.99,0.5701
386.575,285.135,42.42,0.3348
100.379,285.716,37.49,0.2500
105.501,285.714,33.89,0.2500
138.963,286.024,48.73,0.7765
248.315,285.784,130.94,0.4236
338.166,285.842,157.68,0.5936
350.740,285.734,23.52,0.2500
475.994,286.078,109.75,1.1352
53.477,287.263,102.18,0.5291
57.647,287.410,605.47,0.7912
110.511,287.285,92.74,0.2500
118.019,286.560,112.48,0.6574
126.986,286.958,114.19,0.7343
164.372,286.803,110.07,0.5430
186.886,287.265,238.16,0.5984
309.428,287.013,279.26,0.5630
326.408,287.047,65.49,0.2500
396.426,287.418,88.39,0.2500
490.820,286.344,182.47,1.2229
29.917,287.610,141.20,0.6833
196.311,288.479,38.82,0.6196
215.351,288.200,40.46,0.4531
241.838,288.010,137.59,0.9030
253.206,288.433,29.11,0.2500
255.465,288.495,69.90,0.2500
264.445,287.942,84.44,0.4675
294.573,287.864,51.28,0.5110
316.099,288.448,25.83,0.2500
320.520,288.822,119.12,1.0468
417.483,288.362,67.67,0.5809
426.577,287.740,75.99,0.4474
431.411,288.341,69.70,0.2500
49.596,289.369,112.46,0.2500
210.310,289.453,29.49,0.2500
269.981,288.702,51.58,0.3766
302.811,288.850,517.30,1.0419
336.354,289.544,42.35,0.6932
342.425,289.332,148.54,0.6855
348.003,289.358,179.30,0.7713
62.966,290.301,241.69,0.5612
117.462,290.631,141.37,1.0106
182.947,290.360,334.70,0.7259
202.827,289.773,101.31,0.5768
216.421,289.657,21.65,0.2500
359.043,290.482,245.94,0.6823
364.411,289.626,52.95,0.2500
478.668,290.425,46.81,0.2500
9.692,290.566,64.24,0.7014
53.473,291.144,28.79,0.2500
128.983,291.009,88.92,0.6759
152.848,290.701,68.52,0.4875
156.459,290.589,37.32,0.2500
168.077,290.663,61.09,0.6773
240.219,290.717,33.14,0.3478
296.491,291.406,53.10,0.2500
319.736,290.560,88.91,0.6849
421.497,290.551,38.55,0.2500
453.379,290.974,381.94,0.7285
493.977,290.805,258.15,0.7088
500.459,291.393,116.51,0.2500
58.565,291.740,392.99,0.8676
107.022,292.456,109.22,1.0988
233.492,292.117,122.97,1.0737
234.614,291.795,92.71,0.7231
285.616,291.030,101.63,1.0622
36.032,293.488,310.13,0.6596
82.877,292.915,193.39,0.6457
87.398,292.902,36.10,0.3538
146.998,293.188,198.27,0.6170
164.561,293.499,97.13,0.2500
226.329,293.252,43.82,0.7346
258.148,293.294,179.01,0.6060
353.233,293.280,232.50,0.5887
357.990,293.267,498.95,0.7780
390.522,293.068,122.22,0.4119
40.443,294.344,44.34,0.2500
190.827,294.039,115.12,0.6067
201.756,294.395,169.23,0.6157
296.469,293.568,90.08,0.5041
300.749,294.210,79.62,0.6940
375.895,294.195,257.85,0.6758
453.254,294.334,133.00,0.5313
469.508,294.225,241.88,0.7349
19.522,294.728,44.96,0.6666
67.308,295.027,93.05,0.5081
97.325,294.538,33.39,0.2500
136.509,294.623,108.55,0.2500
212.299,295.805,94.50,1.1684
222.797,295.454,122.15,0.6136
283.650,295.539,273.30,1.1794
309.066,294.470,110.03,0.8898
340.398,295.159,63.42,0.8076
364.236,295.377,87.69,0.5631
384.750,294.638,62.85,0.5694
3.577,296.154,124.35,0.4417
57.540,295.672,139.40,0.9590
229.117,296.360,75.91,0.6126
232.077,295.789,80.51,0.8427
269.514,296.240,95.12,0.6669
278.750,296.667,119.14,0.8705
329.287,296.271,159.02,0.7424
406.886,296.941,120.10,1.3825
423.995,296.271,85.28,0.7949
430.266,295.667,198.64,1.2444
442.903,296.241,125.94,0.6783
495.625,296.209,14.42,0.2500
498.890,295.741,12.61,0.2500
506.643,295.768,60.44,0.4507
81.503,297.215,56.92,0.2500
114.502,297.309,40.82,0.2500
129.737,296.573,116.93,0.6337
150.458,297.249,84.38,0.3477
172.446,296.858,45.14,0.5053
210.698,296.984,69.30,1.0440
281.896,297.479,94.86,0.4429
336.434,297.398,37.50,0.2500
143.943,297.592,106.21,0.7317
159.324,298.210,219.51,0.7767
195.767,298.279,160.50,0.6847
295.344,297.521,101.98,0.7813
312.411,298.196,31.34,0.4020
361.224,297.568,163.86,0.5608
385.466,298.213,111.92,0.6415
418.962,297.778,37.46,0.4749
18.597,299.281,27.93,0.5146
38.126,298.818,119.56,0.5261
72.659,298.414,139.49,0.6044
133.429,298.829,141.30,0.7926
447.234,299.344,328.17,1.1478
497.505,298.834,26.96,0.3119
92.592,300.489,297.00,0.6617
156.493,300.333,20.74,0.2500
235.973,300.055,156.33,0.6717
239.272,300.169,97.06,0.4094
291.758,300.426,3.80,0.2500
12.425,301.384,32.94,0.2500
64.523,300.998,184.65,0.7759
99.897,301.079,127.68,0.5863
128.434,301.499,67.62,0.2500
201.437,300.659,189.92,0.5844
304.098,300.922,41.66,0.8680
331.390,300.965,323.08,0.6410
377.234,301.498,180.39,0.5997
391.430,301.361,79.49,0.5682
441.939,301.471,214.27,0.7833
143.766,302.472,217.47,1.0857
271.085,301.102,336.71,1.2338
406.403,302.093,135.00,0.6718
431.899,302.519,71.23,0.5699
477.493,302.237,43.23,0.2500
489.493,302.066,137.94,0.5141
45.499,302.557,56.19,0.2500
69.068,303.125,505.65,0.8186
114.508,302.542,71.00,0.2500
122.895,303.221,14.10,0.2500
146.746,303.199,82.37,0.6272
191.703,303.483,20.01,0.2500
195.104,302.831,138.66,0.5435
208.208,302.693,29.64,0.5753
227.181,302.927,138.10,0.5870
231.730,302.877,27.58,0.3824
279.386,303.333,197.68,0.7569
308.023,302.846,104.35,0.8536
399.289,303.198,77.78,0.5095
492.702,302.533,162.77,0.5850
10.679,304.341,32.96,0.4595
111.087,303.387,280.38,0.9968
170.560,304.352,39.57,0.2500
214.776,304.980,158.81,1.2445
341.359,304.429,23.35,0.2500
384.432,303.732,25.39,0.2500
439.823,304.307,82.64,0.4775
465.501,304.438,75.89,0.2500
104.014,304.571,163.76,1.0410
128.286,305.027,66.70,0.5086
222.536,304.606,74.55,0.5068
256.349,305.038,79.86,0.6472
294.344,304.929,124.21,0.5606
303.647,305.103,50.31,0.5923
362.829,305.109,107.06,0.9004
461.504,304.646,45.38,0.2500
20.248,305.613,102.46,0.9146
174.082,305.711,61.30,0.8252
251.189,305.713,59.79,0.4453
262.408,305.310,177.69,1.2636
300.441,305.773,23.40,0.2500
384.434,306.233,36.00,0.2500
405.024,305.982,57.16,0.6534
36.804,306.573,174.71,0.7062
84.427,306.625,31.76,0.2500
132.324,306.280,143.59,1.1536
178.776,307.100,67.04,0.8623
212.701,306.500,73.66,0.9254
246.547,306.563,51.82,0.2500
291.369,307.138,335.61,1.1209
309.189,306.564,51.79,0.5486
341.670,307.437,317.76,0.7077
370.534,307.240,81.02,0.4769
474.994,306.798,23.53,0.6366
7.879,308.208,56.46,0.4982
75.975,308.000,372.11,0.7923
322.455,308.409,54.52,0.2500
390.398,307.792,141.91,0.7081
499.054,308.326,48.00,0.5517
506.987,308.372,45.60,0.4650
22.484,309.315,81.22,0.6667
88.505,309.177,156.03,1.0233
191.516,309.327,156.45,0.6875
268.595,308.924,115.65,0.6216
318.569,308.663,40.92,0.2500
352.187,308.593,81.07,0.4686
356.229,308.726,339.21,0.7282
425.600,309.130,158.47,0.8764
456.894,308.588,64.76,0.4042
36.987,310.312,198.93,0.7661
140.400,309.778,50.56,0.3779
219.865,310.042,70.21,0.8499
258.555,310.314,41.19,0.2500
286.370,309.699,334.44,0.6524
336.042,309.876,101.35,0.4769
365.831,310.134,88.23,0.7146
415.799,309.698,40.73,0.2500
435.848,310.340,104.00,0.6320
478.606,309.552,117.00,0.4791
486.822,310.117,347.04,1.1659
3.968,311.138,55.41,0.8073
14.527,310.961,60.37,0.6052
56.629,311.087,362.10,0.9152
114.666,310.946,16.60,0.2500
132.387,310.880,64.75,0.6038
180.440,310.588,70.99,0.6878
215.550,310.753,101.61,0.4978
227.349,310.660,113.64,0.5361
343.557,310.750,53.66,0.2500
380.489,311.358,40.02,0.2500
427.150,310.886,68.25,0.3949
431.980,310.848,101.02,0.5797
453.049,311.206,183.10,0.6155
29.597,312.365,82.35,0.2500
174.656,312.414,36.11,0.5208
196.297,312.302,11.21,0.2500
203.229,312.435,47.51,0.5189
244.168,312.497,370.18,0.8048
306.047,312.461,110.25,0.8243
311.932,311.595,142.31,0.7435
348.410,311.866,115.62,0.6120
441.604,311.791,380.54,0.7584
447.533,311.804,96.54,0.4599
506.494,312.452,44.67,0.2500
49.472,312.933,94.15,0.4084
121.776,313.261,231.94,0.5574
128.645,312.850,186.38,1.3679
138.134,313.200,118.57,0.5057
149.512,312.764,44.79,0.2500
161.991,313.261,87.14,0.5442
186.468,313.078,193.62,0.4345
255.711,313.183,69.37,0.6429
259.657,312.720,109.73,0.6283
275.840,312.568,131.33,0.5897
374.562,312.675,67.18,0.2500
108.410,314.097,67.50,0.3916
117.497,313.731,67.21,0.2500
145.500,313.398,186.73,1.4230
230.821,314.447,844.03,0.9449
328.914,313.802,77.06,0.5017
338.597,313.777,65.19,0.5714
354.848,314.159,158.30,0.9831
422.329,314.088,94.72,0.4038
432.092,313.560,88.36,0.6060
455.569,313.746,140.04,0.9771
471.916,313.854,89.38,0.6000
479.962,313.639,115.47,1.2511
170.716,315.435,26.01,0.6661
320.352,315.208,37.61,0.2500
324.554,314.662,296.37,0.7531
350.908,314.651,74.25,0.4676
412.634,315.204,147.21,0.9314
486.548,314.628,78.72,0.2506
3.795,315.887,155.08,0.6408
33.546,315.824,159.47,0.5166
129.604,316.426,45.02,0.2500
159.476,316.410,49.27,0.2500
372.403,316.246,201.78,0.5976
399.471,316.103,246.32,0.9821
7.596,317.203,96.23,0.7268
15.391,317.240,38.50,0.2500
88.400,317.486,238.22,0.5113
134.659,316.677,63.01,0.2500
138.670,316.993,228.20,0.6009
165.502,316.853,56.33,0.4218
200.120,317.396,76.97,0.5496
203.213,317.406,66.24,0.6079
209.736,317.045,45.36,0.3146
409.512,316.687,109.76,0.5365
415.781,317.221,50.72,0.4999
445.844,317.172,73.06,0.6222
460.627,317.086,99.50,0.5750
29.654,317.792,110.10,0.7115
93.453,317.910,78.38,0.4015
122.568,317.521,165.37,0.7072
144.380,317.853,110.15,0.8008
194.102,317.954,113.19,1.0018
220.979,317.531,36.31,0.2500
268.940,317.845,77.73,0.5079
272.026,318.027,277.23,0.7417
276.436,317.502,64.99,0.2500
349.367,318.293,246.73,0.8229
438.445,318.007,162.01,0.8855
451.824,316.800,139.94,1.3298
470.799,318.340,103.78,0.5960
488.435,317.913,55.08,0.2500
493.506,318.096,37.50,0.5250
117.894,319.955,279.15,1.1933
192.378,319.086,45.52,0.5355
237.511,318.734,62.78,0.3763
245.526,318.402,40.91,0.7396
257.312,318.939,225.03,0.7029
3.210,320.411,474.53,0.8523
178.582,319.859,60.22,0.3509
253.131,320.178,71.39,0.4792
404.145,320.276,26.94,0.4237
96.831,321.460,314.81,1.3818
126.531,320.673,58.43,0.2500
316.580,321.500,64.35,0.2500
330.874,321.424,81.81,0.6832
362.045,321.358,69.47,0.5921
406.658,320.593,33.08,0.2500
422.976,321.468,107.73,0.6778
433.266,320.930,116.33,0.6134
461.277,320.978,120.23,0.9059
468.085,320.810,217.75,0.7656
488.357,321.499,57.43,0.4169
498.667,321.467,35.05,0.4457
28.454,322.011,60.31,0.2862
220.015,322.201,57.22,0.6027
232.274,321.530,50.67,0.4580
350.673,322.308,42.09,0.2500
389.569,322.061,74.62,0.4510
472.167,321.948,198.54,0.5473
87.319,323.146,429.16,1.3461
98.936,322.613,197.49,0.7043
117.070,322.020,298.01,1.2686
157.107,322.615,76.83,0.5845
177.535,322.911,44.95,0.4463
203.262,322.814,96.17,0.6668
288.443,322.543,33.07,0.2500
345.865,323.214,557.77,0.9785
404.418,323.400,66.17,0.2500
427.597,322.641,69.96,0.2500
493.544,322.613,91.68,1.0086
5.919,324.353,83.17,0.5624
77.578,324.223,191.07,0.6135
108.808,324.313,34.90,0.2500
144.529,324.312,34.62,0.2500
216.390,323.863,32.13,0.4219
372.033,323.979,160.11,0.9581
454.658,324.452,46.59,0.2500
485.489,324.047,26.06,0.4135
2.570,324.491,135.81,0.7211
12.617,324.925,47.83,0.5950
141.500,325.494,79.29,0.4129
172.085,324.685,165.48,0.9731
191.953,324.530,160.05,0.7888
228.197,324.661,122.88,0.4477
244.436,325.496,42.37,0.2500
332.081,324.571,215.21,0.5855
337.576,324.993,435.41,1.1489
396.535,324.890,145.18,0.4144
423.468,324.894,121.96,0.4382
433.611,324.494,247.21,0.7561
440.938,324.580,250.17,0.8135
476.291,324.860,212.37,0.5194
480.855,324.591,494.47,0.7998
33.108,325.652,112.25,0.5843
95.321,325.985,57.54,0.2719
133.460,325.559,175.57,0.5497
168.515,325.843,51.26,0.2744
183.233,326.335,121.80,0.6036
203.707,325.618,136.18,0.7424
255.994,325.498,185.09,0.6111
260.272,325.812,276.22,0.6805
292.438,325.899,50.80,0.7788
126.067,326.876,79.00,0.5670
162.836,326.929,104.42,0.8574
187.282,326.779,74.36,0.4652
307.884,326.713,74.79,0.8095
389.401,326.860,163.89,0.7193
416.298,327.353,64.91,0.4467
472.189,326.993,16.48,0.2680
15.262,327.677,70.65,0.5594
38.238,327.848,224.79,0.9323
75.668,327.949,420.44,1.1278
108.098,328.148,63.39,0.5526
195.787,328.071,451.89,0.8739
264.439,328.094,98.57,0.2500
294.924,328.075,137.26,0.6443
298.184,328.503,62.41,0.4968
318.849,328.468,15.91,0.6366
357.632,328.452,36.51,0.2500
485.544,327.986,146.90,0.8892
498.569,328.209,29.17,0.3142
77.909,329.200,305.54,0.9082
149.513,328.573,98.31,0.4356
228.966,329.500,62.86,0.3781
236.439,329.486,36.79,0.2500
303.380,329.264,262.28,1.1795
334.538,328.896,153.43,1.0535
376.386,328.936,37.81,0.5137
385.191,329.406,291.72,1.4592
394.416,329.260,77.20,0.4670
436.920,328.566,166.15,0.6319
508.227,329.390,35.94,0.6410
46.991,329.516,227.23,1.0945
80.981,330.276,329.74,0.8367
135.830,329.698,114.68,0.5810
173.596,329.530,95.20,1.1154
306.818,330.367,43.92,0.4953
419.724,329.429,117.45,0.8790
479.340,329.957,540.32,0.8730
232.177,331.194,81.78,0.5519
406.465,330.475,229.92,0.6254
442.557,330.687,79.40,0.3833
4.290,332.316,36.37,0.5521
15.564,331.885,486.54,0.8137
41.534,331.977,77.78,0.5001
143.892,331.730,536.28,1.0103
194.577,332.134,50.71,0.4841
201.835,332.004,273.66,0.7478
211.965,332.025,125.78,0.7008
236.551,332.009,33.53,0.3392
356.594,331.668,375.43,0.7830
453.814,332.124,249.43,0.6593
504.457,331.668,24.69,0.2500
8.365,333.259,38.49,0.5507
150.717,333.174,196.04,1.0015
215.947,333.044,99.04,0.6109
234.475,333.214,89.17,0.4107
241.504,332.637,48.21,0.2500
260.174,333.350,195.82,0.5530
274.333,332.543,66.42,0.4339
278.705,332.627,126.79,0.5618
296.073,333.472,411.07,0.7117
442.142,333.040,107.83,0.6140
473.078,332.526,154.49,0.7279
498.855,333.207,119.55,0.5754
10.851,334.492,66.83,0.4828
100.140,334.408,64.37,0.5173
115.601,334.149,267.16,0.6830
125.479,333.862,50.25,0.2500
132.405,333.757,417.24,0.8971
174.577,334.131,65.14,0.9679
257.046,334.316,273.91,0.9733
341.960,334.475,90.27,0.4845
423.581,333.729,277.93,1.0832
449.474,333.847,77.02,0.5661
460.071,333.804,247.17,0.6217
506.572,334.086,25.40,0.4140
138.052,334.872,134.08,0.7347
186.763,335.061,162.89,0.7102
302.581,334.555,147.39,0.4575
338.011,335.109,107.87,0.4733
406.705,334.694,452.12,0.8943
41.024,336.274,229.10,0.5993
80.579,336.367,68.67,0.2500
182.269,336.218,36.53,0.4699
231.391,336.470,109.19,0.6697
247.576,335.845,180.48,1.2070
292.439,335.698,56.59,0.5628
366.642,335.846,275.82,1.1955
478.552,336.268,88.01,0.6321
77.515,336.721,52.88,0.2500
142.275,337.337,85.83,0.6725
167.465,337.123,303.43,0.6691
205.699,336.742,123.45,0.6162
240.931,337.494,54.45,0.4482
251.297,336.515,85.19,0.9851
276.499,336.900,119.24,0.5283
371.369,337.016,634.76,1.0777
443.493,337.176,136.62,0.9754
490.541,336.668,118.43,1.1120
500.161,336.925,82.34,0.6304
83.741,338.194,80.54,0.5356
180.993,338.380,68.05,0.7243
266.692,337.925,100.62,0.5647
328.925,337.810,396.88,0.7341
412.431,337.780,354.76,1.0386
447.233,337.903,16.31,0.2500
460.187,337.965,186.70,0.5514
503.423,338.180,441.62,0.9137
19.663,339.161,429.13,1.1961
51.419,339.269,130.05,1.0205
70.244,338.983,73.49,0.4428
98.712,339.217,111.31,0.4487
103.377,339.150,833.93,0.9709
175.974,339.099,60.35,1.0497
215.276,338.591,473.87,0.9051
281.728,338.734,72.64,0.3996
294.537,338.860,25.26,0.2500
388.193,339.349,230.18,0.7824
442.679,338.606,60.69,0.4344
15.400,340.441,373.78,1.2177
150.654,339.503,158.84,0.5895
172.839,340.115,48.72,0.4811
226.843,339.294,194.02,1.3756
284.882,339.842,72.19,0.5565
290.873,340.442,27.09,0.2500
349.258,339.857,165.95,0.6198
431.857,340.261,9.75,0.2500
435.498,340.061,60.26,0.2500
446.458,340.469,46.86,0.2500
471.381,339.710,826.69,0.9507
160.809,340.511,240.96,0.6891
168.006,341.152,385.49,0.6936
209.489,340.842,77.65,0.4347
245.503,341.493,105.41,0.7107
364.779,340.749,94.87,0.4107
39.800,342.061,190.82,0.5762
121.740,342.352,95.43,0.5251
137.182,342.402,54.57,0.4873
189.807,341.551,151.98,0.6342
238.321,342.165,114.31,0.8297
310.018,342.173,205.92,0.7892
319.101,341.772,450.83,1.0416
382.284,342.241,725.57,1.3536
388.395,341.913,113.02,0.5161
394.580,341.615,157.67,1.0023
12.751,342.229,658.81,1.6000
90.344,343.064,443.22,0.7507
100.997,343.034,55.68,0.6068
149.857,342.654,131.00,0.6645
201.426,343.472,96.98,0.7855
287.258,342.693,86.27,0.4939
315.510,342.578,331.51,0.8488
330.576,342.777,43.10,0.2500
349.951,342.843,131.16,0.6071
379.762,342.919,609.46,1.1272
404.800,342.759,140.51,0.5697
438.669,342.897,216.26,0.5597
444.944,342.672,35.85,0.6401
504.226,342.813,80.26,0.4469
33.344,344.108,46.04,0.5309
77.739,344.056,88.74,0.4648
109.552,343.920,67.42,0.6820
144.653,343.893,40.07,0.2500
180.436,344.435,37.02,0.2500
192.267,343.570,99.77,0.4430
376.743,344.268,822.79,1.3185
420.388,343.879,13.75,0.2500
131.929,345.323,282.69,0.6407
185.600,345.168,137.31,0.5905
207.017,344.523,106.79,0.6212
349.709,344.734,150.32,0.6443
357.839,345.004,109.69,0.6881
425.292,345.424,259.36,0.7726
462.588,345.117,313.70,0.6710
20.153,345.921,204.41,0.5639
32.286,346.082,76.97,0.4745
136.901,345.867,137.55,0.6802
166.709,345.545,85.79,0.6957
171.933,345.623,407.77,0.7419
194.604,345.718,35.76,0.3607
231.081,345.634,16.81,0.3674
245.920,345.826,106.32,0.9311
293.494,345.554,65.25,0.4010
408.678,345.846,67.29,0.8874
448.432,345.502,45.90,0.2500
479.287,346.407,156.40,0.6149
77.230,346.907,107.46,0.4746
88.581,346.647,103.52,0.6359
108.407,346.469,49.28,0.3626
121.749,346.552,174.17,0.5632
228.123,346.696,54.46,0.3553
261.502,346.791,54.70,0.2784
317.919,347.135,1379.40,1.1155
372.702,346.323,855.58,1.1675
488.889,346.519,32.21,0.4903
72.411,347.894,719.01,0.8845
129.129,348.150,108.13,0.6615
154.379,347.993,43.18,0.3125
178.554,348.787,127.78,1.1134
183.263,348.191,37.29,0.4363
207.067,348.048,108.76,0.8247
246.828,347.686,42.73,0.4479
347.367,348.333,111.64,0.5903
432.190,348.467,124.98,0.5449
16.619,348.816,196.49,0.4894
19.725,349.112,166.57,0.5619
62.325,349.464,114.86,0.5210
158.996,348.984,35.36,0.4690
244.262,349.240,101.93,0.5422
330.857,348.554,98.81,0.4087
400.151,348.697,28.81,0.3800
442.615,348.518,52.38,0.5345
476.303,349.499,39.25,0.4387
480.937,348.663,68.26,0.4054
48.887,350.201,151.85,1.0745
83.845,350.314,94.51,0.5043
134.845,350.057,103.57,0.4330
295.244,350.322,1341.51,1.1241
363.330,350.327,546.62,0.8288
426.123,349.502,101.67,0.5114
438.723,350.039,53.27,0.8332
23.914,351.134,127.19,0.6291
34.354,350.913,102.39,0.6172
139.719,350.681,78.62,0.6304
202.260,351.486,460.97,0.9198
264.971,350.720,57.07,0.4045
304.362,350.637,101.60,0.4670
311.232,350.719,213.70,1.0107
486.533,350.942,138.07,0.7205
65.612,351.857,332.24,1.0030
116.076,351.942,29.78,0.3929
119.234,351.970,101.56,0.6508
123.223,352.152,61.58,0.6341
172.951,352.598,41.87,0.8393
244.061,352.128,84.47,0.5502
274.073,352.339,78.03,0.8067
281.527,352.331,86.96,0.6440
352.334,352.194,126.23,0.7102
386.031,352.236,76.86,0.6477
389.626,351.987,50.91,0.5483
398.935,352.298,11.75,0.2500
415.129,352.252,33.73,0.5788
422.100,352.457,122.58,0.5778
447.128,351.777,136.41,0.5649
455.874,352.249,147.46,0.5778
484.492,352.018,94.73,0.6663
147.965,353.243,475.87,0.8599
206.335,352.933,213.33,0.6894
210.818,352.928,192.68,0.6433
240.385,353.227,42.82,0.3342
246.664,353.479,19.06,0.2598
255.946,352.623,211.55,0.7851
260.353,352.679,92.38,0.4947
341.638,353.316,173.20,0.7117
440.342,352.996,14.01,0.2500
469.037,353.488,81.63,0.5691
473.443,353.083,43.82,0.6459
498.225,352.952,68.83,0.6362
12.087,353.559,90.14,0.5238
443.540,354.465,97.75,0.4500
309.494,354.606,59.47,0.2500
356.124,354.715,759.11,1.1269
385.449,354.723,82.20,0.4516
396.136,355.292,79.93,0.8127
417.508,354.759,74.83,0.8374
439.779,355.489,24.35,0.2500
503.756,354.782,157.38,0.5929
506.906,354.594,35.28,0.3727
20.904,356.446,250.23,0.5513
70.856,356.424,31.99,0.2500
93.190,356.452,382.50,0.7180
99.713,356.308,313.99,0.6875
152.186,356.422,20.44,0.2861
159.820,355.658,127.77,0.6496
180.399,356.396,31.58,0.2500
210.361,355.692,187.77,0.5375
227.969,356.067,55.63,0.5024
230.964,356.459,14.01,0.2500
380.292,356.429,445.16,0.7548
413.499,355.893,36.24,0.3101
428.742,355.734,85.07,0.9352
436.047,356.454,26.70,0.3292
451.287,355.482,213.04,0.7803
47.634,357.352,224.03,0.6155
108.441,357.497,73.24,0.5245
121.661,356.572,68.05,0.2500
137.507,356.573,42.74,0.2500
143.222,356.998,82.54,0.5319
213.343,356.498,114.62,0.6708
234.762,357.423,52.89,0.8633
261.476,356.642,64.20,0.2500
277.559,356.967,160.00,0.6682
457.102,356.775,95.54,0.4136
493.488,356.707,86.51,0.4827
34.656,357.692,964.88,0.9437
56.297,358.313,4.61,0.2500
59.020,358.332,91.35,0.5121
156.232,358.382,196.66,0.9830
312.049,357.741,71.77,0.4342
7.044,359.406,485.15,0.7626
15.160,359.075,73.50,0.6154
26.937,358.249,312.63,1.1710
68.767,359.004,131.99,1.1529
77.746,359.165,85.06,0.7667
218.032,358.717,83.67,0.6869
254.124,358.693,410.49,0.7596
316.522,359.092,194.03,0.6025
413.502,359.083,33.81,0.2500
430.952,359.211,31.24,0.4367
486.000,358.674,269.14,0.8715
98.342,359.792,139.94,0.7211
112.200,360.362,27.12,0.4319
126.203,360.022,128.49,0.5275
175.061,359.651,68.47,0.5358
234.960,360.274,28.08,0.5108
283.183,359.929,135.43,0.6159
289.055,360.121,122.87,0.5324
304.278,360.580,97.18,1.0469
362.874,360.520,725.40,1.3481
378.336,360.425,57.23,0.3458
398.244,360.156,112.01,0.5759
462.639,360.321,44.50,0.7223
501.005,359.587,254.41,0.9583
44.132,360.900,130.47,0.5609
106.541,361.146,22.93,0.2500
136.955,361.059,175.96,0.9957
190.462,360.686,34.33,0.3328
207.778,361.500,74.36,0.5146
275.705,361.154,141.66,0.5804
386.009,361.477,80.30,0.5659
391.043,360.764,151.29,0.6780
395.303,361.352,76.24,0.5694
406.708,361.272,318.50,0.6481
480.744,361.452,98.96,0.6791
22.224,361.709,133.58,0.9652
162.601,362.187,94.64,0.4764
167.895,361.789,52.86,0.4097
226.938,361.506,124.52,0.6225
252.389,362.280,90.24,0.6250
279.502,361.818,132.26,0.6635
440.095,361.653,79.04,0.4482
71.636,362.896,512.23,0.9063
97.318,362.590,27.54,0.2500
428.617,362.549,146.13,0.8247
460.344,362.715,28.87,0.4722
507.249,362.952,146.84,0.5490
76.088,363.693,53.19,0.6313
100.579,363.651,195.21,0.6726
104.564,364.291,102.12,1.0735
248.362,364.192,43.11,0.2500
393.144,364.300,58.29,0.7077
410.276,364.494,237.84,0.6212
434.630,363.918,24.84,0.5992
490.694,364.161,62.80,0.4681
500.627,364.053,261.97,0.7227
145.398,364.986,174.68,0.6357
197.509,364.747,111.44,0.5357
224.086,364.935,81.69,0.9676
279.575,364.790,289.31,0.7350
302.847,364.944,126.24,0.5979
347.088,364.723,221.05,0.8777
360.749,364.982,173.36,0.6034
375.114,364.950,45.75,0.4668
414.566,364.573,75.62,0.2500
453.476,365.484,342.49,0.7627
5.698,365.501,41.32,0.2500
54.107,365.686,380.67,0.7926
134.576,365.618,123.80,0.5587
233.427,366.145,34.18,0.4192
274.601,366.091,64.00,0.4674
430.811,365.932,101.34,0.5115
456.758,366.440,192.60,0.7029
486.667,365.764,187.12,0.5767
78.029,367.014,160.35,0.9743
98.675,366.840,119.04,0.7244
119.784,366.880,298.30,0.8542
125.898,367.067,75.15,0.5602
174.935,367.214,201.62,0.5729
201.505,366.690,43.84,0.4363
206.435,366.888,24.13,0.5788
243.644,366.700,93.36,0.6127
296.556,367.260,123.30,0.3397
426.627,366.960,72.33,0.5002
468.431,366.610,53.86,0.6959
472.034,366.742,46.76,0.5193
26.641,368.309,21.59,0.2500
30.898,368.388,43.49,0.4285
57.978,368.136,39.17,0.5349
88.536,367.709,41.45,0.2500
95.278,368.229,333.16,0.8086
113.120,368.478,151.49,0.8810
139.413,368.228,143.94,0.6397
146.879,367.587,64.25,0.6564
157.595,367.743,94.80,0.4899
190.297,368.406,16.37,0.2500
216.822,368.823,108.58,1.0565
230.296,367.783,128.89,0.5767
260.313,368.254,39.78,0.7454
302.474,367.954,239.33,0.9391
334.877,368.363,581.82,1.4940
374.285,368.455,127.92,0.6291
499.957,368.435,146.25,0.5944
35.716,368.766,13.31,0.2500
48.421,369.486,61.96,0.4483
69.494,368.776,26.16,0.2500
162.742,368.804,82.84,0.4980
254.234,368.612,271.37,0.7624
268.705,368.867,104.72,0.9403
381.371,369.092,372.44,0.9764
457.723,368.933,261.32,0.6757
11.217,370.141,32.51,0.6372
39.172,370.416,90.02,0.6242
160.365,370.396,165.13,0.9501
59.052,370.719,22.34,0.2500
140.466,370.639,107.08,0.2500
163.733,370.982,129.33,0.5873
216.011,370.641,27.81,0.3608
250.841,371.104,91.93,0.6357
348.268,371.497,129.18,0.5206
50.668,372.218,44.54,0.5976
88.411,371.514,76.19,0.2500
119.976,371.778,179.51,0.7904
123.081,372.209,108.48,0.6733
205.543,372.437,104.21,0.9656
254.014,371.625,69.17,0.5382
269.794,372.183,69.73,0.4977
371.639,372.012,76.31,0.6136
377.653,371.951,126.45,0.6123
394.548,371.991,43.86,0.5258
407.100,371.775,73.68,0.6841
423.579,372.266,90.04,0.5320
442.506,371.669,140.60,0.8480
446.410,372.274,72.66,0.4406
470.106,371.916,82.12,0.6229
75.846,372.540,124.33,0.6313
84.510,373.033,235.15,0.5169
147.572,373.016,114.19,0.5867
212.879,373.500,71.32,0.4014
279.390,373.119,115.92,0.6213
344.231,373.210,145.95,0.8193
350.885,373.129,170.20,0.6405
427.238,372.614,132.82,0.6136
450.577,373.310,62.86,0.2500
461.583,373.005,145.87,0.6101
29.501,373.916,121.70,0.5233
43.761,373.642,422.48,1.5517
79.413,373.850,138.87,0.5337
102.090,373.504,67.10,0.3953
156.745,373.886,45.98,0.2500
182.980,374.042,90.96,0.7000
186.613,374.007,19.49,0.2500
316.749,374.102,135.24,0.6245
355.597,374.313,226.52,0.8943
465.684,374.260,266.51,1.0640
2.887,374.795,45.14,0.7554
18.330,374.647,69.20,0.8837
197.654,375.032,57.30,0.6766
302.314,374.399,164.25,0.8089
506.930,374.668,583.14,1.6000
122.640,376.380,91.94,0.2953
228.676,375.886,30.02,0.6130
239.156,375.915,205.26,0.9348
243.909,376.347,203.93,0.6422
270.404,375.676,43.57,0.2500
276.381,376.351,106.70,0.4795
389.213,376.531,148.41,0.8378
431.936,376.287,45.56,0.5411
438.379,376.652,220.88,1.4240
471.025,376.219,93.51,0.7648
478.942,376.650,134.27,1.0316
25.496,376.552,107.41,0.5151
61.515,377.394,48.95,0.2500
138.644,376.506,357.03,0.7346
255.009,376.747,46.49,0.5038
334.024,377.006,102.21,0.7003
348.937,377.289,273.85,1.1141
394.175,376.805,355.73,1.1672
399.649,376.699,169.26,0.6725
422.701,376.814,86.36,0.4590
33.493,377.501,56.45,0.2500
166.065,377.546,258.85,0.7090
214.522,377.845,155.67,0.5728
380.415,377.513,75.09,0.6464
41.400,378.505,43.82,0.7085
72.273,378.771,138.74,0.5893
132.435,379.044,69.68,0.5444
142.216,378.741,92.10,0.9157
240.468,378.673,35.56,0.2500
276.323,378.838,108.06,0.5407
8.234,380.351,39.19,0.5930
53.256,379.871,345.95,0.6358
169.965,380.149,127.99,0.5688
200.731,380.277,181.34,0.6911
209.908,379.698,628.32,0.7961
218.639,379.948,112.60,0.7833
230.311,379.914,56.19,0.3847
236.551,379.833,109.74,0.5531
283.701,379.597,223.48,0.8997
342.912,380.407,281.54,0.6861
363.211,380.355,115.02,0.5353
410.517,380.152,79.35,0.4477
425.423,380.395,54.27,0.5682
438.503,379.536,75.34,0.2500
450.947,380.362,80.49,0.8342
57.836,381.423,116.10,0.5499
61.499,381.021,111.12,0.5676
102.215,381.099,69.47,0.3352
224.410,380.504,67.41,0.2500
262.482,381.517,94.36,0.5768
293.496,380.591,93.96,0.3400
393.523,381.269,79.51,0.3638
444.063,380.752,208.01,0.6375
499.845,381.479,228.26,1.0422
130.730,382.339,126.69,0.6221
182.348,381.574,60.51,0.2500
311.724,381.723,646.81,1.2669
352.095,381.790,133.23,0.6388
482.490,382.616,162.42,0.8281
18.183,382.768,64.31,0.5054
37.496,382.684,50.23,0.5364
125.566,383.586,172.24,1.2704
137.814,382.559,124.53,0.5171
165.833,382.920,75.87,0.7829
273.847,384.127,1101.04,1.6000
307.042,383.319,510.47,1.2317
322.776,382.832,221.32,0.6789
368.356,383.365,58.70,0.5144
437.842,382.902,88.81,0.7446
469.955,383.045,86.73,0.8732
14.299,384.154,42.88,0.2500
213.640,384.407,44.58,0.3851
233.928,384.114,34.02,0.4064
249.887,384.554,530.39,1.5494
338.645,384.324,34.53,0.2500
394.086,384.051,107.25,0.6050
414.630,384.231,46.72,0.2500
62.164,384.625,474.48,0.8096
141.491,384.984,49.38,0.3819
335.826,385.376,66.54,0.7193
81.970,386.078,536.13,0.8067
163.522,386.266,110.98,0.6963
224.590,386.096,82.02,0.4956
345.474,385.604,331.75,0.8774
349.279,386.198,262.97,0.9050
409.683,385.900,185.27,0.7862
10.729,386.448,47.83,0.7996
75.472,386.036,150.61,1.1871
100.337,387.496,34.06,0.2500
146.428,386.545,47.71,0.2500
233.116,387.454,100.03,0.6968
491.032,386.583,57.27,0.4309
53.202,388.387,85.25,0.4487
63.948,388.188,41.71,0.3987
69.498,388.386,60.62,0.5450
110.863,387.968,69.46,0.4868
156.423,387.625,80.50,0.2500
159.437,387.731,88.15,0.7682
196.254,387.660,82.41,0.4967
210.801,387.999,44.56,0.5246
220.590,388.300,52.30,0.2500
323.311,388.342,66.45,0.4627
353.026,388.128,241.07,0.7507
376.241,387.967,139.43,0.5901
414.454,387.629,176.27,0.5933
450.627,388.237,72.98,0.7520
462.611,387.472,292.09,0.7228
14.088,389.500,89.90,0.5887
29.488,388.688,139.31,0.7387
48.475,388.669,94.59,0.2500
67.280,389.478,21.68,0.2500
104.466,389.260,40.22,0.2500
356.214,388.899,202.66,0.7311
465.582,388.934,86.80,0.4689
497.328,388.415,172.74,0.6878
167.627,389.736,316.67,0.6221
199.018,389.870,22.28,0.3350
208.083,389.537,20.76,0.4097
237.499,389.944,307.67,0.9093
265.049,389.752,160.02,0.5124
310.551,390.165,380.74,0.8701
330.336,389.734,89.84,0.9451
420.425,389.911,40.63,0.2500
5.035,390.538,71.15,0.5155
80.542,390.565,48.20,0.2500
85.746,390.603,75.62,1.0295
115.681,390.532,37.92,0.2500
119.467,390.531,47.76,0.2500
176.150,390.624,55.08,0.6168
216.325,390.525,23.50,0.5640
245.953,390.621,85.06,0.5766
318.319,390.696,96.94,0.7357
360.454,391.165,93.59,0.5192
373.084,390.717,336.09,0.8218
404.222,391.142,202.07,0.9394
460.386,391.327,31.45,0.3854
488.579,390.649,254.33,0.8747
107.552,392.622,187.16,0.8521
133.851,392.064,193.29,0.6310
160.653,392.286,210.80,0.6901
192.740,392.508,213.47,0.6935
202.579,391.760,25.02,0.2500
218.710,392.138,78.06,0.9375
241.003,392.345,111.17,0.5504
348.330,392.386,482.91,1.6000
377.954,391.648,131.26,0.8909
440.073,392.234,177.58,1.0419
483.791,392.362,74.74,0.7551
165.496,393.276,74.08,0.2709
231.504,392.746,546.36,0.9233
274.862,392.930,283.25,0.7441
304.186,393.291,472.25,0.9588
390.481,392.592,91.24,0.6338
402.775,392.634,130.82,0.7183
425.425,392.986,145.35,0.6500
450.424,393.149,174.26,0.6344
92.343,393.500,62.56,0.4735
161.238,393.876,216.80,0.6878
374.430,394.359,70.67,0.4647
17.006,394.587,232.02,0.8224
21.955,394.788,62.28,0.4631
140.304,394.764,82.82,0.6910
182.430,395.175,51.59,1.0442
205.222,395.086,72.51,0.4694
236.782,394.529,152.38,0.6096
300.790,394.482,467.06,0.9359
338.834,395.896,196.94,1.0920
370.632,395.166,164.38,0.6252
446.543,394.574,42.16,0.2500
5.333,396.390,169.16,0.4412
27.181,396.182,38.87,0.7013
51.261,396.163,96.26,0.5356
60.877,395.724,133.64,0.7503
107.689,396.591,370.97,0.8312
156.212,395.895,66.30,0.6511
170.534,395.215,220.81,0.9828
214.552,396.426,33.16,0.2500
253.487,396.444,52.21,0.2500
262.947,395.964,478.64,0.8602
363.528,395.846,86.41,0.5567
385.229,395.716,443.88,0.8452
398.892,396.220,22.67,0.4301
426.596,395.772,98.83,0.5285
36.200,397.184,226.44,0.5784
130.604,397.360,109.41,1.0594
161.640,397.071,137.55,0.5727
220.495,396.709,59.19,0.4275
244.598,397.045,149.77,1.0296
327.004,396.566,372.84,0.8038
338.760,396.575,64.67,0.6275
392.618,397.231,47.84,0.2500
456.454,396.606,76.17,0.2500
30.316,397.714,49.32,0.2500
87.458,397.607,223.29,0.6334
409.813,397.838,35.43,0.2500
485.353,398.472,91.66,0.2500
2.564,398.560,31.20,0.2500
20.439,399.393,77.49,0.2500
61.807,399.122,28.67,0.3735
150.778,399.414,193.96,0.9987
159.900,398.518,139.18,0.5651
235.455,399.162,365.91,1.2149
239.671,398.959,238.89,1.0493
312.333,399.125,54.25,0.4871
363.579,398.920,54.42,0.3448
480.846,398.939,66.20,0.5367
5.996,400.019,94.03,0.7147
90.528,400.014,131.43,0.6029
168.099,400.156,57.67,0.6836
256.480,399.664,233.75,0.7721
327.379,400.273,396.32,0.8414
332.837,400.268,142.70,0.7496
368.400,400.380,49.92,0.4835
385.673,399.728,71.20,0.6043
389.509,399.638,91.36,0.7182
9.567,400.566,96.93,0.5139
69.864,401.491,56.54,0.3187
73.710,401.138,353.05,0.7115
143.694,401.497,96.78,0.6739
395.282,401.416,198.86,1.2341
429.650,401.268,168.30,1.0316
57.494,401.752,64.40,0.2500
116.111,401.521,29.51,0.3918
350.586,402.264,49.59,0.4443
420.646,401.912,56.64,0.8921
37.500,403.267,59.52,0.3474
118.647,402.714,36.51,0.2500
168.428,402.649,21.14,0.2500
180.308,402.916,56.17,0.5300
194.852,402.815,455.07,0.7915
247.820,403.472,160.92,0.9732
264.412,403.156,161.76,0.6384
342.438,402.663,61.03,0.3861
361.895,402.952,74.17,0.8525
44.168,404.054,16.79,0.2500
46.778,403.589,35.31,0.2500
182.910,404.254,74.57,0.5220
187.933,404.266,41.16,0.5825
201.386,403.654,141.32,0.6985
209.469,404.040,26.63,0.2653
214.630,403.845,39.38,0.4959
281.851,404.047,942.35,1.6000
326.232,403.783,158.47,0.7671
385.693,403.660,104.16,0.6992
389.631,404.043,201.84,0.6844
442.840,403.506,521.72,0.7813
473.521,403.889,37.68,0.2500
33.129,405.478,104.99,0.5759
140.475,405.500,104.75,0.4878
157.626,404.910,62.11,0.6823
286.989,404.039,366.36,1.0525
333.899,404.686,94.05,0.3687
347.429,404.974,95.52,0.5137
447.670,404.658,179.99,0.7128
11.616,406.176,104.31,0.8092
17.468,405.681,76.19,0.2500
22.331,405.997,189.85,0.5431
36.297,405.842,73.93,0.4699
98.357,406.448,80.04,0.3743
144.401,405.605,69.59,0.2500
199.240,405.808,91.32,0.7537
204.368,405.891,339.17,0.7360
457.737,406.151,69.70,0.3861
4.197,406.777,38.55,0.3303
82.959,406.583,116.52,0.7968
117.565,406.648,162.09,1.1579
262.387,406.319,506.54,1.4642
277.461,407.066,393.27,0.7257
293.584,406.584,84.62,0.2500
385.125,406.748,49.22,0.4060
400.488,407.293,117.56,0.6118
406.712,406.949,19.86,0.3521
470.628,407.096,66.02,0.6473
29.358,408.391,67.87,0.4611
36.627,407.961,71.48,0.5755
62.828,407.855,120.32,0.7521
180.380,407.862,55.45,0.5531
185.510,408.003,68.70,0.5460
230.634,407.772,99.56,0.6576
283.738,408.276,252.33,0.8765
333.783,407.843,178.42,0.6731
356.414,408.004,37.48,0.3015
375.604,408.418,67.29,0.9472
387.237,408.197,61.90,0.5634
414.532,407.742,20.94,0.2500
47.211,408.541,240.30,0.7152
58.013,408.647,291.52,0.7001
132.834,409.066,102.38,0.8678
172.137,409.113,76.11,0.6350
213.525,408.527,576.43,0.9610
219.635,409.091,228.61,0.7850
238.365,408.659,291.74,0.7129
240.777,409.252,176.70,0.6139
245.041,409.564,295.77,0.7950
255.892,408.220,399.08,1.1618
370.913,409.171,143.84,0.6416
430.577,409.003,60.28,0.9297
454.536,408.576,73.80,0.2500
84.739,410.178,68.10,0.7091
153.345,410.107,119.99,0.6637
341.529,410.474,222.57,1.1268
392.464,410.371,37.19,0.2500
162.600,410.614,23.90,0.2500
174.648,411.111,16.57,0.2500
309.856,410.523,182.33,0.8331
331.603,410.753,64.50,0.5160
350.215,411.073,160.25,0.9355
359.241,410.459,92.74,0.6782
453.486,410.959,92.59,0.7436
484.027,410.585,1003.43,1.5413
100.359,412.418,36.85,0.4926
111.951,412.366,159.83,0.5891
145.536,411.723,72.73,0.6245
182.559,411.708,28.94,0.2500
214.709,411.581,174.34,0.5346
363.011,411.619,131.74,0.6094
418.562,411.986,63.42,0.9380
22.714,413.362,130.42,0.7953
53.499,413.162,101.97,0.4649
107.794,412.809,181.44,0.8233
140.991,412.662,298.91,0.6737
159.045,413.090,43.95,0.4163
288.933,413.471,146.86,1.1227
469.853,412.781,159.78,0.6865
42.601,414.422,66.63,0.4061
48.361,414.334,44.84,0.2500
68.121,413.860,126.91,0.5613
115.203,413.596,296.07,0.6780
118.867,414.371,226.36,0.6496
129.795,413.499,74.04,0.7600
246.673,413.786,387.56,0.9202
300.167,414.778,434.81,1.6000
385.027,413.770,139.06,0.6573
407.620,413.875,362.63,0.6938
481.099,413.189,775.07,1.4687
14.532,415.213,113.87,1.0656
88.234,414.487,67.23,0.7372
110.771,415.356,100.22,0.5679
218.317,415.164,861.45,0.9902
306.636,414.725,59.41,0.3996
315.419,414.736,40.94,0.4270
325.534,415.005,187.40,0.7487
362.753,415.258,110.46,0.4925
148.692,416.349,27.00,0.2500
188.317,416.340,85.90,0.5694
214.158,415.671,191.46,0.9273
436.447,415.842,43.70,0.5947
467.025,415.435,203.98,0.9640
498.942,416.374,394.19,0.9099
107.914,417.405,203.22,0.6742
182.458,417.344,507.08,0.8941
241.683,416.749,1102.67,1.5466
258.161,417.528,384.88,0.9255
270.108,416.463,263.59,1.1606
295.947,417.226,106.83,0.6166
55.737,417.490,157.04,0.6727
139.584,417.602,126.14,0.8252
292.177,418.412,219.20,0.7441
346.579,418.132,13.71,0.2500
415.945,418.215,87.94,0.6243
59.462,419.395,153.81,0.4830
83.319,419.257,163.80,0.5664
86.724,419.443,47.55,0.4385
148.908,418.930,55.83,0.5854
171.314,418.288,66.30,0.8820
337.487,418.950,70.25,0.5865
422.064,418.630,74.51,1.0043
436.383,419.006,46.25,0.5364
464.103,419.306,61.11,0.4592
32.261,420.145,47.10,0.4317
48.082,420.288,102.89,0.7252
126.469,419.844,191.15,1.1034
140.905,420.363,70.74,0.4937
146.498,419.994,59.34,0.6193
188.444,420.443,82.26,0.2500
333.506,420.441,28.96,0.2500
378.456,420.281,194.24,0.4585
205.028,420.686,120.63,0.4688
298.683,420.612,68.24,0.3508
356.191,420.532,79.56,0.6652
397.386,421.093,62.95,0.5948
43.959,422.309,142.02,0.8030
59.682,422.228,172.40,0.6049
81.826,421.848,146.93,0.5146
163.875,421.708,58.54,0.6952
361.069,422.057,170.28,0.9000
129.896,422.581,105.02,0.8067
223.100,423.445,772.76,1.4937
257.099,423.458,205.88,0.8917
273.060,422.589,30.63,0.2500
351.278,423.045,56.98,0.4255
455.046,422.815,195.46,0.6863
484.541,422.585,126.61,0.2500
56.305,424.191,38.78,0.4464
68.629,424.279,49.37,0.2500
81.048,424.151,196.96,0.5909
100.227,423.486,84.49,0.8729
113.570,423.963,42.92,0.4064
158.328,424.332,173.40,1.1283
200.821,423.911,126.23,0.5214
297.386,423.935,255.57,1.2528
378.223,424.106,53.85,0.4704
386.378,423.590,920.20,1.6000
393.823,424.435,228.62,1.0513
45.317,425.391,72.59,0.7731
138.597,424.774,63.87,0.4433
175.234,424.763,90.86,0.4753
178.651,424.557,57.46,0.4204
308.395,424.541,89.94,0.2500
354.633,425.294,74.07,0.7190
382.255,424.891,379.32,1.1271
505.410,425.215,233.48,1.0486
35.236,426.122,87.95,0.7138
59.636,425.538,93.00,0.5885
84.729,425.566,132.99,0.6416
194.585,425.524,62.00,0.2500
410.531,425.705,125.36,0.3105
8.992,427.069,63.13,0.6902
40.421,427.219,31.87,0.2500
81.926,426.896,59.91,0.5427
98.025,426.845,151.80,1.3216
164.828,426.637,161.23,0.5924
187.030,427.230,347.17,0.6779
315.981,426.636,43.65,0.8709
334.557,426.548,21.95,0.2500
349.769,427.308,294.65,0.6162
479.992,426.750,164.95,0.7498
77.368,428.054,87.68,0.6079
113.829,427.796,70.50,0.7618
230.869,428.387,66.24,0.4725
262.558,427.848,26.23,0.3327
272.092,428.226,31.18,0.4790
285.725,428.125,51.27,0.4683
288.007,427.829,68.98,0.7706
299.217,428.032,184.47,1.2124
322.643,427.917,461.40,0.7292
329.649,427.951,114.43,0.4780
359.266,427.868,131.67,0.6447
361.741,428.026,89.48,0.6341
406.888,427.829,194.43,0.5958
488.640,428.584,265.57,0.8950
84.934,428.860,52.63,0.6406
134.348,428.805,67.16,0.3955
177.706,428.549,198.35,0.8319
338.681,429.200,39.16,0.2500
388.152,428.724,110.04,0.5542
432.618,428.996,72.59,0.4619
75.361,430.286,65.64,0.7469
103.458,429.572,366.83,0.7626
114.282,430.112,183.88,1.2012
364.882,430.004,55.98,0.4502
182.002,430.779,76.62,0.6752
226.864,430.805,75.70,0.5604
277.345,430.589,60.27,0.4238
285.900,430.779,29.66,0.3743
294.533,430.959,85.97,0.5936
34.615,431.732,53.96,0.3010
136.292,431.960,85.51,0.4347
168.942,431.630,142.41,0.8532
174.576,432.444,58.48,0.2500
185.581,432.128,80.53,0.5294
241.090,431.915,281.09,0.7060
264.382,432.358,69.98,0.8124
326.595,431.642,331.52,0.6656
374.343,431.566,504.12,0.9526
410.941,431.932,80.15,0.6717
424.452,432.223,307.78,0.9747
61.501,433.210,82.87,0.4178
129.594,432.829,126.01,0.5934
338.655,433.434,50.24,0.5547
392.033,432.533,174.08,0.6814
25.634,434.062,401.84,1.5547
99.313,433.998,28.68,0.2500
118.878,434.259,112.04,0.5297
125.414,434.275,135.51,0.5800
303.954,433.857,38.12,0.5419
306.267,433.894,49.00,0.5597
314.127,433.490,75.22,0.9796
28.031,435.199,125.03,0.6630
75.208,434.341,65.37,1.0412
226.893,435.292,197.47,0.7276
254.593,434.864,334.01,0.6966
324.430,435.405,142.86,0.5950
348.071,435.096,53.13,0.5965
423.923,434.869,389.67,0.8778
491.835,434.985,526.46,1.4399
502.996,435.412,174.32,1.0135
44.451,436.412,39.93,0.2500
52.037,436.122,28.01,0.6277
61.512,435.831,101.23,0.7223
217.319,436.409,79.85,0.6922
277.319,436.432,33.74,0.3684
329.518,435.730,136.36,0.6007
341.950,435.872,98.93,0.6843
403.762,435.662,386.08,0.9062
14.193,436.754,233.76,1.0299
155.673,437.353,331.51,0.6748
165.535,437.033,239.65,0.8843
239.092,437.471,64.91,0.5135
281.745,436.977,92.36,0.5122
319.336,437.271,111.23,0.6918
37.921,437.601,76.54,0.6093
112.891,437.551,53.34,0.5922
129.681,438.455,62.54,0.6082
136.225,437.966,83.43,0.6674
148.361,437.475,53.26,0.4099
171.029,437.583,105.72,0.5201
428.403,438.013,344.23,1.2996
448.309,437.546,82.95,0.5988
46.854,438.220,63.41,0.9930
158.439,438.683,108.14,0.2500
204.301,439.279,78.78,0.5275
207.987,438.724,81.07,0.5193
235.256,438.660,94.21,0.6747
251.558,438.743,131.29,0.3890
282.531,439.355,68.68,0.4146
343.351,439.339,70.93,0.4868
380.020,438.713,19.92,0.2500
404.119,438.987,95.76,0.4948
432.362,438.805,96.86,0.3498
492.434,439.445,80.33,0.2500
118.539,439.960,77.61,0.8439
256.436,440.480,47.14,0.2500
318.647,440.007,53.17,0.5320
371.964,440.355,14.12,0.2500
472.216,439.947,102.05,0.5081
17.069,440.911,576.80,1.2545
38.038,441.062,73.07,0.3908
67.827,440.735,124.97,0.8995
148.553,440.701,240.07,1.3650
248.966,441.184,64.94,0.5350
302.535,441.417,39.20,0.2500
350.547,440.875,159.34,0.7135
376.438,440.602,64.82,0.2500
53.509,441.510,214.05,0.6666
58.772,442.153,86.76,0.4406
286.246,441.604,86.51,0.5808
300.791,442.766,220.62,1.2508
306.704,442.106,91.18,0.5309
316.364,441.578,30.19,0.5616
340.128,442.087,18.63,0.2500
414.912,441.535,45.43,0.5113
438.038,441.729,461.81,1.4716
25.716,442.883,80.31,0.5434
85.489,442.851,72.57,0.7799
144.431,442.777,24.94,0.2500
190.057,443.372,392.82,0.7249
229.512,442.577,90.77,0.5040
291.660,442.638,88.98,0.5524
361.408,443.027,302.01,0.7104
389.226,442.568,36.19,0.6531
9.020,444.695,633.29,1.6000
42.040,444.198,97.94,0.5032
102.339,443.843,59.16,0.6140
244.284,443.803,11.39,0.2879
265.493,444.393,51.88,0.3657
295.877,443.572,267.62,0.8298
300.781,443.900,119.50,0.6867
356.487,443.592,683.91,1.5088
10.493,445.175,706.19,1.5488
57.628,445.148,121.74,1.0353
71.448,444.792,760.82,0.8462
133.540,444.895,58.82,0.4477
136.284,445.491,146.32,1.2349
179.702,445.007,314.58,1.0857
86.002,446.742,160.73,1.4706
370.170,445.605,388.27,0.8125
478.881,446.206,618.28,1.6000
505.566,445.706,59.81,0.2500
114.339,446.965,43.72,0.8735
136.705,447.133,92.30,0.8244
218.062,446.528,203.15,0.9497
273.587,447.355,300.41,1.1031
275.732,447.069,104.53,0.7072
461.999,446.825,182.37,0.8161
96.410,447.939,200.25,0.5047
142.622,447.577,101.02,0.5711
163.958,447.435,624.20,1.5746
269.594,448.020,151.00,0.6369
299.831,448.520,164.57,0.9235
350.642,447.513,125.18,0.6155
448.852,448.094,122.59,0.5910
454.103,448.097,462.70,1.6000
490.525,447.938,34.26,0.4407
501.515,448.360,41.17,0.5043
230.595,449.496,58.76,0.2500
315.067,448.874,41.13,0.4363
474.920,448.507,293.94,1.1956
29.460,449.879,87.02,0.4185
137.040,449.898,90.69,0.6174
155.572,449.452,241.48,0.9226
177.962,449.971,637.13,1.6000
187.949,449.895,78.71,0.5298
217.482,449.752,51.80,0.2500
255.250,449.783,36.21,0.2500
263.491,450.171,44.92,0.2956
328.453,450.063,23.43,0.2500
338.607,450.630,471.60,1.6000
458.605,450.295,72.75,0.2500
48.165,451.264,107.12,0.6370
92.524,451.310,383.50,0.7878
101.488,450.790,210.12,0.4282
226.782,449.866,295.45,1.2780
259.222,451.413,201.87,0.6172
277.338,451.416,92.25,0.6216
294.665,450.509,57.61,0.3580
339.587,450.643,522.39,1.6000
361.141,451.595,221.63,0.8427
451.100,450.793,96.64,0.5663
16.396,452.460,35.32,0.2500
22.779,451.987,49.07,0.4331
38.622,451.869,111.52,0.6323
43.553,452.158,112.52,0.6848
73.693,451.653,117.70,1.0004
115.942,452.404,23.16,0.3532
248.403,452.449,18.34,0.2500
324.455,451.998,23.12,0.2934
334.435,452.440,63.82,0.2500
378.554,452.333,52.65,0.2500
497.097,452.254,53.70,0.4408
140.284,453.540,293.83,0.9424
144.461,453.456,638.38,1.0682
236.002,452.677,29.94,0.5175
439.907,452.687,225.71,0.8463
463.544,452.649,106.30,0.3715
154.530,453.677,181.82,1.1229
190.009,453.789,98.38,0.5222
267.310,453.544,77.83,0.5572
22.705,454.846,33.78,0.2865
60.993,455.384,265.38,0.9117
86.214,455.366,155.26,0.6579
97.499,455.017,63.13,0.4097
118.934,454.582,28.51,0.3939
166.325,454.719,99.62,0.4740
186.894,455.394,144.94,0.8839
202.689,454.584,131.63,1.0060
207.675,455.200,177.60,0.7171
225.326,455.191,74.82,0.9474
391.610,454.642,137.81,0.8887
470.407,454.844,166.63,0.7219
30.512,455.869,124.75,0.5726
46.519,455.868,89.82,0.6944
51.120,456.602,99.02,0.7637
105.356,456.365,133.34,0.9901
108.400,456.126,85.62,0.4497
123.137,456.010,55.32,0.3855
183.049,456.449,190.21,1.1602
254.852,455.925,67.81,0.4932
349.436,455.810,159.22,0.7020
384.393,455.764,29.31,0.3329
504.292,455.842,41.69,0.4988
36.658,457.286,33.13,0.2500
231.782,456.622,30.20,0.2500
247.109,457.448,58.12,0.6594
279.779,456.645,16.88,0.2567
338.542,457.441,99.85,0.2500
407.435,457.219,142.01,0.8233
454.109,457.484,112.47,0.5108
485.773,456.653,316.45,0.6682
3.124,458.172,378.14,0.7477
116.426,457.635,43.09,0.2500
137.965,458.403,156.54,0.5846
270.158,457.524,153.20,0.6060
283.669,458.414,116.77,0.5472
295.191,457.691,62.41,0.4669
318.562,458.103,56.92,0.2500
394.995,457.652,43.52,0.4733
412.903,458.136,104.76,0.5681
426.657,458.258,361.17,1.2135
9.735,458.899,138.02,0.6984
61.479,458.643,25.52,0.5092
72.368,458.650,70.01,0.6481
85.571,458.739,62.40,0.3355
134.712,458.746,172.74,0.5302
235.597,458.782,63.56,0.3223
253.947,459.489,48.11,0.6112
299.898,458.944,113.23,0.6355
468.335,459.015,492.59,1.2119
38.261,460.000,142.07,0.5886
153.475,460.422,36.80,0.2500
165.967,460.374,352.14,0.7124
199.690,460.216,90.32,0.6700
209.514,459.920,118.83,0.8061
343.049,460.206,67.72,0.5433
391.345,460.238,103.43,0.6878
444.674,459.981,177.84,0.9369
494.912,459.882,21.38,0.3242
2.585,461.017,80.56,0.3423
54.667,461.104,45.27,0.3784
143.207,460.764,111.26,0.6206
205.842,461.292,109.21,0.6348
280.432,460.647,119.50,0.2500
291.781,460.969,142.87,0.5246
332.556,461.453,307.23,1.0139
467.159,460.728,152.29,0.6517
77.491,462.166,113.61,0.5748
79.945,462.086,67.43,0.4994
101.494,461.866,49.69,0.2500
491.200,461.787,156.77,0.6858
22.609,462.609,58.02,0.3966
181.081,463.185,289.34,0.7176
192.339,462.935,44.06,0.7037
336.413,463.100,71.28,0.5776
380.310,462.664,101.57,0.7999
447.909,463.105,209.75,0.6745
71.411,464.079,102.28,0.5817
96.494,464.450,37.08,0.2500
123.554,463.336,442.14,1.2253
204.468,463.930,110.62,0.7230
229.333,464.011,57.30,0.7274
235.492,463.875,63.64,0.6988
238.654,463.991,41.37,0.5138
285.318,464.137,47.62,0.3887
294.806,463.703,88.96,0.3922
302.320,463.733,27.29,0.2500
415.652,464.038,552.20,1.3898
430.546,464.456,98.58,0.2500
444.696,464.369,133.51,1.0511
455.519,464.351,527.17,1.0873
5.488,464.651,109.82,0.4291
33.147,464.584,90.44,0.6362
150.772,465.355,57.20,0.6954
199.797,464.964,103.77,0.8757
213.394,465.571,157.58,1.1927
307.857,465.301,282.74,0.9649
410.827,465.216,476.02,1.1697
10.368,466.349,78.92,0.5746
37.128,465.559,108.83,0.7737
51.579,465.995,191.86,0.5328
57.779,465.925,92.25,0.4491
117.397,466.263,512.79,1.6000
170.637,465.689,133.64,0.4570
192.454,466.244,86.10,0.4110
322.473,466.384,65.00,0.2500
330.585,465.711,29.87,0.2500
394.593,466.232,101.09,0.4514
92.388,466.546,38.81,0.6502
133.011,466.934,128.27,0.5579
195.370,466.872,169.10,0.6458
277.484,467.029,51.12,0.4669
375.732,466.781,122.07,0.8040
406.669,466.653,409.88,1.3456
445.708,466.856,70.24,0.4622
117.995,467.222,479.29,1.3293
235.313,467.698,61.50,0.6866
243.741,467.610,170.43,0.8584
254.391,468.429,61.63,0.2500
327.116,468.151,122.64,0.5209
390.505,468.141,118.81,0.5050
500.732,468.310,205.42,0.5291
29.728,469.048,191.81,0.7744
175.531,468.975,104.39,0.5843
178.984,468.665,14.39,0.2500
250.846,468.378,103.65,0.8745
73.694,470.030,256.59,0.8369
260.037,469.884,129.35,1.1761
382.747,470.196,60.61,0.4978
53.423,471.212,54.30,0.3823
165.118,470.856,34.78,0.3841
232.368,470.618,31.08,0.2504
419.189,472.038,642.61,1.4698
472.125,470.916,121.87,0.5470
29.327,471.750,121.95,0.4824
130.146,471.982,153.71,0.6320
144.407,472.276,12.37,0.2500
155.909,472.268,134.09,0.6161
169.641,472.533,140.69,1.1272
194.371,471.571,935.61,0.9805
341.783,471.509,124.42,0.9105
357.535,471.971,68.81,0.6008
426.221,472.368,33.03,0.3241
249.375,472.781,84.17,0.5796
253.512,472.580,57.13,0.2500
291.580,472.927,312.74,1.2405
313.453,472.671,49.40,0.5741
30.382,474.105,82.56,0.5210
34.443,474.447,62.25,0.2500
79.538,473.831,72.78,0.2500
105.819,473.913,741.15,1.2821
213.711,473.811,88.21,0.5861
264.423,473.771,55.86,0.4194
461.484,473.862,60.39,0.2500
485.298,474.641,464.76,1.2699
15.080,474.603,98.35,0.8717
22.570,474.555,26.73,0.2500
64.422,474.560,22.84,0.2500
68.401,474.559,34.92,0.2500
128.801,474.507,486.83,0.7404
152.450,475.335,23.90,0.2500
189.494,474.651,71.31,0.4732
229.509,474.772,45.29,0.5535
309.905,475.080,71.51,0.6570
470.792,475.322,712.59,0.9193
503.953,475.357,196.79,0.7119
47.012,476.198,232.20,1.4613
88.219,476.166,97.00,0.8487
100.365,476.687,488.61,1.2801
132.701,476.041,180.28,0.6521
236.279,475.679,73.66,0.8280
350.523,475.712,66.03,0.2500
444.580,476.667,72.27,0.9808
482.992,476.089,149.82,0.6606
71.855,477.173,81.52,0.6628
76.689,476.614,74.02,0.4193
295.156,476.939,104.61,0.5241
417.638,477.438,269.80,0.6290
438.593,476.668,172.02,1.4911
460.277,477.215,61.89,0.2500
186.580,478.213,32.20,0.2500
199.673,477.607,275.45,0.8177
503.199,478.507,150.94,0.7110
17.420,479.291,104.43,0.8723
67.399,478.509,105.41,0.2821
94.603,478.711,555.62,1.3826
125.499,478.593,65.63,0.2500
264.621,478.509,242.76,0.8569
319.869,478.604,88.37,0.5021
417.416,478.749,355.90,0.8190
18.565,479.699,78.03,0.6978
38.490,480.289,129.36,0.3393
52.617,480.398,372.03,0.7165
144.373,480.359,13.54,0.2772
290.538,479.671,49.92,0.2500
343.049,480.184,858.26,1.4353
357.903,479.727,84.44,0.5543
487.408,480.483,196.22,0.6868
32.204,481.486,94.45,0.5150
48.166,481.262,87.43,0.5380
132.340,481.391,80.51,1.0788
224.012,481.041,104.20,0.7549
502.847,481.176,78.00,0.4205
41.724,481.693,136.39,0.5745
58.462,482.356,130.49,0.4558
64.227,482.303,111.26,0.6751
154.937,481.646,71.36,0.6124
183.170,481.623,91.18,0.5254
195.618,481.578,177.39,0.8850
203.535,481.948,62.54,0.2500
314.594,482.258,53.55,0.2500
342.575,481.613,395.10,0.9544
109.509,482.544,53.55,0.2500
171.691,483.048,473.01,0.7234
234.652,482.565,81.92,0.6670
442.454,482.762,53.31,0.6403
459.280,481.800,237.87,1.3409
477.708,482.466,99.61,1.0927
121.384,483.718,81.78,0.6550
133.333,483.432,88.32,1.0863
167.824,483.717,464.67,0.8244
187.348,483.622,32.56,0.2500
211.889,483.515,1271.63,1.1788
264.265,484.221,267.23,0.6880
421.540,484.057,60.28,0.3357
452.340,484.351,29.73,0.6156
483.720,484.457,37.15,0.2500
45.498,485.025,36.49,0.2647
336.082,484.504,156.82,0.5855
50.562,486.138,52.98,0.2500
176.475,486.349,342.24,0.6480
184.790,486.158,95.32,0.6860
198.653,486.448,246.82,0.9779
264.187,485.203,418.26,1.0899
372.317,485.690,90.16,0.6110
424.875,485.968,119.16,1.1388
20.408,486.591,22.43,0.3972
40.331,486.661,50.47,0.4853
45.498,487.090,39.95,0.2500
109.529,487.330,161.08,1.0277
142.315,486.779,130.31,0.9434
180.842,487.046,102.44,0.5180
417.801,486.605,103.08,0.5869
448.162,486.830,29.23,0.7747
26.864,487.790,110.17,0.9867
69.269,489.103,451.38,1.3672
136.293,488.264,132.87,0.5339
154.615,488.283,40.13,0.2500
163.285,487.984,94.65,0.6025
194.838,488.182,164.17,0.8132
233.803,487.620,123.54,0.8472
238.106,487.598,175.94,0.6786
242.454,487.655,480.87,1.5771
348.282,488.258,28.50,0.2500
351.593,488.194,63.41,0.4881
354.788,488.024,76.58,0.4206
430.603,487.373,345.44,1.2904
484.435,488.177,28.77,0.2524
342.571,489.341,70.35,0.2500
376.458,488.926,95.79,0.4555
438.322,489.031,516.23,0.9473
9.592,489.824,51.50,0.3864
33.773,489.768,190.50,0.7961
85.555,490.259,58.81,0.6413
96.446,489.838,56.94,0.5000
131.749,489.526,21.01,0.2500
178.328,490.168,172.97,0.5264
265.685,490.020,148.18,0.6055
300.667,489.578,154.64,1.1859
400.438,489.827,55.68,0.2500
486.742,489.773,67.06,0.7396
492.906,490.015,118.93,1.1124
14.518,490.270,124.88,1.1872
37.523,490.826,68.99,0.5187
140.974,490.773,90.71,0.5746
159.767,490.551,79.33,0.6823
165.492,490.649,22.55,0.2500
186.904,490.734,54.03,0.5979
257.122,490.145,226.03,1.0576
430.228,490.753,37.43,0.4957
198.226,492.484,97.65,0.6672
236.565,492.208,74.91,0.3762
342.709,491.830,62.82,0.5028
356.080,492.276,145.90,0.6287
449.518,492.412,28.94,0.2500
54.854,492.729,192.30,0.8917
125.578,492.986,109.88,1.1423
144.429,493.279,31.07,0.2500
158.656,493.370,66.15,0.2500
380.054,493.271,151.85,0.9354
389.116,492.876,82.55,0.4607
458.571,492.602,39.37,0.2500
2.674,494.287,86.28,0.6059
34.264,494.226,107.29,0.4333
232.162,493.754,63.59,0.8471
413.523,494.152,205.96,0.6940
426.573,493.836,51.75,0.2500
434.645,493.547,74.12,0.5790
466.641,494.105,33.82,0.2500
7.072,494.807,32.62,0.3309
64.574,495.231,661.82,1.2495
198.497,495.406,38.45,0.2500
253.764,494.910,89.98,0.5235
389.173,495.180,62.03,0.4150
12.238,495.764,21.35,0.2500
28.419,495.950,146.87,0.7275
55.156,496.379,472.55,1.2592
133.915,496.368,203.84,0.7795
185.280,496.231,128.87,0.7529
240.759,495.755,183.04,0.7341
286.622,496.444,41.74,0.2500
437.843,496.228,124.92,0.5859
441.829,496.013,182.16,0.8348
487.667,496.077,327.28,0.5981
15.449,496.834,87.64,0.5215
89.466,496.975,48.24,0.2500
202.604,496.980,194.71,1.1372
217.535,497.387,53.10,0.2500
220.224,497.245,85.54,0.7275
372.045,497.272,394.92,1.2161
402.421,497.355,117.12,0.2500
412.402,497.179,62.56,0.6322
461.218,496.821,39.14,0.2500
38.012,498.030,381.50,1.1797
69.542,497.682,78.40,0.2500
73.988,498.276,583.21,0.9178
145.648,498.411,174.85,0.5544
207.388,498.314,150.27,0.7476
263.166,497.728,63.18,0.3624
294.609,498.274,231.42,0.6123
408.091,497.928,115.55,0.6108
470.215,498.205,168.71,0.4963
478.412,497.707,128.48,0.4817
122.420,498.802,103.47,0.3677
209.899,498.763,53.57,0.5975
228.550,498.721,89.55,0.5616
253.478,499.215,142.04,0.4666
349.496,498.919,34.09,0.3129
486.398,499.027,142.38,0.5595
495.760,498.569,78.92,0.5157
8.400,500.693,244.64,1.0441
78.288,499.792,355.39,0.6973
89.321,499.520,82.63,0.7179
214.868,500.410,495.94,0.8058
285.475,500.095,109.87,0.3750
316.336,500.367,84.09,0.2500
327.362,499.850,56.30,0.2500
15.035,501.273,191.04,0.8664
115.967,500.649,78.14,0.7112
166.538,500.890,378.66,0.6035
186.709,501.392,52.51,0.6848
265.494,500.561,71.61,0.2500
322.757,501.042,146.64,0.8011
407.296,500.939,135.54,0.5570
446.247,500.639,206.45,0.7824
474.675,501.132,71.85,0.7023
18.897,501.802,47.85,0.3795
152.272,502.032,43.09,0.6675
311.068,502.085,210.29,0.9683
161.071,502.460,197.20,1.0140
172.420,502.619,30.06,0.5642
176.326,503.387,82.30,0.6243
193.878,502.786,64.02,1.0050
209.491,502.907,50.70,0.3906
240.563,502.916,110.54,0.6240
256.080,503.005,81.10,0.6285
259.304,502.627,187.90,0.6649
281.329,502.688,64.08,0.2500
327.471,502.852,85.01,0.5105
401.507,502.824,65.13,0.3656
488.335,502.699,73.34,0.2500
491.778,502.721,149.52,0.6623
94.517,504.413,36.97,0.2500
136.324,504.371,32.05,0.5025
145.494,503.777,110.42,0.4167
226.393,504.231,78.24,0.4848
370.332,504.188,55.36,0.2500
495.393,504.227,79.50,0.5477
112.372,505.495,38.21,0.4351
119.864,505.451,175.14,0.8666
156.832,505.058,67.84,0.6823
298.616,505.251,106.81,0.7694
380.077,505.403,95.69,0.6782
410.537,504.865,136.33,0.6026
456.190,505.517,90.62,0.7505
54.110,505.741,129.45,0.9751
90.403,505.393,51.49,0.8281
143.117,506.124,137.12,0.6427
206.323,505.505,16.87,0.2500
245.540,505.536,377.29,1.2789
363.681,505.876,166.70,0.7244
369.111,506.099,75.09,0.5180
45.325,506.659,59.77,0.2500
148.560,506.405,421.02,0.7437
179.479,507.219,123.77,0.8516
190.718,506.959,13.79,0.4222
216.574,506.895,54.37,0.8622
252.734,506.840,97.24,0.7841
446.458,506.823,356.75,0.7831
465.511,506.563,8.16,0.2500
474.482,507.132,145.52,0.4092
98.027,507.831,420.72,0.6754
107.263,508.043,11.23,0.2500
329.656,507.795,120.31,0.7548
422.906,507.380,441.81,0.7980
480.021,508.009,66.52,0.5433
492.322,508.185,74.99,0.6140
499.390,508.416,104.50,0.3162
108.542,3.022,40.72,0.2500
202.602,2.841,45.83,0.5487
251.604,2.955,12.14,0.2500
234.384,4.204,11.25,0.2500
317.457,4.033,13.09,0.2500
376.407,4.148,77.32,0.6279
445.599,4.138,25.08,0.6771
458.341,3.776,17.09,0.2500
464.357,4.425,15.79,0.2500
232.823,6.362,24.92,0.2500
148.495,6.782,26.37,0.2500
194.284,6.378,297.22,1.1713
443.906,6.672,8.15,0.2500
447.570,6.694,22.22,0.5748
466.752,7.259,27.02,0.7532
486.470,6.936,112.06,0.8814
323.815,8.089,10.40,0.2500
104.459,8.685,224.55,1.0386
460.456,8.569,29.20,0.2500
482.549,8.917,47.18,0.8536
138.645,9.501,100.11,0.5395
257.146,10.445,47.64,0.7588
366.567,10.228,12.75,0.2500
243.323,10.716,18.43,0.4123
285.387,10.790,43.94,0.8259
448.192,11.359,32.72,0.5964
51.975,12.426,58.72,0.2500
125.511,12.231,68.67,0.4658
177.065,12.462,163.70,0.8637
261.425,12.220,12.04,0.2500
406.252,12.321,40.08,0.6969
230.607,12.532,62.45,0.2500
331.895,13.497,127.75,0.9090
21.963,15.454,191.66,1.1212
199.365,16.300,66.86,0.5554
204.491,15.642,156.13,1.0687
362.131,16.543,51.31,0.9299
399.850,15.706,7.94,0.2500
68.313,17.493,64.83,0.3978
169.727,18.677,122.19,0.8538
347.697,19.347,10.73,0.2500
137.561,19.868,111.18,0.7691
264.974,20.277,29.52,0.7159
31.111,21.115,166.70,0.8678
310.540,22.179,55.46,0.2500
90.423,23.250,185.17,0.9472
136.424,24.445,109.68,0.2500
363.143,24.033,10.57,0.3366
385.461,24.383,97.67,0.4517
436.264,24.408,29.24,0.6190
83.898,24.425,551.26,1.1608
103.744,25.082,108.17,0.6742
432.515,24.779,62.91,0.8750
119.421,26.623,65.56,0.2500
162.497,26.580,48.89,0.2500
250.003,26.542,49.86,0.3457
257.500,26.583,23.37,0.2500
372.499,26.572,16.18,0.2500
155.733,28.161,219.35,1.1169
193.207,28.365,40.14,0.7552
342.615,27.672,29.82,0.7411
366.076,28.338,8.95,0.2500
29.514,30.318,77.52,0.2500
288.481,30.489,48.57,0.2500
478.568,30.431,46.25,0.2500
224.288,31.327,9.18,0.2500
327.861,30.534,13.99,0.2500
378.848,30.451,109.86,0.9535
11.179,31.733,185.73,0.7811
18.562,32.310,118.92,0.4324
73.648,31.499,273.32,1.0113
265.265,31.942,34.18,0.2500
282.507,32.262,73.57,0.2500
150.750,32.707,68.06,0.4335
222.537,32.892,15.03,0.2500
283.452,34.122,30.59,0.2500
306.454,33.521,27.88,0.6472
223.334,35.026,10.79,0.2500
244.057,35.142,16.92,0.3899
376.464,35.389,46.75,0.6165
461.513,34.694,67.04,0.7031
490.983,34.218,29.15,0.8498
227.545,36.410,25.20,0.4452
254.160,35.660,13.14,0.2500
312.499,35.841,85.94,0.5433
480.178,36.460,19.23,0.6417
195.198,37.229,99.91,0.7403
215.080,37.391,21.15,0.2500
440.129,37.444,10.51,0.2500
160.514,38.267,50.22,0.3750
198.520,37.590,25.51,0.2500
395.639,37.992,10.89,0.2500
407.699,38.337,12.06,0.2500
411.322,38.038,8.06,0.2500
484.087,38.183,14.50,0.5820
347.887,39.504,29.53,0.4491
131.913,40.409,52.39,0.5178
281.053,41.602,64.94,1.1359
460.221,40.490,23.87,0.5459
219.024,41.908,9.90,0.2500
238.659,41.721,40.96,0.5542
42.582,42.789,64.27,0.2500
276.431,42.951,20.46,0.5065
440.997,43.474,32.73,0.3855
321.506,44.300,37.85,0.8323
340.378,44.316,46.28,0.9051
18.554,44.575,88.86,0.2500
144.226,45.240,17.51,0.5232
332.638,45.243,16.43,0.2500
476.215,46.148,38.05,0.9001
25.484,47.369,320.45,0.9920
343.468,46.660,17.54,0.2500
39.854,48.301,42.49,0.4255
176.887,48.471,42.37,1.0206
261.431,47.707,15.87,0.2500
438.858,47.995,10.56,0.2500
443.097,48.236,28.41,0.7989
150.638,49.366,21.65,0.2500
354.424,49.027,114.68,1.1335
395.102,50.513,47.25,0.8456
86.633,51.202,37.44,0.8379
142.762,50.686,22.98,0.5652
194.569,50.531,18.06,0.2500
247.561,51.273,23.70,0.4948
338.776,50.981,16.49,0.5076
384.484,50.940,11.59,0.3876
448.359,51.330,11.43,0.2500
474.849,51.462,16.85,0.2500
300.008,52.882,31.58,0.8831
483.298,52.250,16.54,0.2500
156.519,52.727,44.87,0.8453
218.688,52.800,83.26,0.9966
259.683,54.270,13.61,0.2500
353.506,54.030,41.43,0.2500
440.630,54.423,22.93,0.2500
7.119,54.765,183.41,0.7294
131.949,57.328,44.17,0.5357
194.906,56.791,52.57,0.7835
356.207,57.220,17.69,0.4585
274.542,58.372,90.91,0.7979
404.443,58.088,12.14,0.2500
439.767,58.420,14.87,0.2500
506.495,57.823,112.68,0.4762
75.557,59.088,29.97,0.2500
156.404,59.428,25.86,0.2500
242.152,59.044,41.58,0.9261
446.526,59.364,17.17,0.2500
88.461,59.723,13.17,0.2576
100.202,60.386,38.63,0.6653
147.307,60.585,20.34,0.3879
150.776,61.025,24.91,0.5103
310.690,61.141,11.09,0.2500
90.585,62.328,10.77,0.2500
463.964,61.818,33.99,0.6835
38.560,63.466,35.59,0.2500
173.500,62.967,27.77,0.2500
314.463,63.353,52.04,0.2500
102.831,63.817,19.50,0.4782
108.069,64.510,26.22,0.6801
180.392,64.382,17.36,0.2500
210.790,64.471,16.31,0.3034
355.186,64.314,32.52,0.7141
432.344,64.422,21.68,0.2500
188.470,65.494,36.07,0.2500
152.498,66.446,39.38,0.2500
176.504,66.319,22.71,0.2500
83.294,67.337,17.22,0.2500
107.307,66.870,11.45,0.2500
216.401,67.140,10.70,0.2500
257.483,66.831,17.70,0.2888
286.227,67.385,63.22,0.7824
325.498,66.770,16.01,0.3298
358.604,66.595,13.41,0.2500
502.486,67.066,225.08,1.0656
137.395,68.071,23.67,0.5673
174.052,67.755,11.29,0.2500
263.559,67.892,34.66,0.9336
408.387,68.198,7.02,0.2500
436.856,69.402,49.04,0.9684
449.821,69.105,22.45,0.5706
42.464,69.698,36.67,0.2500
48.194,69.932,38.19,0.5655
24.450,70.468,58.92,0.8031
220.926,70.619,8.37,0.2500
357.355,70.759,24.09,0.2500
291.945,72.464,19.73,0.4536
409.583,71.767,96.48,0.9965
190.674,73.491,15.82,0.2500
194.353,72.714,48.89,0.5365
138.540,74.358,62.55,0.2500
143.548,73.497,158.53,0.7336
170.112,73.580,86.32,0.5001
91.557,75.126,35.96,0.2500
148.346,74.672,24.50,0.2501
192.532,74.825,16.52,0.2500
215.175,74.627,53.52,1.1456
318.638,74.535,23.07,0.3193
335.160,75.035,10.83,0.5192
355.143,74.673,22.34,0.5657
56.557,76.494,30.43,0.2500
73.790,75.880,16.04,0.2500
95.854,75.876,8.28,0.2500
180.509,75.875,22.70,0.7113
292.369,76.192,51.90,0.5877
322.566,76.434,28.35,0.2500
406.498,76.392,17.69,0.2500
111.683,76.937,33.25,0.4869
162.037,76.847,104.14,0.9926
276.395,77.144,9.37,0.2500
302.253,77.560,23.75,0.7058
444.437,77.892,15.56,0.3859
68.222,78.611,78.02,0.9083
238.936,78.766,34.56,0.4122
276.310,79.127,29.17,0.6122
346.068,78.655,44.52,1.0378
468.132,78.943,12.11,0.2500
26.570,80.332,19.43,0.2500
79.860,79.989,19.93,0.4128
96.747,79.635,116.46,0.8587
217.591,80.163,19.00,0.2500
220.467,80.481,28.96,0.2500
234.730,79.565,81.83,0.4750
385.556,79.941,9.45,0.2500
61.511,81.185,41.60,0.2500
75.987,81.483,3.86,0.3835
208.709,80.671,107.08,0.8030
194.518,82.079,11.03,0.2500
260.414,81.781,91.73,0.5676
14.650,83.304,26.54,0.2500
79.897,82.900,202.20,1.1749
293.278,82.584,52.18,0.3709
312.515,83.012,32.40,0.9018
386.236,83.628,42.48,1.0036
22.196,84.480,53.72,0.8815
46.856,84.500,21.38,0.2500
117.955,84.393,63.41,0.6102
176.431,83.806,10.43,0.2500
198.751,84.500,29.25,0.2500
424.868,83.580,24.10,0.5077
98.561,85.497,36.21,0.2500
101.553,85.491,41.67,0.4031
238.097,85.392,77.52,0.6885
300.647,84.526,13.67,0.2500
330.366,85.440,28.78,0.7409
150.446,86.393,52.26,0.2500
297.514,86.219,35.20,0.4698
342.454,85.744,34.20,0.2500
41.419,86.862,23.35,0.2500
178.470,87.108,56.08,0.6648
336.289,86.896,8.69,0.2500
348.203,86.682,50.85,0.7222
37.440,88.332,22.23,0.2500
119.404,88.675,237.22,1.1907
187.242,89.211,9.86,0.2500
201.933,89.797,124.38,0.9592
227.677,89.498,16.13,0.2500
357.449,88.915,22.18,0.5359
175.913,90.188,25.72,0.5356
207.021,90.015,32.21,0.6884
327.806,90.293,9.36,0.2500
376.076,90.381,8.66,0.2500
444.911,90.051,24.78,0.6857
2.614,91.380,17.34,0.2500
144.397,91.015,9.62,0.2500
394.523,90.586,16.11,0.2500
88.846,92.600,38.94,0.6329
163.001,91.684,11.05,0.2500
212.482,92.326,32.08,0.2500
263.704,91.796,45.56,0.4740
353.273,92.047,21.38,0.2500
58.536,93.498,40.15,0.2500
141.079,92.686,77.06,0.6059
282.471,93.343,21.62,0.2500
185.136,94.064,33.27,0.4243
218.500,93.755,20.18,0.2500
356.409,94.551,131.79,0.4975
449.438,93.395,163.84,0.7812
48.333,95.313,24.99,0.6366
88.941,94.482,29.47,0.5857
114.676,95.225,31.22,0.4794
361.043,94.957,81.51,0.8089
401.523,94.780,21.14,0.5655
107.578,95.675,36.35,0.2500
313.421,96.033,34.04,0.5436
428.500,97.030,32.54,0.2500
84.880,98.186,67.88,0.7829
366.626,97.934,14.57,0.2676
27.550,98.434,41.33,0.9025
69.505,98.570,45.23,0.2500
114.594,98.779,59.62,0.5652
182.602,98.953,25.21,0.4832
48.427,100.311,27.70,0.5386
176.845,100.156,65.24,0.5122
191.795,101.199,34.39,0.6680
336.226,101.449,20.18,0.4974
115.404,101.640,18.41,0.2500
230.282,102.339,49.35,0.4390
189.965,102.646,48.53,0.7404
233.595,102.864,45.10,0.6301
139.890,105.200,41.47,1.0721
368.374,104.392,16.82,0.3599
5.612,104.967,33.49,0.7860
41.470,104.632,32.15,0.2500
66.175,104.824,158.59,1.1642
73.526,105.339,41.00,0.5054
116.350,104.594,30.67,0.3973
233.565,105.363,25.19,0.4675
327.109,104.961,19.44,0.7076
22.822,105.971,15.26,0.5117
139.912,105.616,45.20,1.0473
373.252,105.743,74.32,1.0159
35.763,107.206,7.65,0.2500
130.676,107.395,64.37,0.4482
225.078,106.407,52.57,0.8614
100.826,107.984,76.50,0.6913
110.707,108.428,50.24,0.6264
144.476,107.646,21.23,0.2500
153.486,107.768,15.51,0.2500
108.174,109.392,93.01,0.9908
209.730,109.121,211.10,0.9711
261.411,109.362,18.98,0.2500
342.528,108.889,152.25,1.0041
95.587,109.554,17.87,0.2500
196.353,110.182,57.15,0.5840
237.226,110.094,56.98,0.7323
52.573,110.800,54.71,0.6149
380.480,110.516,22.68,0.2500
128.448,112.415,27.50,0.2500
142.557,112.234,39.35,0.5002
186.855,111.806,89.17,0.7582
233.546,112.384,18.47,0.2500
236.915,112.236,64.03,0.4754
362.521,111.653,25.93,0.6677
48.629,112.971,17.52,0.2500
198.914,113.333,113.04,1.0079
260.401,112.695,17.29,0.2500
440.484,113.666,62.11,0.2500
42.232,115.412,165.29,1.0630
61.505,114.777,40.72,0.5851
124.138,115.448,23.60,0.4976
321.511,114.833,36.93,0.6143
336.284,115.185,49.72,0.7545
80.388,115.779,9.81,0.2500
86.769,116.353,33.84,0.4078
97.650,116.227,28.64,0.2500
158.563,116.375,20.24,0.2500
267.892,115.825,108.78,1.1684
29.390,117.026,96.78,0.8995
57.483,116.710,38.04,0.2500
129.864,117.087,79.52,1.0473
153.818,116.689,61.79,0.6115
274.527,117.481,54.45,0.3922
357.412,116.720,55.33,0.8689
103.024,118.598,98.60,0.8966
97.866,118.895,46.54,0.5718
115.387,119.100,38.53,0.7217
186.884,118.895,170.49,0.7839
244.473,119.467,53.58,0.2500
330.574,118.924,14.13,0.2500
354.426,118.592,15.24,0.2500
75.620,119.722,30.26,0.2500
79.424,120.279,25.52,0.2500
140.089,119.586,50.08,0.5919
173.912,120.267,71.70,0.5934
253.214,120.424,61.06,0.4948
304.440,119.531,91.22,0.2500
339.066,119.741,37.92,0.4698
350.548,120.453,24.80,0.2500
363.966,119.754,8.98,0.3166
376.321,120.205,47.26,0.7100
407.756,120.137,68.53,0.6321
504.872,120.202,228.62,0.7232
67.088,121.026,9.63,0.2500
86.518,121.213,32.00,0.2500
182.226,121.238,92.59,0.4657
218.303,120.600,51.35,0.6496
391.852,121.131,193.78,1.0284
64.939,122.468,19.11,0.4340
77.413,122.179,22.97,0.2500
269.762,121.827,99.21,0.8324
49.460,122.886,25.87,0.6451
201.533,123.042,13.43,0.2500
259.988,123.312,35.10,0.4692
365.260,123.632,58.23,0.8651
148.822,124.646,87.55,0.7345
108.198,124.879,77.17,1.0286
173.622,124.920,234.08,0.8084
36.163,125.609,46.53,0.6897
304.112,126.380,78.54,0.5946
23.545,127.368,65.68,0.2500
231.673,127.333,11.71,0.2500
112.682,127.725,10.69,0.2500
164.192,128.625,291.23,1.0445
256.144,128.224,63.52,0.5786
476.580,128.285,286.39,1.1414
76.961,129.812,57.39,0.6080
34.849,130.745,52.49,0.5885
62.562,130.683,95.51,0.6194
174.285,132.460,19.33,0.2500
277.005,132.339,10.39,0.2500
172.073,132.758,11.40,0.2500
223.307,133.049,63.21,0.7756
312.825,132.776,78.48,0.8378
129.125,133.724,92.31,0.5833
192.969,134.520,121.71,0.6931
64.438,134.606,27.40,0.2500
90.624,135.448,42.94,0.2500
100.465,135.184,21.90,0.2500
115.165,135.309,43.54,0.6745
164.287,135.093,12.39,0.2500
186.568,134.574,46.89,0.2500
294.553,134.628,51.57,0.7872
166.011,136.467,13.54,0.2500
472.845,136.195,61.30,0.4213
97.502,137.477,57.60,0.4550
125.631,136.963,19.01,0.2500
164.366,137.453,27.48,0.2500
378.581,136.821,105.03,0.7114
142.738,137.664,401.18,1.0795
39.440,139.107,18.62,0.2500
259.275,138.872,12.30,0.5626
260.573,138.577,12.36,0.2500
137.643,139.857,219.21,0.9450
159.126,140.304,49.79,0.5418
357.589,139.404,284.33,1.0046
54.930,141.426,40.85,0.4689
240.210,140.885,38.53,0.4269
499.679,140.638,38.86,0.2500
29.518,141.942,46.65,0.8433
266.077,142.059,56.66,0.9856
340.474,142.423,36.08,0.2500
8.331,143.233,17.55,0.2500
145.550,142.980,34.14,0.2500
221.505,142.708,72.41,0.5474
244.447,142.918,54.87,0.7200
309.650,143.225,30.57,0.5260
322.807,142.760,38.85,0.4490
494.514,142.701,29.95,0.2500
118.139,144.639,95.95,0.9762
132.442,143.706,59.95,0.2500
160.308,144.977,20.81,0.2500
285.544,144.930,47.20,0.3573
317.551,144.877,45.05,0.2500
360.419,145.373,51.79,0.2500
426.342,145.156,399.94,0.9442
81.452,146.330,46.15,0.2718
214.620,146.054,21.03,0.2500
36.857,146.496,45.06,0.5776
241.111,146.973,47.06,0.6683
185.674,149.200,156.25,1.1413
248.311,148.047,100.82,0.8751
273.897,147.812,8.13,0.2500
119.956,149.124,141.77,0.9911
175.652,149.167,27.92,0.7515
396.805,149.212,489.03,1.1959
41.845,150.167,32.97,0.8582
185.483,149.814,71.86,0.5117
210.697,150.276,32.53,0.2500
290.683,150.235,77.14,0.6170
126.240,151.364,70.39,0.5302
141.688,150.508,41.28,0.2500
149.250,151.118,53.24,0.4679
272.387,150.668,10.86,0.2500
479.851,150.565,74.02,0.8342
179.417,152.261,59.66,0.2500
207.000,151.779,7.71,0.2500
266.097,152.005,9.18,0.2500
390.850,151.672,349.08,1.0445
457.685,151.485,59.54,0.5078
445.529,153.087,107.58,0.7810
149.493,154.315,31.49,0.2500
263.509,153.673,33.59,0.2500
365.030,153.662,159.08,0.8108
17.409,155.162,12.35,0.2500
180.408,154.985,10.89,0.2500
222.740,155.251,15.43,0.2500
116.285,156.276,38.15,0.5700
189.542,156.449,49.98,0.8922
279.971,156.090,57.38,0.6141
285.444,156.118,60.38,0.3645
289.496,155.717,42.15,0.5067
224.367,157.338,34.15,0.5377
241.499,157.500,59.14,0.4152
336.270,157.109,215.65,1.1020
358.573,157.607,274.17,1.0041
411.117,156.892,165.11,0.6621
485.980,157.855,68.05,0.4462
41.963,158.228,131.04,0.7842
100.328,158.633,37.33,0.4672
18.526,159.685,15.93,0.2500
51.083,160.150,14.31,0.3790
396.028,160.352,190.39,0.7916
238.458,160.625,40.09,0.2500
350.130,161.286,142.30,0.7551
10.503,162.148,12.19,0.2500
184.427,161.504,21.50,0.2500
60.122,163.075,36.00,0.4049
124.469,162.818,23.34,0.4060
137.473,162.753,50.90,0.6038
298.392,162.095,63.85,1.0558
396.269,162.599,111.13,0.7517
435.317,163.372,18.12,0.2500
36.959,164.420,20.78,0.2500
86.063,163.637,129.05,0.9559
102.381,164.370,23.26,0.2500
196.091,164.372,8.06,0.2500
202.799,164.119,67.71,0.8969
256.758,164.150,187.52,1.1660
312.907,164.512,48.35,0.5300
342.456,163.679,141.41,0.6128
184.269,166.414,23.44,0.2500
200.026,166.151,39.37,0.7544
504.456,166.525,17.44,0.2500
31.817,168.348,39.52,0.4514
58.429,167.703,110.23,0.6416
171.300,168.658,48.79,0.8929
208.426,168.388,24.58,0.2500
248.949,167.880,77.64,0.7220
374.450,168.076,504.22,1.1190
468.440,167.989,18.94,0.2500
49.559,169.188,82.09,0.9492
296.794,168.757,48.47,0.6184
180.381,170.251,51.40,0.2500
445.929,169.818,11.41,0.2500
33.656,170.972,19.91,0.5773
61.079,170.587,82.69,0.4248
102.381,171.584,88.28,0.7534
27.880,172.309,39.03,1.0056
98.154,172.001,36.96,0.5563
214.469,171.969,58.16,0.4628
110.513,172.721,48.32,0.2500
370.151,172.572,246.02,1.0337
394.401,173.444,101.16,0.9454
475.992,173.436,86.98,0.8277
179.913,173.777,36.02,0.6517
469.439,174.263,52.75,0.4876
85.027,174.823,11.63,0.4839
96.441,174.639,31.11,0.2500
390.426,174.543,84.26,0.3842
400.835,175.087,75.65,0.7120
76.334,175.546,15.74,0.2814
202.036,176.388,40.82,0.6348
213.252,175.601,49.49,0.4340
283.976,175.511,14.33,0.2500
294.776,175.786,30.39,0.5880
360.002,175.502,445.21,1.1770
406.659,175.569,33.37,0.2500
456.599,176.001,20.27,0.3988
7.236,176.813,50.91,0.4701
145.421,177.149,7.94,0.2500
172.059,177.407,41.99,0.8064
183.192,178.159,7.83,0.2500
355.161,177.857,281.36,0.9574
265.056,179.282,39.07,0.7110
116.863,179.256,79.22,0.8734
146.305,179.648,17.48,0.2500
156.565,179.981,24.78,0.2500
350.529,180.390,56.32,0.2500
440.766,179.940,7.23,0.2500
467.038,179.566,50.36,0.7965
477.272,180.298,37.45,0.3498
233.816,181.491,242.63,0.6748
336.740,180.637,66.28,0.4609
17.502,183.031,20.22,0.4051
132.131,182.604,13.83,0.2500
223.798,183.372,17.04,0.2500
428.041,182.895,5.74,0.2500
440.339,182.900,30.68,0.3035
450.489,183.398,14.96,0.2500
28.442,184.468,23.21,0.2500
62.347,184.175,11.76,0.2500
212.578,183.719,23.75,0.2500
444.625,184.893,100.22,0.8705
468.824,185.066,62.56,0.7708
493.467,185.521,70.69,1.0000
62.534,186.121,27.62,0.3271
123.402,185.642,39.52,0.3376
294.615,185.835,52.92,0.7178
467.066,185.397,54.42,0.7966
248.730,187.166,49.04,0.8765
449.201,186.668,23.10,0.2500
475.156,187.123,41.05,0.6181
143.737,187.860,9.74,0.4305
158.440,188.487,24.29,0.2500
318.076,187.529,190.76,0.9123
323.292,188.523,85.53,0.4429
353.502,188.151,19.92,0.3207
362.459,188.100,30.48,0.3127
453.424,187.463,77.17,0.9328
29.738,189.492,21.55,0.2500
109.510,189.271,74.91,1.0333
152.016,188.971,9.68,0.3423
330.606,188.671,48.83,0.5214
72.735,189.718,113.46,0.6046
94.515,190.091,50.72,1.0414
156.512,190.345,31.96,0.2500
161.602,190.368,18.13,0.2500
178.828,190.243,115.11,0.7044
220.757,189.448,50.17,0.9536
242.938,190.269,47.31,0.5200
329.415,189.753,77.31,0.8168
4.895,191.678,61.48,0.8895
372.386,190.634,110.90,0.6123
41.907,192.188,11.57,0.2500
64.524,192.226,77.22,0.3752
78.564,191.987,12.36,0.2500
133.542,192.323,38.52,0.2500
230.272,192.510,149.66,1.1182
326.540,191.666,35.76,0.2500
348.991,191.607,71.01,0.7902
440.636,191.786,39.85,0.5698
101.176,194.258,10.51,0.2500
478.531,193.930,20.90,0.2500
88.495,194.907,11.22,0.2500
254.897,194.944,12.35,0.2500
351.799,194.501,23.25,0.5427
360.135,194.871,15.55,0.3797
460.730,194.483,83.17,0.4624
502.567,195.383,38.87,0.8034
124.694,196.031,120.36,0.8613
139.782,195.774,7.49,0.2500
172.464,196.266,61.66,0.2500
201.481,196.716,168.96,1.1047
391.219,196.211,7.53,0.2500
432.217,195.968,41.96,0.5566
207.205,197.462,21.56,0.2500
271.027,197.388,55.27,0.4280
406.642,196.748,22.88,0.5076
123.440,197.606,71.85,0.2500
251.885,198.160,85.58,1.1659
368.321,197.607,43.59,0.2500
380.805,198.057,61.12,1.0976
426.768,197.520,51.58,0.6668
4.645,198.828,81.15,1.1342
44.412,198.641,16.99,0.4877
164.036,198.975,83.34,0.8223
219.947,199.139,18.24,0.6786
257.226,198.611,28.33,0.2500
313.452,199.375,48.64,0.4828
17.272,200.453,44.61,0.4479
23.273,199.847,8.27,0.2500
134.175,200.045,55.56,1.0913
152.407,200.109,24.83,0.2500
156.456,199.833,41.82,0.2500
425.501,200.154,12.16,0.2500
158.564,201.100,21.79,0.2500
488.408,201.046,118.52,0.7846
219.071,202.049,6.16,0.2500
297.446,202.438,138.76,1.1847
94.636,203.146,8.75,0.2500
264.339,202.573,15.00,0.2500
294.303,203.006,60.26,0.3487
107.957,204.164,11.40,0.2500
139.552,204.207,17.29,0.2500
329.792,203.564,63.99,0.7006
348.282,204.125,24.29,0.4182
385.329,203.867,33.00,0.8364
126.604,205.491,18.68,0.2500
143.465,204.609,22.02,0.2500
402.737,204.585,16.44,0.2500
408.107,204.548,10.76,0.2835
111.503,205.786,24.29,0.2500
355.052,206.327,18.25,0.4921
425.606,205.772,29.87,0.2500
190.639,207.196,44.56,0.4365
390.542,207.344,43.65,0.6647
408.830,206.789,12.62,0.2500
480.279,208.249,145.56,0.8984
169.747,212.118,15.91,0.3936
455.286,211.906,61.95,0.5262
314.428,215.031,69.10,0.7364
469.502,216.498,30.35,0.2500
479.554,216.348,17.86,0.2500
43.298,217.249,109.13,1.1341
456.554,217.697,63.35,0.8696
26.473,222.120,43.99,0.3045
482.574,222.282,17.57,0.2500
464.670,222.560,15.35,0.2500
482.780,227.078,42.31,0.4788
425.476,230.229,140.05,0.5661
308.125,232.054,95.68,0.9583
31.534,233.666,52.53,0.2500
460.780,233.977,42.57,0.6493
457.673,234.968,20.88,0.2500
490.764,234.646,19.64,0.4647
471.000,235.909,17.90,0.3429
477.500,236.230,15.62,0.2500
485.189,236.716,72.11,0.6163
34.528,239.114,28.88,0.2821
469.259,239.760,82.47,0.4526
476.253,240.210,58.78,0.5803
47.702,244.133,28.46,0.2500
500.849,244.300,8.80,0.2500
44.442,245.429,73.73,0.2500
174.770,245.441,4.60,0.2500
456.417,245.175,36.95,0.7750
504.296,245.378,12.98,0.2500
476.382,247.244,25.31,0.2500
490.590,247.248,31.64,0.2500
307.443,248.335,51.86,0.5743
465.460,248.818,45.19,0.5765
456.341,249.978,56.18,1.0292
475.985,251.289,23.90,0.2500
13.075,252.260,50.46,0.4731
446.210,252.110,70.12,1.0792
466.460,253.088,42.97,0.3385
489.506,253.825,29.43,0.2737
428.770,255.683,63.97,0.6597
468.521,256.331,26.60,0.2500
477.489,255.870,70.13,0.7804
17.843,257.718,230.39,1.0658
484.675,257.741,53.71,0.6842
453.505,260.840,34.93,0.5387
487.477,260.502,30.72,0.2500
47.506,262.104,83.75,0.7268
474.483,262.059,8.76,0.2500
480.473,263.415,68.63,0.6296
22.719,264.535,25.94,0.2500
144.493,265.495,31.25,0.2500
492.713,266.107,60.74,0.7678
245.493,267.020,69.45,0.5825
428.286,266.696,21.03,0.6436
476.499,266.951,11.08,0.2500
454.061,267.812,69.10,0.5065
143.682,269.384,43.73,0.2500
502.528,269.629,35.24,0.2500
245.401,270.551,30.66,0.2500
337.520,270.680,45.04,0.6045
435.765,270.870,9.27,0.2500
52.092,272.053,23.94,0.6261
145.669,271.617,24.77,0.2888
451.503,272.154,24.09,0.2500
408.517,272.993,36.15,0.2500
502.470,273.110,40.33,0.7309
31.053,274.426,12.67,0.3351
39.536,273.889,16.39,0.5225
190.501,273.875,31.50,0.2500
448.137,273.658,27.55,0.2500
42.103,274.783,10.17,0.2500
336.997,274.632,108.63,1.0261
2.633,276.063,30.03,0.2500
30.895,275.533,14.80,0.4968
43.906,276.389,10.39,0.2500
64.280,276.424,47.54,0.3776
349.983,275.673,28.14,0.4267
359.207,275.867,40.41,0.6163
231.707,277.415,21.22,0.3133
324.561,277.032,15.59,0.2500
278.425,278.153,20.44,0.2500
303.163,278.367,10.05,0.2500
412.295,277.812,45.90,0.5176
17.498,279.120,20.54,0.2500
27.048,278.889,13.46,0.3947
47.449,278.536,29.19,0.2500
124.671,279.114,39.48,0.2500
137.494,278.957,23.50,0.6209
476.442,279.337,11.80,0.2500
489.769,279.358,124.28,0.9933
39.106,280.842,79.32,1.1974
322.565,280.443,26.54,0.2500
64.438,281.199,31.70,0.2500
274.587,280.553,17.81,0.2500
279.799,280.534,12.50,0.2500
282.925,280.860,51.36,0.4412
332.169,280.593,51.59,0.7077
237.940,281.485,63.48,0.8960
64.446,282.670,32.02,0.2500
338.425,283.051,131.07,0.9036
455.241,282.661,32.55,0.3579
23.813,283.858,86.26,1.0913
136.048,284.804,29.63,0.6509
192.292,285.761,31.01,0.6646
271.882,285.976,158.05,0.7162
69.749,286.925,37.41,0.6282
292.545,286.834,36.27,0.6346
133.460,288.794,76.48,0.8845
158.672,288.505,50.64,0.5956
267.408,287.567,262.57,0.8023
358.538,287.734,17.91,0.2500
419.607,288.412,15.72,0.2500
423.494,288.382,66.59,0.2500
154.274,289.042,77.46,0.7915
218.549,288.952,13.89,0.2500
309.526,289.326,27.49,0.2500
349.511,289.183,29.93,0.2500
181.405,290.304,22.45,0.2500
207.596,289.762,22.16,0.2500
257.197,289.980,74.81,0.6903
346.452,290.177,55.49,0.4045
426.623,290.280,13.90,0.2500
429.929,290.415,63.90,0.6393
84.346,290.693,36.47,0.6079
196.453,290.522,23.50,0.2500
242.899,290.732,8.77,0.2500
265.621,290.706,12.89,0.2500
437.504,290.587,18.58,0.2500
92.432,292.440,17.98,0.2500
97.840,292.459,22.17,0.2500
130.870,292.367,66.78,0.6137
184.372,291.520,42.17,0.2500
376.217,291.778,27.34,0.6911
385.388,292.497,27.75,0.2500
392.221,292.453,38.10,0.7803
492.028,292.282,52.35,0.7222
112.460,292.584,42.48,0.2500
167.136,293.497,18.61,0.2500
195.240,292.716,13.17,0.2500
223.255,292.588,40.86,0.6031
255.595,293.666,26.63,0.2500
270.413,293.614,47.40,0.9242
355.043,293.598,17.19,0.2500
506.664,293.790,17.78,0.4237
139.371,294.892,70.41,0.5948
150.693,294.931,35.56,0.4753
334.494,294.828,15.65,0.4445
390.514,295.047,25.23,0.4338
203.266,296.320,136.87,0.8029
286.588,295.854,30.49,0.4480
312.473,296.174,20.74,0.2500
352.234,296.162,76.50,0.5891
38.402,297.111,34.63,0.2500
71.214,297.198,86.61,0.6185
107.639,297.140,56.13,0.7014
110.743,297.105,33.97,0.4567
340.402,297.274,21.75,0.5747
363.103,296.958,52.06,0.6520
415.752,296.310,46.97,0.7341
7.047,298.760,7.41,0.2500
172.481,298.864,23.90,0.2500
160.304,300.234,89.74,0.7482
233.439,300.103,54.39,0.4646
295.261,300.435,26.70,0.2500
385.490,300.457,27.53,0.2500
443.805,300.021,93.14,0.6800
236.161,301.627,24.91,0.2500
428.166,301.657,44.20,0.5533
76.162,303.190,157.16,0.9725
120.166,302.922,2.13,0.2500
238.634,302.604,21.67,0.2500
60.426,304.423,46.29,0.2500
477.514,304.316,26.71,0.6246
498.468,304.376,23.09,0.6305
24.398,304.814,81.91,0.9881
210.534,305.214,39.23,0.2500
247.968,304.686,42.66,0.4741
399.643,305.380,91.59,0.7516
64.632,305.963,343.47,1.1528
258.026,306.554,141.10,1.0173
2.511,306.356,60.41,0.8315
193.513,307.129,23.18,0.5925
266.722,307.927,139.41,1.0459
313.894,307.191,83.07,1.1948
331.909,307.862,6.13,0.2500
345.423,308.264,45.98,0.2500
503.469,308.419,17.29,0.2609
292.472,309.372,84.05,0.8680
306.665,309.553,41.41,0.4587
398.340,310.381,149.15,1.0228
441.518,309.717,65.44,0.2500
102.618,310.728,39.99,0.5375
120.423,310.566,55.12,0.2500
246.391,311.996,83.11,0.6632
89.600,313.492,63.75,0.2500
241.752,312.606,82.27,0.6600
307.831,312.968,34.46,0.7597
450.638,312.756,49.85,0.2500
483.778,313.458,132.45,1.0377
13.096,314.077,42.38,0.6204
138.062,315.213,31.98,0.4083
341.892,314.918,45.46,0.6730
403.854,314.825,85.32,0.8123
192.417,316.080,14.47,0.2500
236.085,315.673,135.71,1.0007
241.502,316.436,41.33,0.2500
324.423,317.334,15.62,0.2500
361.051,317.216,78.51,0.9500
178.751,317.553,34.71,0.2500
382.961,318.077,75.50,0.9639
174.589,319.411,59.46,0.5825
414.880,319.538,92.13,1.0232
468.531,319.195,59.97,0.2500
497.725,318.684,21.90,0.6575
198.319,320.304,48.75,0.6037
220.119,319.980,44.05,0.5285
392.032,320.304,85.18,0.8080
465.584,320.366,56.34,0.2500
244.757,321.495,50.90,0.5880
310.584,321.311,53.96,1.0457
255.623,322.671,17.69,0.2500
396.145,323.029,51.71,0.5966
31.701,323.774,23.72,0.2500
183.389,323.608,35.97,0.2500
260.069,324.451,17.01,0.2500
294.612,323.697,11.75,0.2500
304.146,324.351,16.57,0.5541
327.609,324.487,15.72,0.2500
9.499,324.897,39.11,0.3742
187.346,325.332,22.06,0.2500
344.570,324.863,159.73,0.5584
442.633,324.885,25.50,0.2500
156.500,327.315,20.52,0.2500
305.673,326.732,54.19,1.0862
364.672,326.632,100.50,0.9888
435.278,326.743,38.31,0.2500
131.144,327.987,148.75,0.8419
144.434,327.932,28.62,0.4024
453.837,327.441,93.85,1.0111
408.671,329.033,101.50,0.9001
212.506,330.137,47.45,0.6581
264.397,329.828,16.88,0.2500
350.552,330.403,50.16,0.2500
496.316,329.627,12.39,0.4258
293.419,331.082,36.08,0.6163
318.826,330.405,30.37,0.7190
376.434,331.279,24.99,0.2500
350.840,332.937,95.04,0.8147
255.380,334.395,38.72,0.2500
409.241,334.180,145.11,0.7182
113.950,334.841,56.60,0.6374
223.144,334.633,43.01,0.6304
236.337,335.302,36.84,0.2587
274.971,335.134,8.95,0.2500
488.398,335.417,15.22,0.2500
184.852,336.225,19.63,0.5839
203.589,336.400,26.19,0.2500
261.381,336.537,110.31,0.8906
267.738,336.281,46.67,0.5065
296.390,336.406,58.88,0.3814
403.998,336.495,254.12,1.0714
492.973,336.177,25.23,0.6415
217.320,337.368,62.75,0.5433
469.184,336.735,78.37,0.8437
488.431,336.657,23.20,0.2500
107.479,338.103,96.93,0.7620
182.621,338.015,9.36,0.2500
461.561,338.429,22.75,0.2500
58.289,339.491,159.01,0.8283
186.665,339.361,23.52,0.4175
271.185,338.600,9.44,0.2500
468.745,339.126,58.55,0.7884
5.462,340.238,48.43,0.4110
158.397,339.695,136.44,1.0117
204.991,339.708,70.65,0.9869
222.561,340.391,27.00,0.2500
260.070,340.470,20.60,0.2760
332.441,340.444,41.71,0.2500
417.501,340.433,42.41,0.2500
437.685,340.315,36.31,0.5049
504.038,340.277,58.10,0.4415
37.111,341.082,62.03,0.7037
385.229,340.833,315.70,1.1774
118.544,342.427,60.62,0.2500
308.390,342.136,13.61,0.2500
498.944,342.083,69.04,1.1476
105.581,342.838,54.71,0.5487
171.732,343.437,78.00,0.4984
292.616,342.471,54.25,0.7760
364.718,343.456,104.23,0.5381
406.763,343.072,42.66,0.4771
468.558,343.238,22.35,0.2500
56.459,343.525,66.45,0.4801
239.046,345.122,89.72,1.1453
93.466,344.798,118.68,0.5531
127.903,345.497,14.08,0.2500
458.643,344.761,66.61,0.4931
184.704,347.435,14.56,0.2500
254.327,346.562,16.99,0.2500
316.307,347.263,93.22,0.3811
320.170,346.836,145.70,0.6465
422.569,347.426,29.49,0.2500
169.643,348.437,42.70,0.2500
194.276,348.097,23.85,0.6756
306.800,348.286,35.17,0.5832
51.660,348.732,78.92,0.7330
146.863,349.972,39.41,0.4799
155.712,350.398,31.92,0.4595
255.812,350.362,122.72,0.7586
79.325,350.722,81.24,0.9657
293.039,350.608,69.31,0.7017
401.136,350.846,46.60,0.8202
143.827,352.135,23.65,0.2500
203.576,352.036,44.81,0.2500
418.371,352.405,51.32,1.0159
428.350,351.924,22.16,0.4192
450.887,352.504,16.36,0.2500
149.636,353.401,69.00,0.4636
213.315,353.153,140.32,0.7826
338.987,353.309,232.03,1.1482
445.345,353.350,49.14,0.5815
471.412,353.433,18.24,0.2500
11.021,355.225,73.43,0.8858
94.990,355.232,88.22,0.5875
116.100,355.400,24.10,0.5186
171.869,354.575,14.74,0.2500
410.596,355.589,37.42,0.9592
286.572,356.687,56.43,0.5713
50.184,357.615,80.95,0.6512
260.029,357.500,19.16,0.3162
441.349,359.278,44.50,0.6277
12.635,359.888,75.66,0.8684
120.465,360.195,38.02,0.7689
350.612,359.514,100.14,0.5634
428.964,360.312,9.49,0.2500
476.274,360.389,35.56,0.6702
4.186,361.557,19.68,0.2500
7.550,362.411,46.40,0.2500
153.503,361.506,51.70,0.2500
272.662,362.253,52.01,0.4067
430.874,362.374,30.69,0.4346
214.535,362.537,41.70,0.2500
308.315,362.855,43.68,0.5860
405.443,363.069,141.94,0.5849
93.538,363.937,30.31,0.3626
231.011,364.186,41.42,0.4516
253.305,364.445,52.73,0.2500
349.434,363.833,121.48,0.8584
456.518,363.747,24.08,0.2500
473.331,363.628,42.16,0.8519
52.330,365.447,35.72,0.2500
317.475,364.829,40.16,0.2500
344.124,365.617,88.18,0.6388
132.572,367.396,40.78,0.2500
253.287,366.627,194.14,0.8734
298.572,367.534,55.89,0.2500
389.520,366.684,24.86,0.3958
338.484,367.767,167.50,0.9403
280.038,369.481,30.67,0.3409
282.201,369.479,43.93,0.4155
442.546,369.410,36.27,0.2500
15.024,369.618,49.42,0.7757
56.412,369.626,30.16,0.4938
77.550,370.458,54.86,0.2500
379.200,369.770,143.69,0.8130
453.499,369.504,38.20,0.2500
69.494,371.392,24.25,0.2500
90.649,370.960,12.09,0.2500
188.950,370.593,13.46,0.2500
440.457,371.489,49.02,0.2500
65.485,372.265,15.41,0.2500
198.775,371.810,10.12,0.4011
241.920,371.934,41.38,0.6095
408.547,371.845,14.92,0.2500
483.745,372.303,130.91,0.9355
115.616,374.125,79.57,0.9169
85.580,374.925,27.97,0.3947
368.881,375.062,35.68,0.5450
416.498,374.754,21.09,0.2500
132.615,376.154,17.70,0.2684
218.648,376.232,11.49,0.2500
260.686,376.103,92.37,1.0211
272.500,376.331,56.51,0.5571
336.427,376.034,60.77,0.3495
208.881,377.065,74.40,0.5456
30.618,377.847,22.80,0.5095
68.562,378.326,28.69,0.2500
128.316,377.860,55.95,0.8980
199.508,377.818,75.54,0.9091
236.807,377.519,107.04,0.6888
421.007,378.475,57.63,0.6058
14.537,378.548,26.23,0.2500
19.663,378.541,19.27,0.2500
139.586,379.070,39.94,0.5038
290.068,378.603,160.10,0.9352
333.638,378.902,31.82,0.2500
368.466,378.547,53.46,0.2500
388.008,379.088,11.83,0.3978
399.493,379.340,64.18,0.6133
104.001,380.652,49.49,0.8994
181.481,379.871,14.14,0.2500
205.505,380.047,36.04,0.3417
226.589,379.923,55.32,0.2500
314.711,380.532,152.56,0.7555
83.230,382.736,112.08,0.5965
129.134,383.331,69.35,0.8824
168.983,383.181,14.09,0.2500
181.346,383.130,52.74,1.0425
210.425,382.924,47.18,0.3286
225.530,382.749,22.91,0.3648
248.068,382.690,28.22,0.3835
397.341,383.167,100.49,1.0092
410.182,383.446,60.37,0.8002
418.708,382.602,26.00,0.5757
462.082,384.410,31.19,0.4187
156.716,384.591,67.28,0.7322
221.447,385.495,52.65,0.5942
378.713,385.071,20.02,0.5067
12.780,385.698,11.74,0.2500
270.007,385.640,268.01,1.0434
428.092,386.355,33.79,0.7167
106.547,387.305,27.60,0.5035
250.127,386.628,24.27,0.2500
339.244,386.887,20.97,0.3897
55.387,388.456,27.06,0.2500
410.376,388.376,65.46,0.6123
472.244,387.926,35.30,0.7445
82.391,388.821,22.48,0.4902
111.111,390.066,55.98,0.4723
44.398,390.512,21.76,0.2500
248.774,390.612,39.45,0.4015
374.793,391.515,62.63,0.6185
151.482,392.404,19.68,0.2500
380.273,392.170,36.75,0.5295
442.366,391.510,78.46,0.8101
110.140,393.451,48.91,0.4252
448.209,392.951,91.10,0.9011
223.192,393.461,39.33,0.5529
246.182,394.447,65.28,0.5744
383.951,394.397,54.99,0.5658
15.381,395.142,37.23,0.5183
8.069,396.490,78.76,0.6168
265.714,396.039,153.45,0.6743
369.167,395.563,40.07,0.3669
143.408,397.096,130.64,1.1750
242.228,397.215,136.51,0.8113
480.824,396.532,40.14,0.3668
206.633,397.745,19.58,0.2500
307.485,398.015,31.76,0.3142
368.312,397.659,38.16,0.2500
51.219,398.624,27.95,0.2500
54.883,399.561,57.81,0.7040
232.864,399.999,188.61,0.9364
245.171,399.429,79.17,0.4185
80.485,400.012,40.20,0.4322
124.479,400.414,18.10,0.2500
137.902,400.606,100.07,1.0384
336.202,399.789,97.32,0.9705
350.259,399.917,48.78,0.6042
434.651,400.304,94.42,0.6872
6.344,401.711,17.86,0.2500
192.463,402.328,72.36,0.5205
94.537,403.688,16.92,0.2500
98.485,403.670,15.96,0.2500
204.546,404.002,23.51,0.2500
238.696,404.986,81.03,0.6231
368.131,405.055,46.30,0.6759
120.476,405.984,28.85,0.3614
155.159,405.963,76.75,0.6122
76.241,406.955,164.13,0.9549
113.373,406.414,69.38,0.8100
228.612,406.856,57.22,0.4779
364.461,406.579,37.43,0.2500
157.534,408.145,34.42,0.5799
252.297,408.366,161.45,0.8259
270.347,407.690,66.42,0.2520
103.301,409.006,109.35,1.1273
135.382,409.457,26.25,0.2500
316.560,408.848,128.95,0.9860
334.229,410.171,30.85,0.4797
139.872,410.420,49.21,0.8270
172.151,410.875,22.26,0.4387
218.952,411.334,81.57,0.4417
355.592,410.483,96.56,0.9321
385.548,411.660,28.53,0.2500
404.576,411.759,21.55,0.2500
274.563,412.772,35.89,0.2500
121.647,414.083,56.27,0.5925
164.110,413.792,58.05,1.0192
251.011,414.378,221.51,0.9548
422.491,413.807,44.28,0.8944
50.608,415.045,32.61,0.2500
59.894,414.748,278.70,0.9847
404.434,415.371,21.90,0.2500
502.039,415.314,289.06,0.9308
3.569,416.462,41.31,0.2500
171.218,416.303,23.68,0.4820
245.449,415.909,201.53,0.8307
357.442,415.874,116.23,0.9746
52.434,417.977,36.64,0.2500
127.645,417.909,21.32,0.2500
135.760,418.734,36.31,0.5640
64.325,420.263,53.33,0.7238
76.798,419.911,65.26,1.0687
180.407,419.788,89.40,0.5445
259.612,420.604,423.26,1.0702
46.278,421.297,80.91,0.6897
307.822,421.502,60.48,0.4536
348.096,421.646,42.42,0.7624
6.923,422.781,74.02,0.8871
324.530,423.132,30.62,0.4821
253.471,424.659,224.57,0.9347
341.079,424.139,21.44,0.5701
244.805,424.783,31.34,0.2500
496.024,425.606,308.53,1.1438
63.098,425.504,12.29,0.2500
257.494,426.114,61.34,0.3844
406.763,425.911,35.31,0.4395
154.599,427.162,40.38,0.5484
157.983,426.557,73.52,0.9001
174.404,427.378,56.76,0.2500
282.788,427.360,122.02,1.1393
308.191,427.112,31.78,0.5030
342.979,426.619,16.48,0.2500
394.767,426.602,35.49,0.4575
173.502,428.660,52.04,0.5092
203.399,429.467,76.68,0.2500
373.382,428.882,63.97,0.6440
32.492,430.035,75.77,0.4606
207.921,430.480,248.09,1.1135
288.481,430.187,20.52,0.2500
404.819,429.840,31.41,0.5418
44.365,430.513,19.82,0.2500
272.153,431.238,52.53,0.7102
347.582,431.362,31.84,0.3213
474.808,431.397,279.08,1.1471
103.225,432.215,69.78,0.5994
413.337,432.044,61.83,0.6386
489.165,431.884,160.82,0.8009
117.030,432.996,109.36,0.6647
341.216,432.937,27.86,0.6082
366.328,432.781,111.64,0.9188
372.680,433.083,86.40,0.6255
136.418,433.929,15.94,0.2525
312.165,433.533,25.65,0.5563
299.921,435.208,91.24,0.9896
357.476,434.721,72.14,0.6072
420.409,434.884,139.11,0.6456
135.043,436.247,59.99,0.7222
380.063,436.260,17.21,0.2500
462.547,435.731,66.31,0.2500
316.672,436.921,20.79,0.3926
383.163,437.480,37.73,0.4640
9.471,439.117,172.93,0.9227
494.611,438.759,48.31,0.2500
62.864,440.136,50.96,0.8341
102.372,439.600,40.54,0.8547
136.542,439.976,52.91,0.5794
160.811,439.964,75.03,0.7954
172.322,439.585,77.68,0.3695
308.412,440.487,19.06,0.2500
340.019,439.622,25.47,0.5727
445.460,439.832,106.83,0.8213
145.005,440.855,48.17,0.7885
247.863,443.023,11.22,0.2500
372.274,442.669,46.61,0.3092
392.110,442.614,27.37,0.6039
102.081,445.892,35.42,0.4959
190.172,447.619,68.33,0.5452
226.916,447.447,49.11,0.5720
363.311,447.077,37.50,0.5482
28.329,448.429,39.96,0.2500
348.460,447.566,1.48,0.2500
98.114,448.676,130.83,0.8295
160.926,448.542,300.00,1.0415
426.944,447.800,321.18,1.1931
94.756,449.962,39.34,0.6314
152.943,450.440,203.99,0.9804
316.149,450.611,38.22,0.8317
477.523,451.197,44.99,0.2500
429.180,452.128,194.29,0.8461
461.391,452.333,46.83,0.2500
256.334,452.505,55.05,0.2500
470.353,452.888,92.93,0.5059
30.558,454.211,18.76,0.2500
36.521,454.497,35.61,0.2500
92.467,455.579,92.46,0.9358
169.455,455.212,41.69,0.2500
320.546,454.524,41.08,0.2500
135.052,456.519,56.23,0.5979
144.104,456.254,71.22,0.4399
283.402,455.763,16.05,0.2500
353.389,456.230,65.47,0.8724
235.852,456.508,106.41,0.6130
430.028,456.434,292.62,1.0679
266.564,458.438,63.21,0.2500
51.488,458.811,56.02,0.8671
103.996,458.521,21.63,0.2500
458.820,458.535,72.83,0.6279
505.514,458.883,14.26,0.2500
115.145,460.442,47.78,0.5466
163.821,459.888,56.81,0.6733
104.463,462.282,29.30,0.2500
184.363,462.608,98.28,0.8979
109.494,462.657,56.69,0.5726
144.394,463.259,34.22,0.2500
146.593,463.037,25.72,0.2500
277.518,463.174,3.38,0.3251
292.415,463.365,48.03,0.2500
310.903,464.109,201.85,0.8452
196.176,465.018,28.14,0.5663
299.986,465.070,15.88,0.2500
180.359,465.530,26.16,0.2500
305.427,466.373,244.53,0.8939
138.508,467.206,19.28,0.2500
206.569,466.785,21.07,0.2500
389.050,466.876,122.71,0.6748
402.663,467.305,213.67,1.1334
494.500,466.942,14.35,0.5283
172.452,468.457,34.47,0.2500
238.545,467.875,62.45,0.7255
309.507,468.072,36.63,0.2500
455.539,468.101,161.46,1.0772
76.433,468.849,98.61,0.5225
394.714,470.193,66.95,0.4008
126.463,470.912,70.51,0.6772
241.982,471.232,71.26,0.9178
330.043,471.137,86.36,1.1404
57.494,472.712,34.01,0.7928
73.488,471.582,49.56,0.2500
133.562,471.650,96.47,0.8101
153.828,472.159,62.59,0.7862
340.024,472.396,27.71,0.2500
423.851,471.940,74.69,0.8708
418.678,473.700,45.16,0.2500
103.844,475.224,226.13,1.0038
201.267,474.612,78.07,0.4732
488.997,474.650,81.87,0.7368
134.727,476.306,46.94,0.2500
142.123,476.368,54.79,1.1403
149.427,476.334,37.55,0.8011
374.575,476.208,70.77,0.6627
394.166,476.361,91.69,0.5131
468.664,476.165,215.88,0.5558
501.542,475.829,26.63,0.2500
463.162,477.172,9.84,0.2500
389.845,477.664,71.64,0.3492
212.907,479.233,53.01,0.6040
323.303,478.523,24.06,0.2500
184.219,479.566,66.76,0.5223
396.642,481.132,132.95,1.0113
152.709,482.432,16.01,0.2500
290.584,482.309,34.90,0.2500
359.417,481.714,33.79,0.2500
462.549,482.047,100.08,1.0391
209.747,483.495,57.91,0.5920
213.969,482.963,69.67,0.6750
284.477,483.178,146.78,0.9561
312.425,482.900,18.06,0.4068
362.458,482.878,34.56,0.2500
11.361,484.969,77.20,1.0803
23.601,484.214,60.76,1.0113
165.726,483.576,34.97,0.2500
192.012,483.550,86.62,0.8148
436.494,483.749,27.41,0.2500
428.795,485.019,191.48,1.1478
476.490,485.447,48.24,0.8144
202.553,485.542,104.81,0.6613
160.675,486.629,22.43,0.2500
280.463,487.041,130.24,0.9749
313.005,486.834,99.94,1.1642
256.156,488.311,36.37,0.5900
435.549,488.238,130.19,0.5941
499.598,487.951,9.89,0.2500
109.686,489.990,79.00,0.9549
137.573,489.900,139.39,0.9000
198.481,489.865,66.89,0.5778
427.779,490.333,30.52,0.3926
440.160,489.708,108.96,1.0244
101.048,490.966,154.09,1.1950
96.386,492.333,28.82,0.5058
149.497,492.413,28.33,0.4939
382.157,491.302,223.98,1.1061
45.274,494.566,249.39,1.1064
132.224,494.589,38.48,0.5563
78.112,496.094,36.30,0.4024
112.263,496.187,15.02,0.5057
144.558,495.525,65.78,0.2500
344.436,495.599,41.96,0.2500
408.209,496.001,35.53,0.6537
87.321,497.467,103.18,0.8128
228.105,496.539,13.61,0.2500
238.639,496.924,61.80,0.4529
392.387,496.991,102.59,1.0670
467.841,497.453,126.30,1.1156
428.408,497.534,18.71,0.3407
134.300,498.628,87.06,0.6606
476.822,499.199,40.00,0.7329
114.261,500.276,60.05,0.5936
177.464,499.818,17.95,0.4536
217.120,500.111,170.45,0.7082
319.425,500.403,43.77,0.2500
330.825,500.482,38.80,0.3937
209.491,500.985,45.53,0.3836
252.403,501.339,115.65,0.7647
78.519,502.381,74.58,0.2500
502.728,501.672,92.06,1.0616
7.913,502.934,61.91,0.6665
89.596,503.019,12.98,0.2500
116.466,503.199,26.47,0.2500
182.063,504.453,13.41,0.2500
224.379,503.781,27.84,0.2500
301.554,504.295,92.73,0.6859
5.487,504.952,79.21,0.8170
133.758,505.481,44.71,1.0666
340.910,504.642,65.38,0.5259
422.556,505.493,70.37,0.2500
204.120,505.501,11.72,0.2500
331.315,505.710,82.67,0.6687
503.905,505.560,47.97,0.6265
15.520,506.707,73.15,0.2500
161.505,506.903,20.22,0.5193
312.396,506.939,63.90,0.4822
390.484,506.577,88.06,0.2500
37.349,508.638,180.46,0.9266
166.838,507.553,31.65,0.6834
299.474,508.376,84.37,0.5983
327.147,507.862,192.79,0.9395
448.435,507.861,46.05,0.4580
434.719,218.943,8.06,0.2500
196.550,229.703,117.44,0.6337
317.080,242.391,224.12,0.6073
349.334,218.136,51.86,0.5743
199.037,257.357,34.20,0.3577
425.075,225.096,29.64,0.5753
354.122,255.982,96.11,0.8087
185.987,230.383,56.79,0.7286
152.569,256.517,149.85,0.5404
266.989,268.440,310.13,0.6596
100.096,267.675,1095.30,1.4907
110.557,226.581,45.14,0.5053
340.167,242.767,73.06,0.6222
253.286,237.187,50.90,0.5880
326.435,226.140,66.37,0.4779
326.215,246.381,54.86,0.3485
376.403,262.606,16.57,0.5541
299.345,260.665,231.27,0.8959
328.197,247.552,26.41,0.4135
301.830,261.409,103.34,1.0512
333.557,240.997,180.35,0.6060
169.475,249.810,184.50,0.6407
378.129,266.667,138.73,0.9682
231.450,249.472,233.79,0.8696
150.657,214.096,92.43,0.5944
402.722,253.112,196.93,1.4092
78.069,254.184,59.94,0.2500
396.784,223.571,14.84,0.2500
377.522,261.258,36.93,0.2500
423.156,220.813,154.55,0.6855
54.694,257.131,111.13,0.7517
95.354,261.618,15.91,0.3936
364.604,239.269,122.22,0.4119
88.843,215.464,78.72,0.2506
192.818,220.949,213.22,1.2605
404.767,250.129,39.07,0.7110
408.060,212.658,112.48,0.6574
97.036,250.332,6.16,0.2500
53.591,220.015,129.02,0.5863
348.889,246.071,246.01,0.7431
182.961,242.728,327.74,0.5805
89.366,214.751,63.44,0.2500
162.281,221.629,124.43,1.4692
268.324,269.033,222.56,0.6546
207.117,235.154,43.73,0.2500
208.011,237.041,238.16,0.5984
120.445,238.187,40.73,0.2500
227.996,242.358,141.10,1.0173
106.973,223.186,381.29,0.6928
96.077,211.010,24.03,0.4507
322.803,248.301,89.38,0.6000
232.383,225.506,70.59,0.5414
188.023,248.800,105.58,0.6543
174.051,261.452,20.01,0.2500
441.720,236.089,18.58,0.2500
322.048,236.323,43.99,0.3045
110.022,221.951,121.44,0.8613
403.744,253.469,50.96,0.4750
369.928,251.359,62.98,0.8696
275.598,264.686,66.78,0.6137
140.721,255.747,56.18,1.0292
392.411,219.828,175.72,0.7062
368.378,257.130,45.14,0.5053
300.330,269.847,102.18,0.5291
359.221,231.850,78.72,0.2506
249.824,221.630,70.26,0.2500
379.576,259.766,90.92,0.6185
361.229,265.650,1095.30,1.4907
177.676,268.918,114.00,1.0085
381.195,216.096,66.11,0.4293
304.274,261.945,6.13,0.2500
447.879,238.371,186.38,1.3679
59.553,237.472,226.79,0.8254
196.128,259.334,22.45,0.2500
205.918,263.910,46.51,0.5853
95.562,227.855,78.72,0.6903
164.899,255.136,67.88,0.9242
61.426,262.123,137.62,1.2233
341.710,261.129,82.64,0.4775
208.362,268.785,152.49,0.5608
66.972,230.829,47.60,0.3206
129.120,260.322,58.73,0.2500
320.774,236.185,77.17,0.9328
432.848,236.691,129.15,0.6532
112.563,255.274,429.30,0.8247
243.589,233.018,72.83,0.3197
386.009,254.243,254.45,0.6748
361.752,238.948,85.22,1.0309
245.268,210.708,208.01,0.4963
97.848,217.181,432.70,0.8262
237.367,255.330,99.97,0.2500
77.321,225.026,72.25,0.3097
70.716,270.385,586.27,0.8847
326.617,242.481,114.67,0.3418
398.823,221.128,49.04,0.8765
343.059,253.312,92.36,0.6648
242.349,223.370,232.50,0.5887
434.479,237.433,124.21,0.5606
103.286,245.009,589.50,0.8847
272.828,229.365,68.52,0.4875
225.478,249.810,571.31,1.5245
181.400,266.637,62.86,0.3781
228.017,232.370,228.20,0.6009
336.891,253.887,92.74,0.2500
442.875,226.933,31.01,0.6646
126.484,238.824,17.57,0.2500
134.892,218.404,18.35,0.3429
205.144,237.514,192.42,0.9123
98.621,249.999,23.60,0.4074
231.613,253.992,297.00,0.6617
103.227,230.481,27.78,0.4314
98.372,261.405,52.06,0.6520
365.061,241.254,26.41,0.4135
401.350,227.781,66.24,0.6079
200.505,226.253,56.34,0.2500
343.877,252.924,150.10,0.5949
54.528,240.781,14.05,0.2500
120.890,258.099,18.90,0.2500
126.812,256.393,137.35,0.9036
125.861,263.018,109.99,0.5242
123.653,226.311,1523.06,1.0919
349.247,212.019,62.67,0.2500
159.495,235.738,81.42,0.4769
195.504,241.302,545.77,0.7650
253.144,250.451,556.52,1.2383
386.830,246.011,65.49,0.2500
326.043,251.505,61.02,0.3421
81.924,228.083,5.74,0.2500
384.469,217.502,27.87,0.2500
97.699,237.531,61.89,0.4091
217.104,226.179,52.94,0.4999
200.225,241.834,27.62,0.3271
163.631,246.837,289.54,0.4689
187.181,270.129,166.29,0.9241
280.327,256.553,49.27,0.2500
194.942,211.497,141.51,0.7081
97.595,246.646,77.46,0.7915
290.627,223.271,974.14,1.2935
192.975,236.401,101.63,1.0622
368.230,226.157,60.26,0.3487
424.124,212.143,70.41,0.5948
356.604,231.399,146.90,0.8892
97.833,254.624,216.58,0.5855
326.786,214.160,102.37,0.4502
57.846,269.891,52.43,0.3726
397.616,230.249,22.45,0.2500
197.000,254.035,84.05,0.8680
223.847,223.031,107.07,0.6746
345.224,218.406,165.28,0.8855
199.586,258.704,36.11,0.5208
80.698,243.304,79.49,0.5682
119.546,247.631,207.68,0.6601
137.864,236.087,274.22,0.7251
348.290,215.745,92.71,0.7231
277.625,211.685,196.14,1.2444
339.921,224.497,557.77,0.9785
392.181,215.039,135.93,1.0468
344.644,250.371,59.10,0.2500
122.518,232.225,91.08,0.5418
342.519,219.255,52.51,0.4333
145.073,238.154,83.17,0.4624
408.789,266.887,378.69,0.7152
62.172,215.762,14.80,0.4968
389.709,218.919,137.94,0.5141
188.010,260.076,83.51,0.7498
235.393,257.359,70.52,0.4451
162.094,213.378,90.65,0.5807
281.133,239.899,69.90,0.2500
372.455,269.509,190.14,0.5863
256.844,228.910,125.66,1.0801
380.949,254.037,114.00,1.0085
245.145,225.001,27.78,0.4314
300.962,267.591,62.86,0.3781
284.090,263.366,111.17,0.4386
81.505,242.164,208.71,0.8115
430.043,233.407,92.43,0.5944
360.756,264.054,41.82,0.2500
98.870,216.267,50.64,0.5956
430.288,221.632,22.88,0.5076
194.828,212.856,304.39,0.6473
281.367,233.557,26.71,0.6246
316.180,238.075,198.59,0.5318
106.252,259.125,115.62,0.9445
178.117,261.826,44.12,0.4318
425.475,244.861,30.66,0.2500
176.410,231.918,318.06,0.7077
56.390,263.715,119.46,0.6086
89.259,259.275,54.52,0.2500
56.543,223.997,336.79,1.1209
177.536,266.794,21.22,0.3133
246.308,239.297,212.62,0.7996
275.478,215.406,20.78,0.2500
279.159,248.193,78.57,0.8101
94.889,228.848,90.92,0.6185
341.137,226.110,33.49,0.2500
120.690,246.851,103.34,1.0512
75.910,243.125,62.93,0.4736
181.871,228.761,105.58,0.6543
215.785,234.671,421.50,1.1278
81.666,222.069,56.18,1.0292
217.438,237.882,51.82,0.2500
227.492,239.590,70.13,0.7804
423.061,236.860,12.62,0.2500
174.058,255.131,39.79,0.2500
262.462,230.385,196.93,1.4092
88.180,251.412,32.63,0.2500
126.549,223.360,81.43,0.5245
158.788,226.478,213.22,1.2605
226.903,238.790,13.46,0.3947
187.893,247.446,29.03,0.2500
260.720,250.965,56.54,0.4142
119.893,229.857,62.49,0.3879
103.212,258.869,117.00,0.4791
420.292,227.468,64.83,0.4811
345.370,214.492,30.53,0.5220
96.683,266.470,131.65,0.4341
326.930,269.285,122.15,0.6136
64.650,227.504,162.35,0.9725
420.776,212.771,169.69,0.6728
209.560,266.994,30.41,0.2500
160.133,213.849,31.98,0.4083
327.793,222.768,29.11,0.2500
214.401,244.439,18.13,0.2500
141.790,243.916,435.41,1.1489
192.584,253.823,3.04,0.2500
83.949,234.145,41.96,0.5566
222.710,221.829,50.90,0.5880
107.119,258.409,14.80,0.4968
232.037,230.136,172.49,0.7059
161.426,218.838,372.57,0.7923
121.823,233.561,29.68,0.2500
291.248,266.611,38.36,0.2500
60.298,265.139,11.80,0.2500
242.551,253.310,43.23,0.2500
162.760,245.969,240.46,0.9791
96.243,221.550,50.72,1.0414
329.142,266.016,192.79,0.6978
217.171,250.757,167.29,0.6055
162.923,267.899,68.19,0.4885
118.549,217.073,39.03,1.0056
393.728,216.731,16.44,0.2500
354.975,242.613,84.80,0.3563
377.905,250.808,42.72,0.2500
364.350,217.044,181.70,1.2636
190.353,240.144,179.30,0.7713
54.453,214.190,67.88,0.9242
132.489,247.373,60.30,0.2500
375.387,233.522,372.64,0.8048
234.141,269.162,95.83,0.6697
161.972,251.440,91.08,0.5418
446.691,239.201,48.35,0.5300
206.578,252.954,21.22,0.3133
223.074,251.575,37.49,0.2500
53.169,250.266,139.40,0.9590
159.117,258.169,103.34,1.0512
322.585,244.786,135.90,0.7668
244.319,218.781,48.23,0.2500
304.535,261.840,138.34,0.8239
297.060,260.459,71.85,0.2500
347.606,241.708,20.78,0.2500
314.499,255.025,76.30,0.6007
238.125,217.254,49.57,0.7244
98.798,267.240,24.83,0.2500
92.374,219.971,64.35,0.2500
86.180,211.805,20.39,0.2500
198.756,267.866,99.80,0.9888
140.384,236.764,54.86,0.3485
248.478,257.248,86.79,0.5348
161.037,223.655,121.30,0.6337
210.125,211.410,74.25,0.4676
345.934,253.601,87.41,0.8277
129.590,267.231,36.47,0.6079
246.369,211.667,90.08,0.5041
128.641,248.897,7.49,0.2500
424.164,218.582,41.19,0.2500
351.956,263.825,155.56,0.6959
205.763,264.381,202.67,0.8448
374.237,219.743,55.08,0.2500
56.329,259.840,112.25,0.5843
244.318,245.112,73.09,0.6296
184.698,223.308,159.47,0.5166
414.058,240.059,197.49,0.7043
323.667,231.952,63.05,0.5990
56.250,221.659,223.71,0.5796
92.767,263.130,699.77,0.9076
157.374,214.837,18.24,0.6786
421.507,213.636,134.24,0.9104
345.626,248.669,44.56,0.4365
373.602,224.729,69.45,0.5825
137.758,213.492,25.94,0.2500
237.083,262.000,36.86,0.2500
350.337,224.965,879.62,0.9666
242.138,234.781,323.08,0.6410
254.191,240.943,12.24,0.2500
193.608,247.588,33.07,0.2500
147.710,245.761,198.64,1.2444
243.315,248.642,143.42,0.4688
138.191,227.737,79.92,0.3553
180.444,265.718,125.84,0.4935
172.659,260.027,196.93,1.4092
314.632,254.831,24.91,0.2500
318.762,263.423,66.59,0.2500
230.294,246.855,33.00,0.8364
123.008,252.764,52.75,0.4876
67.116,233.088,9.68,0.2500
376.674,265.319,156.71,0.5230
333.105,214.471,50.80,0.7788
56.056,215.336,129.05,0.9559
351.175,262.127,53.71,0.6842
230.942,213.814,160.50,0.6847
135.142,235.111,104.35,0.8536
77.925,219.347,135.71,1.0007
304.059,259.712,40.91,0.7396
434.751,218.365,160.11,0.9581
130.543,230.150,334.70,0.7259
197.681,241.596,29.94,0.2500
344.695,259.275,21.95,0.2500
402.575,263.772,296.70,0.8175
281.413,235.463,38.44,0.2500
252.641,222.131,47.06,0.7178
255.379,220.724,54.58,0.6025
280.446,270.429,36.44,0.2500
373.386,257.916,18.24,0.6786
323.491,261.505,69.26,0.6121
72.365,253.471,65.44,0.2500
289.206,230.071,118.76,0.7791
407.316,211.793,23.72,0.2500
60.869,222.988,135.00,0.6718
359.800,266.185,59.01,0.4756
253.363,240.066,41.96,0.5566
147.094,228.501,31.70,0.2500
93.571,230.124,75.08,0.5610
288.004,213.423,15.65,0.4445
89.964,213.339,13.50,0.4463
67.480,238.518,40.40,0.3246
115.060,217.416,55.07,0.3707
441.412,215.884,87.14,0.5442
251.551,244.647,198.59,0.5318
327.786,231.313,47.49,0.7800
59.143,248.047,40.02,0.2500
215.108,263.465,699.77,0.9076
315.178,267.709,69.38,0.2500
284.656,250.080,139.40,0.9590
50.839,211.960,175.22,0.6070
403.275,238.545,69.37,0.6429
340.568,252.752,44.79,0.2500
77.748,256.991,31.74,0.5072
428.994,247.104,69.26,0.6121
231.624,265.014,92.74,0.2500
369.636,240.297,78.57,0.8101
275.121,266.531,25.82,0.2500
413.008,217.781,53.71,0.5583
355.803,234.710,35.76,0.3700
164.207,261.480,234.05,1.0546
213.918,211.317,123.67,0.2500
53.639,252.002,87.55,0.9064
279.013,268.536,53.56,0.4353
209.610,243.878,66.38,0.8048
318.492,224.283,181.70,1.2636
353.133,268.839,39.37,0.7544
215.658,247.185,120.15,0.3468
53.076,216.679,45.35,0.2500
428.862,217.891,9.27,0.2500
209.249,253.254,21.55,0.2500
301.410,262.818,157.23,0.6067
84.066,240.340,36.31,0.2500
448.909,229.890,160.51,0.6911
84.630,227.556,29.97,0.2500
58.777,217.721,27.34,0.6911
91.006,263.305,77.22,0.3752
358.788,249.136,87.39,0.2500
98.769,257.740,62.86,0.4397
90.896,260.924,37.81,0.5137
217.703,236.816,44.67,0.7697
239.885,225.961,89.93,0.5845
220.182,247.898,232.42,0.8968
277.247,225.836,318.06,0.7077
393.528,247.296,77.20,0.4670
388.284,219.070,50.90,0.5880
274.304,210.689,77.22,0.3752
329.109,230.573,114.67,0.3418
368.895,224.462,29.21,0.2821
177.380,259.207,112.81,0.2500
246.617,224.212,75.08,0.5610
108.291,246.198,60.30,0.2500
342.256,223.929,11.21,0.2500
134.335,258.999,87.55,0.9064
130.247,254.122,280.35,0.6481
322.612,267.199,161.31,0.8258
391.525,265.679,51.58,0.6668
49.243,222.025,115.12,0.6067
177.196,226.526,184.51,0.7483
127.037,260.926,16.99,0.4877
252.627,253.539,27.62,0.3271
311.691,259.869,372.64,0.8048
63.020,211.265,200.75,0.7569
202.194,253.154,82.70,0.4454
131.467,258.111,102.59,0.8412
365.121,217.845,165.48,0.9731
75.381,257.966,99.97,0.2500
288.319,255.700,262.57,0.8023
356.572,213.710,49.96,0.2500
377.249,264.666,32.63,0.2500
273.417,216.773,25.94,0.2500
360.388,243.387,82.35,0.2500
272.162,243.344,166.15,0.6319
167.056,261.429,46.39,0.3512
220.027,255.369,31.11,0.2500
162.093,237.601,296.70,0.8175
288.843,253.280,180.39,0.5997
224.203,220.963,141.91,0.7081
379.265,250.241,123.47,0.6893
329.770,250.351,113.46,0.6046
213.811,255.216,296.70,0.8175
100.821,260.213,137.62,1.2233
89.211,246.394,165.92,1.1614
319.133,248.729,86.95,0.5200
275.041,224.825,70.99,0.6878
341.311,247.431,421.30,0.7476
428.546,211.538,198.54,0.5473
412.813,216.000,42.66,0.4741
372.489,264.449,130.35,0.4265
184.645,224.983,153.04,0.5328
66.400,235.727,55.56,1.0913
226.206,238.431,323.08,0.6410
127.898,253.347,34.62,0.2500
243.963,242.590,70.49,0.5331
159.067,227.442,48.55,0.7341
337.314,226.525,107.89,0.4942
323.908,269.039,46.29,0.2500
281.574,222.999,74.00,0.5511
154.392,222.351,24.29,0.4182
166.547,236.341,71.85,0.2500
145.273,214.149,198.27,0.6170
165.348,249.986,78.72,0.6903
198.252,239.738,43.78,0.4515
286.783,226.867,421.50,1.1278
244.506,232.771,213.22,1.2605
348.028,248.064,61.95,0.5262
131.908,248.930,133.73,0.5098
135.871,255.878,56.92,0.2500
190.536,210.007,69.26,0.6121
216.988,247.669,118.76,0.7791
134.449,220.181,86.64,0.5845
108.122,232.057,71.01,0.7902
183.911,261.099,96.54,0.4599
59.655,246.860,118.60,0.8289
385.192,249.821,158.47,0.8764
76.077,236.038,175.72,0.7062
117.418,231.159,40.09,0.2500
294.836,217.464,90.15,0.8792
348.912,212.224,70.21,0.8499
356.675,258.660,47.60,0.3206
421.064,212.872,127.68,0.5863
318.498,220.029,43.82,0.7346
280.701,233.601,181.70,1.2636
251.634,235.507,49.27,0.2500
63.640,266.676,42.57,0.4893
54.826,260.984,12.89,0.2500
181.407,264.991,29.87,0.2500
415.831,241.006,45.63,0.2500
100.960,229.631,44.43,0.4135
154.445,252.229,146.90,0.8892
277.882,233.085,135.92,0.8312
330.921,237.700,958.85,0.8930
183.445,227.209,67.78,0.6826
212.780,230.307,39.77,0.5930
109.688,220.364,110.07,0.5430
193.229,263.400,48.79,0.8929
322.913,245.209,64.91,0.4467
431.078,239.294,133.00,0.5313
344.458,237.546,50.36,0.7965
118.261,240.236,65.14,0.2500
351.954,258.949,138.66,0.5435
232.642,254.666,23.94,0.6261
226.345,239.932,71.85,0.2500
159.093,225.034,239.51,0.5113
130.587,212.160,41.96,0.5566
372.469,237.679,115.47,1.2511
186.887,236.518,37.92,0.2500
213.536,256.231,13.50,0.4463
336.445,219.481,39.87,0.3496
237.114,221.984,21.65,0.2500
123.954,231.192,58.78,0.5803
82.958,249.097,110.12,0.6283
361.454,239.803,38.31,0.2500
185.800,215.131,9.68,0.2500
68.856,243.182,46.05,0.5722
197.651,230.364,150.10,0.5949
259.734,251.193,347.04,1.1659
434.547,237.920,69.30,1.0440
268.849,268.230,96.11,0.8087
407.286,217.516,64.54,0.2531
363.963,232.886,127.68,0.5863
407.007,232.512,79.92,0.3553
70.171,254.581,29.62,0.2500
27.359,2.135,24.05,0.6956
27.376,2.132,23.73,0.6847
60.724,2.279,214.45,1.2000
61.469,1.979,190.44,1.1138
160.335,2.335,13.41,0.2684
170.362,1.000,68.86,1.2000
237.135,1.656,133.05,0.6252
277.286,1.944,112.40,0.4587
289.433,2.227,48.71,0.6531
303.560,1.515,39.16,1.1801
348.530,1.564,78.96,0.3927
351.344,2.000,15.70,0.2500
357.606,2.365,49.71,1.0417
358.495,2.144,14.25,0.2797
380.593,2.284,173.44,0.8123
409.500,1.874,38.58,0.7663
409.502,1.874,38.73,0.7694
428.598,1.953,116.26,0.4481
454.646,1.153,65.41,1.2000
473.500,2.265,36.09,0.2500
473.500,2.265,46.05,0.2500
496.404,2.215,81.71,1.2000
42.691,3.000,9.42,0.2500
145.500,3.000,1.88,0.2500
145.500,3.000,18.84,0.2500
266.541,2.577,18.30,0.2508
269.620,3.000,7.03,0.2500
311.281,2.362,43.99,1.1766
311.422,2.410,45.87,1.2000
335.000,3.000,4.38,0.2500
356.409,2.885,30.93,0.6264
362.775,3.273,65.00,1.2000
362.927,3.261,75.47,1.2000
363.133,3.336,65.06,1.0426
384.000,2.000,73.29,1.2000
385.000,2.000,59.83,1.2000
446.000,2.987,3.48,0.2500
476.000,2.578,17.00,0.2500
24.440,3.708,18.92,0.2517
38.689,4.512,18.06,0.2500
56.048,4.165,281.04,1.2000
84.000,4.000,5.60,0.2500
111.660,5.000,90.42,1.2000
118.526,4.143,23.97,0.2500
151.245,4.534,90.72,0.8978
172.553,3.886,36.91,0.3852
192.906,4.260,63.11,0.6976
196.957,4.630,74.65,1.2000
199.530,4.475,44.38,1.0640
302.804,4.500,14.64,0.3842
315.000,3.000,28.67,1.2000
340.853,4.394,12.36,0.4465
362.935,3.422,59.93,0.9701
363.069,3.382,63.83,1.0178
363.178,3.375,60.25,0.9717
372.389,3.874,13.28,0.3513
421.000,4.194,24.12,0.8005
422.000,4.343,31.45,0.8757
422.352,4.478,37.61,1.0188
423.252,4.961,45.63,1.2000
494.231,3.573,72.30,1.0315
494.445,3.528,71.87,1.0374
38.689,4.512,18.06,0.2500
53.295,5.335,274.22,1.2000
87.000,5.000,6.74,0.2500
151.177,4.597,101.40,0.9978
168.500,4.719,75.74,0.8398
188.967,5.149,58.44,0.6310
214.000,5.000,2.62,0.2500
217.000,5.000,8.21,0.2500
219.000,5.000,3.99,0.2500
345.000,6.000,119.44,1.2000
350.560,5.000,0.52,0.2500
361.000,4.000,35.95,1.1122
425.665,5.532,42.38,0.9971
426.067,5.516,33.65,0.8168
449.593,5.314,19.25,0.6778
451.939,5.350,4.63,0.2500
455.012,4.992,5.43,0.2500
52.154,5.667,296.17,1.2000
111.693,5.602,99.24,1.2000
115.000,6.000,7.53,0.2500
157.403,6.226,26.31,0.4691
245.000,6.000,4.46,0.2500
424.508,5.322,47.98,1.2000
425.463,5.488,48.55,1.1324
425.661,5.526,41.82,0.9846
426.065,5.517,33.49,0.8129
487.253,6.129,30.40,1.2000
13.289,7.000,5.24,0.2500
14.742,7.000,6.29,0.2500
43.499,7.612,540.66,1.2000
85.000,6.650,14.63,0.2500
132.669,7.000,8.38,0.2500
150.596,6.000,73.49,1.2000
151.000,6.000,71.77,1.2000
191.706,6.981,41.27,0.5191
195.155,6.963,13.86,0.2664
216.604,7.000,5.97,0.2500
270.004,7.253,6.19,0.2500
332.462,7.369,15.58,0.2500
345.047,6.921,109.43,0.9042
355.965,6.819,8.85,0.5960
412.258,6.486,57.54,0.6981
478.651,6.574,7.63,0.2500
483.398,6.802,58.57,1.2000
43.264,7.619,548.37,1.2000
73.558,9.000,42.40,0.8851
123.055,8.055,0.97,0.2500
184.587,8.000,1.15,0.2500
200.333,8.422,18.64,0.2500
327.905,8.361,7.47,0.2500
343.376,7.546,149.65,1.1956
352.413,8.206,9.19,0.2597
414.665,8.000,9.39,0.2500
456.000,8.000,6.44,0.2500
495.766,8.003,0.66,0.2879
498.766,7.973,19.75,0.2500
37.955,9.162,347.21,1.2000
70.384,8.831,43.59,0.7317
73.526,9.583,53.76,1.0417
117.000,9.000,6.71,0.2500
142.000,8.608,17.67,0.2500
148.500,9.000,8.37,0.2500
150.000,8.274,29.28,1.2000
150.584,8.000,33.02,1.2000
150.703,8.000,32.68,1.2000
151.500,9.000,8.37,0.2500
178.000,9.000,3.78,0.2500
181.324,9.000,1.29,0.2500
261.000,9.000,5.09,0.2500
321.997,8.742,6.25,0.2500
341.000,8.258,72.92,0.8750
462.385,8.717,10.33,0.2958
482.000,8.000,30.54,1.2000
484.000,8.000,46.02,1.2000
500.564,9.000,9.93,0.2500
36.000,9.517,237.58,1.0936
64.000,10.455,21.40,0.2500
67.224,10.326,9.91,0.3938
73.339,9.532,64.81,1.2000
73.516,9.736,53.51,1.0327
100.834,9.723,99.93,0.8565
114.000,10.000,5.45,0.2500
123.866,9.985,53.09,0.7568
169.336,10.000,21.14,0.2500
170.000,10.001,40.26,0.7876
194.000,10.000,6.57,0.2500
249.404,10.000,6.85,0.2500
253.600,9.793,14.30,0.2500
335.000,9.596,1.35,0.2500
73.484,10.115,45.84,0.9123
73.512,10.145,43.00,0.8575
79.442,11.216,45.44,0.4260
117.000,11.000,5.16,0.2500
120.000,11.000,4.77,0.2500
163.000,11.000,5.48,0.2500
173.000,11.000,4.89,0.2500
188.516,11.000,19.89,0.2500
196.462,10.710,27.72,0.5321
221.005,10.995,3.68,0.2500
235.000,11.000,3.30,0.2500
255.999,10.999,3.79,0.2500
308.671,11.396,15.92,0.3478
346.000,11.787,31.54,0.9396
425.000,11.000,4.38,0.2500
458.072,10.562,5.54,0.2531
460.440,11.000,5.50,0.2500
96.500,12.000,16.75,0.2500
96.500,12.000,16.75,0.2500
178.000,12.000,5.36,0.2500
326.000,12.000,3.86,0.2500
332.615,11.918,11.51,0.2500
344.593,12.000,18.89,0.2500
446.861,12.460,17.28,0.6950
108.455,13.000,22.81,0.2500
132.196,13.586,12.11,0.5921
175.564,13.141,9.00,0.2500
182.792,13.465,30.60,0.7027
282.048,13.138,12.31,0.2985
289.000,13.000,2.86,0.2500
296.000,13.000,5.23,0.2500
329.848,12.999,10.53,0.2500
334.527,13.089,6.46,0.2500
401.225,12.617,16.01,0.2500
507.375,13.789,128.48,1.2000
103.405,14.000,0.73,0.2500
132.195,13.588,12.14,0.5946
308.718,13.787,12.63,0.2500
328.000,15.000,85.38,1.2000
332.000,15.000,81.48,1.2000
341.000,14.435,52.59,0.9513
397.497,13.376,27.28,1.0134
403.571,14.000,5.57,0.2500
420.000,14.000,4.01,0.2500
506.409,14.094,132.95,1.2000
95.010,15.471,37.54,0.6914
99.476,15.000,1.36,0.2500
126.758,14.957,16.59,0.2500
179.567,14.998,26.43,0.4111
197.560,15.000,11.10,0.2500
213.500,15.000,12.56,0.2500
213.500,15.000,12.56,0.2500
232.167,14.708,6.74,0.3807
282.991,14.991,5.58,0.2500
290.997,15.003,8.74,0.2500
311.867,15.366,8.74,0.4143
325.489,14.901,7.23,0.2500
329.690,16.000,219.99,1.2000
339.892,14.858,47.66,0.7367
348.635,15.000,6.72,0.2500
95.010,15.471,37.54,0.6915
139.739,16.399,101.59,1.2000
139.840,16.270,102.93,1.2000
165.631,16.000,10.47,0.2500
168.000,16.385,1.07,0.2500
219.496,16.000,10.31,0.2500
222.000,16.000,0.66,0.2500
278.608,16.000,6.28,0.2500
293.309,16.234,10.52,0.2500
310.001,16.165,7.27,0.2500
315.999,16.000,9.86,0.2500
322.520,16.000,1.12,0.2500
359.998,16.340,10.03,0.4781
401.993,15.880,12.21,0.2500
466.000,16.000,9.30,0.2500
505.892,15.000,108.86,1.2000
74.000,17.381,3.04,0.8881
74.443,17.417,27.73,0.7708
125.000,16.677,6.04,0.2500
172.258,17.318,49.77,0.6772
195.704,17.306,15.02,0.2500
294.548,16.831,12.49,0.2500
318.834,17.309,54.02,0.8055
328.476,16.569,214.66,1.2000
347.000,17.309,9.43,0.2500
356.469,17.000,20.16,0.2500
159.969,17.622,8.36,0.2500
218.716,18.016,24.13,0.2500
221.775,18.339,36.98,0.2500
225.000,18.000,14.14,0.2500
244.000,18.000,6.15,0.2500
246.149,18.257,12.72,0.4018
308.004,18.004,12.01,0.2500
345.000,18.000,9.24,0.2500
352.178,17.586,6.40,0.4320
427.000,18.814,45.64,1.2000
464.539,18.000,7.84,0.2500
162.992,18.646,0.85,0.2500
167.486,19.667,44.45,1.2000
239.000,18.607,5.02,0.2500
310.356,19.000,18.26,0.2500
332.651,19.213,9.13,0.2500
342.241,18.569,5.82,0.2500
425.000,19.942,81.82,1.2000
459.000,19.000,6.39,0.2500
3.598,20.195,30.03,0.9580
3.769,20.194,35.07,1.0995
4.000,20.184,38.13,1.2000
6.133,20.060,32.92,1.2000
8.671,19.951,35.30,1.0988
9.794,19.835,37.76,1.0542
12.902,20.219,64.40,1.2000
17.000,20.412,28.84,1.0361
18.500,20.000,8.37,0.2500
32.000,20.000,3.96,0.2500
80.000,20.000,9.93,0.2500
100.000,20.000,2.09,0.2500
104.000,19.760,6.58,0.2812
154.638,20.018,12.39,0.2500
188.389,20.273,18.59,0.3769
246.180,19.000,27.05,1.1054
278.521,19.732,8.69,0.2500
298.798,19.782,9.46,0.3596
322.820,19.534,66.19,0.8924
424.692,20.136,83.33,1.1899
14.449,21.290,86.04,1.2000
50.516,21.227,39.88,1.1309
50.693,21.177,38.68,1.1043
68.711,21.000,0.52,0.2500
84.000,20.882,66.48,0.8112
85.479,21.037,44.95,0.2500
172.392,21.437,23.99,0.2501
260.559,20.605,19.52,0.3479
304.420,21.000,15.71,0.2500
311.574,21.000,8.80,0.2500
92.554,22.130,13.79,0.3673
114.568,21.643,12.30,0.2500
181.510,21.791,29.78,0.2500
204.723,21.710,15.91,0.4237
228.695,22.000,5.61,0.2500
296.363,22.524,53.23,0.6757
318.896,21.503,7.97,0.3989
456.012,22.012,4.44,0.2500
458.988,22.012,4.59,0.2500
2.694,22.694,6.71,0.2654
12.395,23.033,26.26,0.5090
98.274,22.953,13.23,0.4146
120.358,23.000,7.33,0.2500
148.306,22.402,56.11,0.6574
153.365,23.000,14.02,0.2500
225.942,23.335,11.61,0.2896
284.000,22.586,8.59,0.2500
308.192,22.917,70.40,0.6792
312.050,23.260,8.52,0.2500
347.002,22.994,8.76,0.2500
26.000,24.000,0.44,0.2500
85.586,24.202,31.11,0.2500
106.066,24.275,8.21,0.4586
118.175,24.461,8.08,0.2500
121.985,23.985,5.41,0.2500
144.000,24.654,9.45,1.2000
161.784,24.490,14.71,0.4107
168.871,23.210,130.23,1.2000
169.161,23.218,118.61,1.1259
170.000,23.267,95.39,1.0870
251.327,23.808,8.27,0.2938
254.000,24.258,6.29,0.2500
280.782,23.518,39.35,0.9832
292.210,24.087,22.73,0.4919
303.000,24.293,33.76,1.0741
304.312,24.004,15.09,0.2500
324.936,24.380,29.46,0.9408
325.524,24.340,30.27,0.9263
326.000,24.281,23.70,0.7492
353.056,24.000,10.63,0.2500
429.495,24.188,19.75,0.4614
500.000,24.000,9.26,0.2500
502.000,24.091,9.30,0.2500
11.778,24.000,41.70,1.1468
71.794,25.525,158.31,1.2000
95.521,24.935,45.38,0.4487
138.302,26.000,227.68,1.2000
142.284,24.816,141.34,1.2000
148.470,25.000,7.82,0.2500
189.358,25.421,23.19,0.8487
210.441,25.000,17.97,0.2500
224.000,25.000,3.93,0.2500
489.835,24.448,25.59,0.6444
497.000,25.000,3.18,0.2500
39.477,25.593,92.54,1.0355
67.000,26.111,138.59,1.1539
68.002,26.076,165.30,1.2000
77.663,25.362,143.85,0.8399
139.666,25.273,236.10,1.2000
144.000,26.816,122.88,1.2000
159.094,25.714,6.75,0.2500
252.667,26.061,12.66,0.2500
279.629,25.000,41.20,1.2000
429.753,25.000,36.37,1.1118
499.000,26.000,5.00,0.2500
106.873,28.000,67.89,1.0256
122.517,27.426,27.58,0.2500
138.266,26.728,204.07,1.2000
150.203,26.789,2.86,0.2500
155.000,27.000,0.70,0.2500
285.919,26.942,27.52,0.5937
308.480,27.000,31.07,0.2500
353.000,27.000,7.66,0.2500
374.483,26.698,11.14,0.3290
490.844,27.175,12.76,0.5579
88.430,28.000,15.41,0.2500
134.530,27.858,18.71,0.2500
142.000,28.136,142.49,1.2000
168.523,27.890,13.90,0.4452
168.523,27.890,13.91,0.4455
199.448,28.000,0.70,0.2500
218.243,28.000,16.56,0.2500
295.060,28.026,14.43,0.3736
301.406,28.000,6.28,0.2500
329.010,28.055,4.77,0.2500
385.625,27.971,5.16,0.2500
409.586,28.190,18.77,0.9314
409.833,28.210,21.54,1.0547
410.259,28.212,17.55,0.8800
44.000,29.000,3.09,0.2500
100.909,29.000,0.69,0.2500
106.829,28.688,89.34,1.2000
132.067,28.976,6.55,0.3880
139.551,29.176,309.62,1.2000
249.146,29.164,128.39,1.1306
290.588,29.165,31.17,0.4913
390.008,29.008,4.19,0.2500
403.000,30.000,44.89,1.1393
479.999,28.962,4.36,0.2500
128.424,30.373,105.46,1.2000
186.000,30.000,0.41,0.2500
201.043,30.043,7.12,0.2500
218.846,30.000,4.74,0.2500
272.000,30.000,4.41,0.2500
334.950,29.568,7.17,0.2500
436.314,30.353,56.62,0.5285
476.088,31.000,44.85,1.2000
55.000,31.000,6.57,0.2500
100.036,31.037,7.56,0.2500
126.840,30.724,47.89,0.7339
134.793,30.987,315.95,1.2000
198.997,32.000,38.52,0.9049
210.940,30.535,8.03,0.2500
278.461,31.000,8.77,0.2500
286.383,31.000,1.77,0.2500
291.637,31.000,7.26,0.2500
294.669,31.000,17.62,0.2500
393.000,31.187,28.04,0.9841
401.000,30.513,41.44,1.0104
401.633,30.426,54.82,1.2000
401.918,30.368,56.53,1.2000
402.297,30.356,49.76,1.1202
481.846,31.000,10.10,0.2500
485.070,31.000,0.76,0.2500
52.392,32.331,14.41,0.2500
69.522,32.000,2.93,0.2500
101.614,32.339,18.54,0.2500
122.514,32.100,47.14,0.3759
160.571,32.000,5.39,0.2500
199.478,32.512,57.57,1.2000
202.378,31.607,23.91,0.4001
237.807,32.565,148.33,1.1112
239.000,32.649,103.98,1.2000
270.535,32.000,9.42,0.2500
276.000,31.596,6.08,0.2500
283.741,31.802,30.96,0.3437
384.325,32.385,17.62,0.2756
395.415,32.396,47.06,1.2000
473.006,32.006,6.87,0.2500
475.460,32.172,23.93,0.2500
480.173,32.490,12.01,0.3714
79.000,33.000,5.48,0.2500
132.762,32.000,221.08,1.2000
195.857,32.512,6.64,0.2500
216.000,33.500,0.84,0.2500
237.845,33.246,169.28,1.2000
262.559,33.065,14.04,0.4225
279.354,33.211,99.22,1.1557
281.585,32.881,96.66,1.2000
286.912,33.296,8.68,0.2500
336.000,33.430,1.40,0.2500
343.619,33.013,7.81,0.3345
408.566,32.666,14.39,0.2500
494.455,33.000,12.22,0.2500
75.469,34.000,12.70,0.2500
181.733,35.000,46.18,1.2000
217.991,34.009,8.25,0.2500
220.596,33.793,7.61,0.2500
237.858,33.526,146.36,1.0677
265.827,34.341,16.03,0.2500
284.602,34.159,18.49,0.3330
312.168,34.492,8.11,0.2500
338.288,34.446,32.97,0.2755
347.000,34.000,4.32,0.2500
4.635,35.000,17.80,0.2500
7.000,35.000,4.44,0.2500
12.000,34.631,11.72,0.2500
108.000,35.000,8.33,0.2500
116.220,34.623,1.41,0.2500
125.103,34.791,83.97,0.7468
127.994,34.193,124.36,1.2000
149.000,35.000,5.55,0.2500
160.841,36.000,22.34,1.2000
178.389,35.000,8.22,0.2500
200.025,35.129,51.47,1.0603
216.822,34.070,28.62,1.1616
237.862,34.000,111.72,0.8659
268.000,35.000,9.27,0.2500
282.000,35.160,90.20,1.2000
375.901,34.971,36.34,1.1981
378.601,35.468,82.89,0.9863
23.112,35.383,14.40,0.5714
27.964,36.856,122.97,1.0317
44.000,36.000,0.57,0.2500
71.000,36.000,4.63,0.2500
78.653,36.347,13.40,0.2500
83.000,36.000,3.90,0.2500
120.253,36.000,11.41,0.2500
136.000,36.000,7.28,0.2500
167.377,36.000,4.67,0.2500
181.302,35.897,22.04,0.3990
211.735,35.665,9.20,0.2522
280.509,36.085,74.37,0.7475
299.313,37.000,41.88,0.9961
352.465,36.000,9.41,0.2500
410.994,35.672,8.12,0.3334
444.501,36.005,14.72,0.2500
52.636,37.478,14.08,0.2500
62.077,37.352,64.29,0.6348
68.000,37.000,6.06,0.2500
110.610,37.000,13.61,0.2500
162.299,38.000,55.72,1.2000
164.000,38.000,34.63,1.2000
196.000,36.598,7.19,0.2500
304.142,37.506,20.65,0.8681
312.248,37.487,9.97,0.2500
367.013,36.800,14.01,0.6366
434.539,37.000,5.91,0.2500
52.636,37.478,14.08,0.2500
87.000,38.420,8.12,0.2500
114.164,38.154,36.63,0.8443
182.016,38.017,4.66,0.2500
193.914,37.750,12.75,0.5392
201.913,38.170,28.16,0.4066
207.561,37.750,7.83,0.2522
213.447,37.750,14.31,0.4149
270.546,37.645,20.95,0.2500
304.141,37.500,20.75,0.8723
314.830,37.861,8.73,0.3475
378.980,37.000,76.62,1.2000
461.491,37.772,25.88,0.9841
478.030,38.479,6.27,0.2500
481.399,38.198,12.32,0.3523
6.715,39.241,11.38,0.2500
14.700,38.902,21.82,0.4564
19.409,38.689,12.80,0.2500
71.961,38.961,3.41,0.2500
83.583,39.000,5.11,0.2500
104.497,39.000,0.97,0.2500
112.000,38.517,64.52,1.2000
128.663,39.000,11.06,0.2500
139.000,39.000,5.83,0.2500
159.000,39.000,3.98,0.2500
162.112,39.053,30.72,0.4836
176.225,38.790,7.16,0.3815
209.740,38.586,22.20,0.3769
262.554,39.866,31.93,1.2000
304.126,38.000,16.69,0.7213
353.000,39.000,3.38,0.2500
376.372,39.342,35.84,0.8075
33.877,40.497,21.51,0.2500
51.000,40.405,5.86,0.2500
163.000,39.823,74.19,1.2000
214.706,41.000,32.82,1.2000
220.319,40.393,15.31,0.2500
235.742,40.000,6.29,0.2500
248.000,40.000,6.62,0.2500
263.710,39.968,9.78,0.3843
300.483,39.605,34.38,1.2000
329.404,40.000,7.22,0.2500
349.383,40.027,12.62,0.2500
419.241,40.318,8.82,0.2907
59.989,40.989,6.89,0.2500
63.000,41.000,5.76,0.2500
121.000,41.000,1.34,0.2500
224.006,40.994,4.38,0.2500
268.000,41.427,6.38,0.2500
278.003,41.003,4.74,0.2500
357.673,41.031,29.40,0.2500
361.230,41.134,75.53,0.6985
362.000,41.013,91.01,0.9659
498.002,40.964,7.61,0.2500
102.690,42.317,2.32,0.2500
214.747,42.184,40.51,1.2000
217.024,41.969,7.47,0.2500
226.000,42.270,7.23,0.2500
228.684,42.000,7.79,0.2500
249.980,42.020,7.45,0.2500
256.000,42.384,6.99,0.2500
294.486,41.786,7.78,0.2628
419.253,41.681,9.64,0.2500
494.646,41.573,10.96,0.4536
5.592,43.000,4.93,0.2500
22.000,43.000,6.40,0.2500
37.107,42.649,114.19,0.7141
41.000,43.353,5.58,0.2500
44.000,43.000,10.47,0.2500
47.305,43.386,15.93,0.3536
164.272,42.556,75.15,1.2000
186.000,43.000,5.48,0.2500
206.455,42.849,14.02,0.3543
306.748,42.994,5.89,0.2500
330.547,43.000,7.06,0.2500
370.711,42.968,16.85,0.7149
440.050,42.871,3.72,0.2500
13.000,44.465,9.42,0.2500
60.392,44.001,6.29,0.2500
69.000,43.711,5.24,0.2500
173.121,44.391,6.46,0.2500
210.571,43.786,9.69,0.2880
219.000,44.000,4.39,0.2500
221.465,44.000,9.42,0.2500
243.495,44.135,4.37,0.2500
248.027,45.000,54.57,1.2000
316.648,44.242,8.23,0.2500
323.322,44.303,6.91,0.2500
428.007,44.007,4.38,0.2500
437.317,44.198,23.57,0.7002
460.500,44.000,9.67,0.2500
461.498,44.000,15.65,0.6114
461.499,44.000,15.55,0.6066
462.500,44.000,9.67,0.2500
16.994,45.006,2.35,0.2500
30.622,45.428,165.96,1.0220
41.808,44.959,0.79,0.2500
44.000,45.327,12.69,0.2500
88.293,45.002,40.42,0.2500
136.607,44.825,44.78,1.2000
138.000,44.599,29.64,0.8231
194.110,44.622,56.09,0.7443
201.592,44.853,12.24,0.5970
237.701,44.827,0.45,0.2500
240.430,45.000,11.90,0.2500
271.197,45.495,9.04,0.2500
14.500,46.000,8.37,0.2500
47.652,46.675,31.36,0.7812
247.990,46.544,86.74,1.2000
255.798,46.000,0.40,0.2500
271.197,45.495,9.04,0.2500
334.228,46.000,4.74,0.2500
337.000,46.392,5.03,0.2500
380.000,46.000,0.86,0.2500
382.961,46.000,7.90,0.2500
30.539,46.000,156.04,1.0388
35.007,47.015,4.15,0.2500
47.625,46.683,30.15,0.7482
48.002,46.710,37.48,0.9397
48.089,46.706,42.39,1.0541
49.318,46.829,31.28,0.8506
50.000,46.873,24.51,0.7031
136.456,47.269,12.32,0.4788
146.300,46.564,10.90,0.2500
193.000,46.000,53.14,1.2000
218.133,47.374,23.07,0.4403
221.005,47.144,11.07,0.2500
242.000,48.000,33.59,1.2000
247.978,46.554,82.34,1.1587
251.000,46.745,27.70,0.9607
332.000,47.213,8.47,0.2544
358.148,46.516,19.63,0.8189
17.570,48.150,15.95,0.5555
21.651,48.000,7.66,0.2500
23.774,48.000,11.71,0.2500
36.000,47.495,34.07,1.2000
138.938,48.297,11.74,0.2500
152.355,48.000,4.69,0.2500
164.427,48.000,0.61,0.2500
181.276,47.469,57.29,1.2000
181.673,47.498,57.24,1.2000
182.180,47.557,52.70,1.2000
206.729,49.000,30.19,1.0514
207.978,48.022,6.81,0.2500
230.555,48.000,6.75,0.2500
233.000,48.000,5.41,0.2500
254.998,48.207,8.76,0.2500
257.000,47.951,13.79,0.2500
259.000,48.000,4.83,0.2500
348.000,48.000,4.50,0.2500
392.000,48.399,6.61,0.2500
418.000,48.324,5.50,0.2500
433.987,47.987,17.12,0.2500
436.470,47.927,22.19,0.2500
12.186,48.562,36.45,0.6909
44.000,49.401,8.42,0.2500
64.537,48.873,17.70,0.2500
228.000,49.465,6.14,0.2500
239.069,49.057,24.98,0.4680
324.279,49.739,24.03,0.9043
459.608,50.000,17.82,0.8529
66.000,49.653,31.31,1.2000
241.764,49.711,67.57,0.8626
317.968,49.740,6.31,0.2500
324.271,49.780,23.93,0.9011
351.395,50.048,70.50,1.0078
416.324,50.000,5.65,0.2500
475.000,50.000,5.07,0.2500
24.972,51.028,15.84,0.2500
34.000,51.182,10.45,0.2500
148.771,51.094,16.14,0.5189
152.506,51.219,41.87,0.8007
168.742,50.857,101.11,0.9745
169.297,50.843,122.68,1.1266
169.621,50.835,118.81,1.0977
170.118,50.841,93.74,0.9142
202.000,51.000,4.12,0.2500
207.045,50.695,30.24,0.6703
210.321,50.598,31.13,0.2500
239.000,50.000,55.79,1.2000
254.712,52.000,42.04,1.1024
324.265,50.003,20.99,0.8043
346.603,51.000,5.53,0.2500
397.445,51.120,7.88,0.2775
401.815,51.021,20.07,0.8737
402.000,51.002,17.61,0.7780
437.000,50.501,8.34,0.2500
439.003,51.008,6.25,0.2500
451.270,51.184,5.06,0.2838
109.499,52.314,10.37,0.2500
109.499,52.314,10.37,0.2500
242.782,51.923,11.57,0.4340
321.525,53.000,40.39,0.9169
321.524,53.000,40.73,0.9244
357.665,52.339,9.22,0.2500
440.924,51.994,8.22,0.2500
458.244,52.285,33.86,0.9522
32.437,53.000,5.26,0.2500
142.994,53.128,6.86,0.2500
158.158,53.000,5.88,0.2500
230.997,53.003,3.63,0.2500
235.713,52.554,31.00,0.8714
254.488,53.670,63.33,1.1514
271.033,53.033,0.05,0.2500
321.537,53.572,54.33,1.1332
321.504,53.563,54.86,1.1438
16.000,54.000,4.38,0.2500
48.359,54.000,7.24,0.2500
241.292,53.839,5.33,0.2500
254.500,53.754,55.78,1.0269
265.000,54.000,8.57,0.2500
321.565,53.581,57.65,1.1907
321.511,53.580,57.04,1.1801
343.000,53.779,1.01,0.2500
2.000,55.607,75.90,0.9205
8.549,55.430,13.74,0.2500
21.438,55.000,9.84,0.2500
49.777,54.513,14.48,0.2500
244.000,54.502,10.45,0.2500
254.498,54.000,47.94,0.9086
283.184,54.883,83.33,1.2000
316.000,55.000,6.11,0.2500
321.535,54.026,44.85,0.9981
321.521,54.026,44.70,0.9952
389.000,54.840,22.68,0.7698
389.714,54.791,26.95,0.8475
389.731,54.789,26.99,0.8483
390.008,54.783,22.82,0.7271
422.563,55.000,5.23,0.2500
24.000,56.000,4.35,0.2500
27.000,56.000,4.38,0.2500
56.437,56.054,35.13,0.7465
103.643,56.460,35.01,1.2000
106.013,56.199,44.55,1.2000
196.025,56.025,3.37,0.2500
210.606,56.914,73.79,1.1342
281.000,56.024,45.92,0.9426
282.000,55.670,74.62,1.2000
282.796,55.174,84.08,1.2000
405.391,55.000,26.68,1.1751
458.000,56.422,12.17,0.2500
73.030,56.903,11.70,0.2500
76.110,57.000,9.42,0.2500
105.723,56.530,45.31,1.2000
129.608,57.383,8.77,0.4038
135.490,57.570,19.44,0.5987
161.261,58.000,38.09,1.2000
176.000,57.000,7.66,0.2500
179.000,57.000,7.66,0.2500
239.951,56.951,5.53,0.2500
442.649,56.561,11.26,0.2500
493.048,57.502,28.96,0.9032
139.000,58.000,6.87,0.2500
197.641,58.061,15.98,0.6950
210.550,57.435,85.28,1.2000
212.000,57.633,56.87,1.2000
269.000,58.000,8.95,0.2500
273.345,58.000,5.28,0.2500
493.048,57.498,28.96,0.9032
1.531,58.857,61.60,0.2500
21.372,59.000,0.08,0.2500
22.696,59.233,9.04,0.3987
60.503,59.127,14.82,0.3577
60.503,59.127,14.82,0.3578
73.523,59.000,9.05,0.2500
105.542,58.316,35.86,1.2000
161.228,58.553,41.48,1.2000
276.409,59.020,16.22,0.6138
317.000,59.333,4.60,0.2500
320.000,59.000,10.96,0.2500
348.484,59.000,12.12,0.2500
5.500,60.413,22.00,0.2500
5.500,60.413,22.00,0.2500
12.166,59.873,63.16,0.9101
26.000,59.759,8.87,0.2500
53.741,60.426,15.08,0.6291
104.023,59.977,5.01,0.2500
120.000,60.000,5.48,0.2500
122.547,59.455,5.15,0.2500
125.491,59.901,39.62,0.2500
159.283,59.842,16.03,0.5265
164.898,60.392,7.03,0.2500
167.446,60.000,6.47,0.2500
172.000,60.000,5.48,0.2500
175.000,60.000,4.38,0.2500
342.578,60.076,16.95,0.2500
436.457,60.000,7.27,0.2500
485.844,61.000,50.05,1.2000
36.953,61.803,78.37,1.2000
286.007,60.993,2.21,0.2500
312.963,61.037,4.78,0.2500
340.496,60.825,33.83,1.0230
362.836,61.059,13.37,0.3705
371.858,60.932,4.79,0.4238
381.033,61.500,18.88,0.2500
421.589,61.028,6.88,0.2500
426.000,60.995,23.15,1.1476
483.142,60.843,81.11,1.2000
23.698,61.550,23.90,0.2657
381.033,61.500,18.43,0.2500
486.476,62.344,4.24,0.5071
17.629,63.008,76.78,1.2000
17.612,63.011,77.22,1.2000
18.041,63.005,68.74,1.1423
48.028,62.988,0.71,0.6306
88.631,63.402,12.20,0.2500
109.219,63.000,5.87,0.2500
148.350,63.000,6.16,0.2500
156.124,62.538,12.19,0.5935
170.765,62.721,20.01,0.5432
208.389,62.979,6.04,0.2500
228.013,63.013,4.78,0.2500
291.394,63.103,21.86,0.8240
315.799,63.107,10.82,0.4774
433.018,62.282,15.18,0.7635
471.232,63.824,86.50,1.2000
482.968,62.000,63.97,1.1919
20.816,64.427,17.40,0.2901
24.415,64.000,11.81,0.2500
37.160,63.227,70.80,1.0298
76.000,64.000,4.38,0.2500
79.581,64.000,9.89,0.2500
231.098,64.288,5.54,0.2500
310.233,63.537,13.96,0.4798
312.675,63.848,52.48,1.2000
327.156,64.000,3.82,0.2500
40.599,65.289,2.47,0.6248
164.250,65.000,10.24,0.2500
258.007,65.173,14.61,0.6783
261.000,65.000,9.25,0.2500
299.641,64.627,10.29,0.3565
495.765,65.000,7.38,0.2500
11.744,65.665,7.38,0.3432
15.048,65.653,6.53,0.3322
81.401,66.184,19.82,0.2919
108.656,66.226,6.88,0.2500
121.977,65.866,33.28,0.4246
124.906,65.514,54.99,0.6575
171.274,65.581,7.25,0.2508
178.503,66.199,11.38,0.2500
245.211,66.041,7.75,0.2500
248.150,65.995,5.69,0.2500
251.000,66.000,6.15,0.2500
2.500,67.000,0.84,0.2500
2.500,67.000,8.37,0.2500
102.230,67.118,0.66,0.2500
105.257,67.000,7.77,0.2500
166.338,67.187,11.51,0.2500
183.002,67.387,19.83,0.2500
259.264,66.999,8.18,0.2500
378.036,67.727,74.97,1.1096
422.466,66.936,8.49,0.2500
426.000,67.000,3.29,0.2500
458.872,67.307,7.31,0.4785
505.373,67.000,10.26,0.2500
24.380,68.337,6.29,0.4780
28.000,68.000,3.50,0.2500
35.655,67.573,25.46,0.5740
45.496,68.000,14.94,0.2500
48.000,68.096,4.68,0.2500
150.666,68.253,20.35,0.3294
172.036,68.022,4.47,0.2500
225.371,69.000,51.53,1.2000
230.436,68.098,7.26,0.2500
282.780,68.006,4.96,0.2500
287.000,67.704,4.10,0.2500
307.691,67.624,42.53,0.6643
330.000,67.626,4.67,0.2500
418.892,68.074,3.89,0.3006
490.000,68.000,0.44,0.2500
16.000,68.581,5.66,0.2500
31.000,69.000,9.25,0.2500
50.000,69.260,12.59,0.2500
55.000,69.093,2.80,0.2500
210.000,69.341,9.10,0.2500
228.036,68.789,4.94,0.2500
280.497,69.000,8.17,0.2500
296.000,69.000,5.55,0.2500
305.081,69.415,13.26,0.2500
378.148,68.142,84.75,1.2000
455.434,69.646,24.12,0.6646
499.429,68.877,20.42,0.4819
44.278,70.000,10.40,0.2500
140.107,69.991,33.53,0.6674
160.151,71.000,51.81,0.9617
162.503,70.464,30.07,0.7551
200.520,70.389,17.83,0.2500
225.679,70.425,57.90,1.2000
335.444,69.879,30.88,0.5682
378.372,69.000,65.09,1.0848
413.812,70.547,66.35,1.2000
438.665,69.506,11.58,0.2500
448.261,70.000,3.84,0.2500
8.428,70.886,19.31,0.2500
26.551,70.782,2.80,0.5406
101.509,70.508,18.09,0.2500
182.783,71.445,17.53,0.3629
209.919,70.000,15.65,0.8731
298.402,70.823,10.47,0.2500
305.975,71.474,9.13,0.2500
333.178,70.537,17.61,0.3704
353.523,71.111,17.44,0.4054
408.089,71.239,14.01,0.4306
413.832,70.487,66.43,1.2000
457.554,71.173,42.65,1.2000
4.358,72.000,0.73,0.2500
12.379,72.379,17.17,0.3265
22.391,72.000,16.54,0.2500
52.377,73.000,36.97,0.8279
122.000,71.658,4.43,0.2500
145.552,72.376,119.63,1.2000
159.970,72.197,48.38,0.6935
224.104,71.913,20.11,0.4586
226.339,71.000,51.98,1.2000
259.603,72.000,6.55,0.2500
280.718,72.000,5.11,0.2500
285.287,72.141,6.42,0.2729
296.000,72.037,12.55,0.2500
330.002,71.433,32.81,0.7059
354.209,71.599,36.07,0.9641
412.767,71.000,60.71,1.2000
419.000,72.325,8.88,0.2500
492.703,73.000,59.92,1.2000
19.398,73.199,2.46,0.3399
41.000,73.077,19.91,0.2500
52.376,73.355,44.34,0.9598
60.188,73.348,9.06,0.4488
91.000,73.000,6.60,0.2500
124.318,73.725,33.76,0.8306
140.283,73.498,42.30,0.8869
192.701,73.337,12.54,0.2752
308.000,73.298,8.63,0.2500
311.000,74.000,52.84,1.2000
327.284,73.388,6.82,0.2500
359.000,72.830,6.15,0.2500
405.994,73.321,27.55,0.6357
451.787,72.902,50.25,1.1696
18.000,73.591,34.60,1.1006
43.000,74.000,4.52,0.2500
52.377,73.447,47.64,1.0260
134.000,73.524,40.82,0.2500
145.241,73.645,46.41,0.4817
146.000,73.077,100.80,1.1952
169.000,75.000,76.64,1.2000
286.307,75.000,97.20,1.2000
291.830,74.404,11.15,0.2500
454.036,73.194,42.51,1.1949
492.971,74.468,101.15,0.9701
496.108,74.532,193.67,1.1768
496.431,74.493,180.74,1.1179
14.396,75.000,0.88,0.2500
39.000,75.000,1.10,0.2500
52.335,74.000,37.67,0.8679
62.614,75.000,5.85,0.2500
69.701,74.783,27.84,0.5909
93.024,74.976,6.58,0.2500
94.000,74.653,17.63,0.9612
117.000,75.766,60.23,1.0357
117.478,75.742,62.58,1.0059
122.000,75.000,6.49,0.2500
136.034,75.244,120.63,1.2000
156.287,74.957,12.57,0.3833
183.983,75.487,30.82,1.2000
185.218,75.443,27.32,1.2000
260.214,74.970,8.42,0.2500
312.005,75.428,45.54,0.2867
324.000,74.580,8.38,0.2500
496.117,74.479,193.12,1.1737
504.708,74.696,12.03,0.4142
5.560,75.804,30.24,0.2930
99.000,75.789,6.32,0.2500
117.488,76.144,79.56,1.2000
135.000,75.321,101.41,1.2000
151.869,76.522,23.43,0.4802
161.406,76.000,8.24,0.2500
169.258,75.920,84.51,1.2000
183.000,75.487,21.74,1.0014
284.271,76.530,132.36,1.1331
388.455,76.000,7.33,0.2500
404.952,75.654,42.04,1.2000
447.923,76.383,25.12,0.7266
503.019,75.981,6.58,0.2500
3.982,78.000,34.68,1.2000
131.286,77.020,2.73,0.4173
237.225,77.000,0.76,0.2500
283.505,76.846,146.17,1.2000
471.000,77.000,7.67,0.2500
5.120,78.177,69.65,1.2000
56.602,78.352,17.47,0.2500
63.633,77.739,10.61,0.4448
71.515,77.439,39.46,0.9024
108.000,78.000,5.45,0.2500
111.000,78.067,4.61,0.2500
117.496,77.145,51.01,0.8880
117.499,77.157,50.42,0.8781
120.961,78.000,0.56,0.2500
128.044,78.483,33.51,0.8022
163.033,77.988,4.74,0.2500
168.275,77.105,79.23,1.2000
174.859,78.060,20.46,0.8989
232.342,78.000,14.03,0.2500
280.437,77.812,111.40,1.1374
286.814,78.505,8.87,0.2532
322.887,77.928,7.58,0.4457
325.533,78.000,9.79,0.2500
363.960,78.297,23.91,0.9803
456.000,78.299,6.27,0.2500
490.910,77.279,30.35,1.1036
2.006,80.000,99.52,1.2000
66.655,79.000,9.69,0.2500
98.380,79.160,26.50,0.4985
157.963,78.637,35.07,0.5240
233.982,78.982,0.83,0.2500
273.899,79.066,42.37,1.2000
286.812,78.504,8.86,0.2517
315.360,79.000,4.56,0.2500
319.289,78.797,15.97,0.5656
363.969,78.370,21.93,0.9054
389.210,79.000,3.84,0.2500
57.944,79.950,5.63,0.2500
96.005,79.995,5.38,0.2500
113.356,80.384,1.86,0.2500
124.000,80.587,42.61,1.1346
155.000,80.000,0.44,0.2500
164.000,80.316,13.57,0.2500
221.994,80.006,4.38,0.2500
263.000,80.000,0.44,0.2500
299.006,80.006,5.18,0.2500
363.957,79.000,19.83,0.9009
391.512,80.409,13.60,0.2500
394.118,79.816,11.82,0.2500
508.000,80.000,7.67,0.2500
12.000,81.000,9.81,0.2500
14.000,81.314,12.70,0.2500
122.545,81.008,34.67,0.5163
150.783,81.140,6.17,0.2500
214.423,81.000,7.98,0.2500
254.000,81.000,3.45,0.2500
257.692,81.501,43.09,0.7820
272.379,80.944,10.94,0.2927
273.469,80.092,35.92,1.2000
292.969,80.969,4.36,0.2500
303.000,81.448,6.82,0.2500
445.677,80.607,19.62,0.3845
471.903,80.692,16.93,0.2500
482.346,81.617,69.97,0.8141
498.717,81.544,89.91,0.8414
59.008,82.008,3.30,0.2500
94.462,81.767,16.85,0.2500
120.384,82.094,36.95,0.4730
128.260,81.559,13.96,0.2500
129.686,81.780,5.89,0.2500
218.386,81.934,7.75,0.2500
220.729,81.822,5.95,0.3179
261.957,82.370,24.30,0.4122
295.000,82.463,9.91,0.2500
498.717,81.542,89.78,0.8402
13.024,83.566,78.32,1.0893
26.724,83.000,4.08,0.2500
54.252,83.326,6.28,0.2849
60.724,82.849,4.16,0.2500
79.000,83.156,3.90,0.2500
81.612,82.559,7.25,0.2501
109.543,82.632,10.43,0.2500
109.543,82.632,11.21,0.2500
113.035,83.035,0.77,0.2500
125.456,82.805,12.62,0.3328
149.612,82.731,18.46,0.2512
167.000,83.000,9.70,0.2500
235.530,82.896,16.51,0.2500
269.265,83.000,8.85,0.2500
364.000,83.000,4.38,0.2500
392.232,83.241,4.39,0.2500
393.895,83.133,5.30,0.3581
444.333,83.000,5.09,0.2500
115.406,84.062,31.62,0.5189
122.709,84.291,16.20,0.2500
144.078,84.422,9.77,0.4472
209.788,83.808,7.52,0.3500
238.000,84.000,6.45,0.2500
285.500,84.000,8.25,0.2500
296.863,83.736,6.21,0.2500
368.119,83.743,4.84,0.2500
384.306,84.250,7.42,0.3368
416.651,83.966,9.31,0.2500
419.000,84.000,4.05,0.2500
428.265,84.136,8.56,0.3319
456.000,84.155,0.52,0.2500
459.000,84.000,4.38,0.2500
478.193,83.833,249.07,1.0690
486.567,84.088,26.22,0.4125
16.869,84.857,77.96,0.8678
17.363,84.855,97.82,1.0447
17.543,84.856,97.36,1.0410
42.000,84.621,4.95,0.2500
77.333,85.000,17.38,0.2500
106.220,86.000,49.23,1.2000
118.677,84.982,14.45,0.2500
152.000,86.000,38.44,1.2000
280.000,84.722,4.55,0.2500
288.113,84.479,11.81,0.4710
295.000,85.328,4.86,0.2500
373.773,85.000,6.84,0.2500
376.000,85.000,4.33,0.2500
434.421,85.000,6.62,0.2500
47.000,86.484,19.88,0.2500
73.460,86.000,9.58,0.2500
104.369,86.059,33.53,0.4817
111.143,85.761,78.87,1.0085
198.767,86.500,27.30,0.2500
259.181,85.553,0.81,0.2500
340.636,85.659,31.75,0.5412
31.987,87.013,6.13,0.2500
44.000,87.000,6.30,0.2500
80.217,86.690,14.34,0.7997
153.888,86.621,62.81,0.8677
176.542,86.911,11.73,0.3436
223.750,86.143,16.61,0.7642
238.404,87.222,13.08,0.2500
255.000,87.000,6.37,0.2500
257.360,87.338,15.27,0.2500
264.327,86.575,61.54,0.5423
282.083,86.624,9.39,0.2500
298.753,87.000,8.49,0.2500
318.133,86.640,7.68,0.4620
338.009,86.511,18.95,0.2838
343.883,86.509,8.84,0.2891
349.762,87.000,5.10,0.2500
429.563,87.584,18.98,0.7074
23.087,88.501,16.99,0.2500
84.770,87.951,36.26,1.2000
94.382,88.382,11.33,0.2500
104.223,87.000,54.65,1.1522
107.631,87.420,43.19,0.7821
115.782,88.006,19.29,0.2500
147.358,87.637,9.37,0.2500
211.717,88.427,7.56,0.2505
335.021,89.000,29.62,1.2000
369.970,87.596,6.67,0.2500
430.000,87.696,20.04,0.7906
483.000,88.000,4.38,0.2500
23.337,90.000,62.81,0.8862
38.539,89.000,12.52,0.2500
41.000,89.442,20.55,0.2500
52.000,88.533,10.70,0.2500
76.000,89.000,5.26,0.2500
100.314,89.507,29.09,0.6381
112.996,88.996,0.04,0.2500
118.012,89.012,5.25,0.2500
153.573,89.000,11.01,0.2500
173.645,89.462,31.69,0.8486
201.448,89.000,6.63,0.2500
269.000,88.643,16.84,0.2500
372.332,88.639,12.33,0.3014
426.538,89.194,15.75,0.2500
5.364,90.127,21.90,0.9782
23.411,90.387,60.89,0.8272
85.005,89.780,9.51,0.4580
92.400,90.000,5.99,0.2500
100.316,89.515,29.93,0.6617
178.399,90.000,5.35,0.2500
181.541,90.000,6.55,0.2500
195.000,90.282,3.99,0.2500
205.403,90.041,10.28,0.2500
214.382,91.000,50.06,1.0661
263.995,90.005,12.74,0.2500
266.519,89.930,0.14,0.2500
330.086,90.139,9.13,0.4402
333.007,90.554,27.87,0.6649
334.000,90.369,42.32,1.2000
367.321,90.480,30.39,1.0769
23.423,90.448,57.28,0.7747
23.422,90.448,57.30,0.7750
106.847,91.423,21.65,0.4949
110.960,90.572,10.84,0.2839
180.026,90.945,3.75,0.2500
185.797,91.369,6.10,0.2500
202.708,91.388,14.40,0.2500
240.326,92.000,44.59,1.2000
257.334,91.246,1.00,0.3758
313.751,91.010,11.51,0.6797
357.340,91.000,8.22,0.2500
471.227,91.194,320.71,1.2000
473.000,90.536,331.75,1.2000
481.464,91.128,17.82,0.3304
507.237,90.683,7.43,0.2500
4.250,92.584,46.74,1.1773
9.498,92.000,12.48,0.2500
91.463,92.000,6.65,0.2500
96.862,92.469,65.18,1.2000
97.375,92.392,70.38,1.2000
97.622,92.311,70.71,1.2000
98.165,92.230,65.12,1.2000
122.772,91.646,8.11,0.2500
138.560,92.096,19.89,0.2500
184.215,92.333,7.58,0.3846
211.035,92.561,22.24,0.8195
214.400,91.870,32.18,0.5234
276.039,92.001,11.89,0.5298
354.999,92.191,7.75,0.2500
367.365,91.000,31.04,1.1497
409.000,92.016,27.39,0.9966
409.856,91.701,38.65,1.2000
410.000,91.599,34.26,1.1402
448.000,91.661,6.53,0.2500
481.000,91.245,27.92,0.6997
493.559,92.418,19.96,0.2500
50.355,93.000,7.18,0.2500
63.872,93.000,4.85,0.2500
170.739,92.667,11.15,0.5379
186.977,93.000,4.61,0.2500
229.498,93.497,31.41,0.5616
241.070,92.579,42.94,1.2000
256.307,92.693,6.70,0.2644
269.515,93.500,29.15,0.4583
436.166,92.572,9.13,0.2500
477.783,92.584,8.86,0.2500
4.089,93.310,45.87,1.1216
8.392,94.118,9.63,0.2500
9.419,93.000,31.36,1.2000
57.000,93.667,8.29,0.2500
70.000,94.455,0.73,0.2500
108.083,93.465,62.93,0.7273
184.000,93.600,6.07,0.2500
220.299,94.141,10.73,0.3042
229.498,93.498,24.88,0.5626
239.112,93.517,65.65,1.2000
278.126,93.651,0.71,0.4077
337.957,93.978,7.12,0.4368
352.000,94.000,7.67,0.2500
3.991,96.000,52.44,1.2000
12.455,94.671,29.36,0.5015
62.000,94.546,6.58,0.2500
90.880,94.650,11.41,0.2500
100.268,95.404,9.39,0.3437
120.253,94.747,7.14,0.2500
131.000,94.562,5.56,0.2500
142.848,95.000,6.65,0.2500
156.877,95.000,5.49,0.2500
165.288,95.119,46.95,0.6531
169.599,95.000,1.34,0.2500
179.000,95.528,48.92,1.0831
201.448,95.508,22.43,0.6403
255.527,95.086,24.76,1.0701
259.979,95.378,28.89,1.0144
264.000,95.000,7.67,0.2500
267.000,95.000,4.29,0.2500
273.281,95.009,22.34,0.5761
357.475,95.179,0.64,0.2500
364.000,94.965,61.47,1.0463
365.090,94.971,51.41,0.4667
465.358,94.608,21.01,0.2500
23.992,95.992,4.38,0.2500
88.006,95.994,4.41,0.2500
139.858,96.397,12.33,0.2500
161.477,96.130,35.36,0.4930
166.000,95.357,58.43,0.9457
179.537,95.804,50.02,1.0415
203.759,97.000,43.75,1.2000
227.206,96.000,5.49,0.2500
235.006,96.521,28.71,0.7978
242.992,96.500,6.36,0.2500
256.000,95.367,18.51,0.8635
275.726,96.236,31.88,0.2500
278.740,96.038,9.76,0.2862
311.996,95.998,5.53,0.2500
449.000,96.000,3.62,0.2500
456.503,96.000,16.56,0.2500
461.889,95.826,49.75,0.7095
487.000,95.651,11.52,0.2500
48.245,97.147,4.03,0.2500
84.779,96.590,6.99,0.2500
144.017,97.354,4.74,0.2500
189.231,96.999,5.27,0.2500
191.654,97.000,7.61,0.2500
234.698,96.660,30.05,0.7959
242.992,96.500,6.36,0.2500
273.015,96.627,5.97,0.2500
295.381,97.731,36.95,1.0878
359.000,97.342,6.28,0.2500
361.000,97.000,3.44,0.2500
411.000,97.331,8.37,0.2500
415.011,97.500,12.87,0.5267
427.000,96.640,12.89,0.2500
471.637,97.534,19.87,0.5514
81.000,98.895,74.41,1.2000
109.596,98.000,7.69,0.2500
126.000,98.000,2.77,0.2500
129.368,98.111,14.83,0.2500
145.972,98.001,6.04,0.2500
198.352,97.747,7.48,0.2500
232.304,97.596,16.43,0.2501
259.976,97.088,24.89,1.1374
278.766,97.875,5.02,0.2500
292.821,98.091,34.01,1.0928
293.432,98.019,40.68,1.2000
294.138,97.905,42.51,1.2000
294.911,97.781,42.29,1.2000
295.397,97.694,35.73,1.0576
408.000,98.000,5.56,0.2500
471.637,97.534,16.63,0.5522
2.475,99.019,355.87,0.8358
42.563,99.000,10.47,0.2500
65.000,99.976,30.70,1.0337
79.864,98.986,91.44,1.2000
84.418,99.000,5.15,0.2500
106.750,99.265,6.34,0.2500
113.458,98.991,21.03,0.9046
115.660,99.000,6.87,0.2500
117.908,99.043,6.11,0.2500
161.157,98.604,27.51,1.2000
191.007,99.007,16.60,0.2500
201.366,98.761,25.29,0.9355
204.067,98.103,40.13,1.0415
229.582,99.242,16.18,0.2500
259.957,98.000,16.62,0.8703
272.001,98.999,4.45,0.2500
427.271,99.000,8.19,0.2500
443.000,99.000,5.80,0.2500
456.238,99.000,7.09,0.2500
10.000,100.300,6.73,0.2500
60.270,101.000,20.53,0.7873
64.635,99.998,25.99,0.8576
195.359,100.316,13.86,0.2621
216.000,100.000,0.40,0.2500
221.500,100.000,10.47,0.2500
221.500,100.000,3.74,0.2500
226.908,99.606,17.12,0.2500
251.762,100.934,43.35,1.1144
317.000,100.656,19.99,0.7412
360.531,100.815,51.58,1.1655
411.000,100.000,4.38,0.2500
449.276,99.557,37.18,0.5764
481.660,100.404,36.21,0.2500
508.359,100.286,12.33,0.2500
24.252,101.355,9.26,0.3143
60.290,101.513,26.09,0.9577
75.261,100.567,53.46,1.2000
128.022,101.022,6.16,0.2500
131.000,101.256,4.36,0.2500
143.868,101.120,9.80,0.4448
181.165,100.505,6.62,0.2500
224.757,100.765,17.30,0.2781
229.061,100.000,49.40,1.2000
251.797,101.398,50.83,1.2000
284.000,101.000,3.56,0.2500
317.481,100.790,13.22,0.4019
445.378,100.764,19.27,0.2500
495.565,101.000,8.87,0.2500
35.002,102.002,5.40,0.2500
59.690,103.000,47.96,1.2000
70.670,102.457,61.91,1.2000
71.387,102.206,53.26,1.0876
116.950,101.561,20.75,0.5202
186.989,101.990,3.29,0.2500
220.000,102.721,61.80,1.2000
223.064,101.940,0.40,0.2500
251.856,101.606,50.84,1.2000
286.580,102.000,6.08,0.2500
343.000,102.000,3.51,0.2500
402.000,102.000,7.66,0.2500
3.778,102.567,14.24,0.2812
26.556,102.842,12.68,0.6747
37.008,103.335,5.60,0.3652
69.075,102.977,56.71,1.0532
87.000,103.000,4.34,0.2500
105.690,102.466,14.70,0.3036
128.844,102.658,12.08,0.2600
146.078,103.478,13.20,0.4476
164.000,102.500,14.65,0.2500
170.501,103.163,19.63,0.2500
194.676,103.363,37.16,0.5854
220.574,102.779,22.92,0.2500
290.418,103.004,19.15,0.3985
304.685,102.590,18.09,0.3094
320.796,104.000,62.48,1.0477
360.685,102.016,40.18,0.8912
413.563,103.000,10.47,0.2500
440.137,102.544,26.87,0.7080
51.123,103.797,20.81,0.5957
58.744,104.334,58.45,1.0145
167.000,104.423,5.43,0.2500
218.460,104.000,13.20,0.2500
222.020,104.345,90.97,1.2000
280.500,104.001,6.28,0.2500
281.573,104.092,12.09,0.7116
281.572,104.092,12.08,0.7112
293.151,103.550,12.25,0.2500
299.384,103.930,66.48,1.1949
340.333,104.000,2.12,0.2500
341.652,104.000,5.43,0.2500
477.469,104.028,151.06,0.8953
486.428,103.910,24.99,0.2694
497.500,104.000,14.65,0.2500
497.500,104.000,14.65,0.2500
37.422,105.020,12.64,0.6431
39.875,104.511,8.26,0.2500
57.000,104.643,38.10,1.0723
98.005,104.995,3.81,0.2500
119.000,105.000,5.33,0.2500
154.786,104.899,3.94,0.2500
201.976,105.393,8.11,0.2500
209.250,105.474,27.37,0.9348
215.538,104.678,23.79,0.4644
221.067,104.591,88.18,1.2000
255.238,105.325,4.47,0.2500
308.577,104.464,9.76,0.3912
316.087,105.047,34.66,0.9140
321.000,104.321,76.64,1.2000
354.420,105.000,8.37,0.2500
372.000,105.000,3.66,0.2500
415.009,105.440,60.60,1.1830
417.204,105.508,38.68,1.0384
418.000,105.501,27.98,0.8296
433.515,105.000,1.92,0.2500
448.399,105.500,61.46,0.3905
472.133,105.223,106.02,1.0145
55.983,105.186,32.52,1.2000
99.000,107.000,33.15,1.2000
123.988,106.500,10.58,0.2500
166.933,105.983,10.45,0.5704
172.000,106.228,0.61,0.2500
194.539,105.808,7.90,0.2502
219.000,105.512,62.41,1.2000
258.601,106.427,20.68,0.6800
415.079,105.490,53.25,1.0507
417.204,105.492,38.68,1.0384
418.000,105.499,27.98,0.8296
448.399,105.500,61.46,0.3905
469.000,105.146,26.88,0.9021
472.123,105.180,120.39,1.0535
499.252,105.745,3.25,0.2500
507.000,106.000,13.14,0.2500
49.269,107.330,5.30,0.2522
59.773,107.687,115.88,1.2000
88.000,107.000,4.38,0.2500
93.000,107.000,2.42,0.2500
116.994,107.006,5.10,0.2500
124.206,107.533,18.68,0.6005
127.383,107.000,9.85,0.2500
148.410,106.555,9.44,0.3920
155.000,107.000,3.38,0.2500
174.398,106.658,24.12,0.2524
192.270,107.273,17.60,0.4086
200.875,107.364,7.59,0.2500
215.927,106.791,53.26,1.2000
240.001,106.563,10.49,0.2500
299.054,107.222,64.33,1.2000
477.299,106.000,67.37,1.2000
47.282,109.000,51.03,0.9168
68.000,108.000,3.12,0.2500
98.000,108.311,16.51,0.2500
124.206,107.533,18.68,0.6005
129.039,108.394,71.53,0.8790
131.000,108.044,35.59,1.2000
185.361,108.000,6.71,0.2500
214.000,108.790,58.61,1.2000
238.000,108.387,18.67,0.2500
286.810,108.439,12.52,0.3238
288.974,107.995,11.30,0.2500
344.394,107.615,16.10,0.4305
501.000,108.274,16.43,0.2500
509.070,108.448,63.75,0.8986
1.870,109.000,14.49,0.6501
47.289,109.496,55.72,0.9362
57.000,109.062,81.43,1.2000
206.637,109.087,90.72,1.2000
211.354,108.927,17.91,0.2500
268.741,108.639,9.62,0.4174
292.000,109.538,84.20,1.2000
306.914,109.364,6.38,0.3407
314.600,109.247,26.43,0.8580
340.445,108.927,14.71,0.2500
390.000,108.578,14.71,0.2500
435.370,108.929,7.32,0.2984
449.392,109.167,20.00,0.4540
106.819,110.000,5.79,0.2500
171.013,109.440,26.57,0.5878
187.000,109.860,7.06,0.2500
292.935,109.465,98.50,1.1712
297.566,109.174,51.11,1.2000
430.104,111.000,51.41,1.1644
496.000,110.000,0.55,0.2500
503.396,110.000,9.25,0.2500
57.819,110.610,16.04,0.3965
60.555,111.000,5.52,0.2500
64.420,111.000,8.37,0.2500
97.373,111.000,5.39,0.2500
114.778,110.673,8.33,0.3371
117.477,110.800,15.31,0.2500
180.000,111.000,5.27,0.2500
192.000,111.000,0.03,0.2500
202.195,110.855,64.34,0.9873
207.062,111.089,114.25,1.2000
214.000,110.566,12.25,0.2500
222.000,110.559,12.99,0.2500
256.000,111.000,4.51,0.2500
263.000,110.604,7.28,0.2500
268.415,111.000,6.35,0.2500
329.153,110.958,3.84,0.2500
342.505,111.142,9.51,0.2500
346.305,110.880,23.57,0.6119
391.000,111.000,4.22,0.2500
418.580,111.000,8.37,0.2500
483.937,111.480,234.48,1.2000
13.000,112.213,5.76,0.2500
41.750,112.000,8.51,0.2500
68.991,112.788,78.87,1.1882
107.580,112.000,6.81,0.2500
110.657,111.708,17.22,0.2500
125.002,111.753,5.02,0.3038
146.617,113.000,50.60,1.2000
220.000,112.000,0.22,0.2500
314.681,111.566,24.40,0.9870
429.000,111.547,43.71,1.0544
429.721,111.152,55.61,1.2000
429.732,111.121,55.29,1.2000
447.463,112.000,6.49,0.2500
460.308,111.526,18.72,0.2500
500.016,111.791,26.76,0.2500
15.003,113.003,6.36,0.2500
39.774,113.480,11.84,0.4650
45.844,112.468,20.83,0.4358
50.309,113.247,11.64,0.3410
51.000,113.181,26.88,1.2000
144.000,113.465,7.03,0.2500
375.418,112.710,6.37,0.2500
456.000,113.000,10.74,0.2500
506.335,112.614,261.87,1.2000
29.525,114.000,7.13,0.2500
110.804,114.369,11.48,0.2500
146.095,113.963,20.17,0.2500
151.321,114.314,55.15,0.7959
192.510,114.401,17.20,0.3599
202.029,114.478,18.10,0.2500
235.805,113.668,16.37,0.4401
336.369,113.689,5.63,0.2500
473.527,114.000,36.63,0.2500
497.000,114.940,79.98,1.1541
501.875,113.934,16.42,0.4119
43.530,114.760,8.07,0.2865
48.000,115.000,4.77,0.2500
53.441,115.020,12.27,0.2500
150.000,114.624,62.61,1.2000
233.662,114.819,20.09,0.5621
292.193,114.566,10.27,0.2500
442.604,114.591,33.54,0.2500
460.424,114.781,32.20,0.2500
39.437,116.513,94.83,1.0829
156.594,117.000,31.35,1.0294
164.000,116.000,10.80,0.2500
195.297,116.170,1.63,0.2505
284.970,116.109,25.36,0.8922
285.361,116.143,31.23,1.0479
285.418,116.150,33.90,1.1250
286.050,116.192,25.37,0.9125
319.506,116.000,8.31,0.2500
340.000,116.498,6.82,0.2500
350.000,116.258,29.69,0.7419
358.670,116.000,6.08,0.2500
432.000,116.331,1.68,0.2500
465.500,115.746,64.41,0.5791
465.500,115.746,64.41,0.5791
478.553,115.813,70.41,0.8794
496.846,115.000,86.82,1.2000
100.310,117.000,5.99,0.2500
112.510,116.828,14.85,0.2500
115.201,116.512,20.99,0.3689
166.000,117.000,9.98,0.2500
193.340,117.000,0.81,0.2500
343.172,117.430,6.19,0.2653
390.567,117.000,4.06,0.2500
492.425,117.281,12.27,0.2500
499.441,117.000,30.75,0.2500
131.000,117.641,6.21,0.2500
137.153,118.000,8.67,0.2500
156.850,117.850,17.42,0.4370
196.000,118.500,0.63,0.2500
224.458,118.947,22.22,0.7871
278.734,117.714,95.36,1.2000
322.619,118.000,7.18,0.2500
339.093,117.819,22.24,1.1025
54.778,118.710,19.00,0.4729
59.000,118.765,4.32,0.2500
81.000,119.000,4.39,0.2500
101.391,119.219,17.38,0.3497
104.470,119.289,9.81,0.2525
109.686,118.404,31.72,1.2000
155.019,118.981,4.42,0.2500
159.000,119.000,5.62,0.2500
169.519,118.673,32.15,0.9707
171.000,118.626,62.85,1.1213
172.216,118.648,51.99,0.5855
182.489,118.695,44.37,0.4651
188.669,120.000,131.31,1.1045
487.447,119.000,12.56,0.2500
15.000,120.000,3.36,0.2500
31.213,120.175,25.44,0.7871
34.000,120.479,6.45,0.2500
76.974,119.853,6.90,0.3301
116.510,120.000,7.30,0.2500
142.481,120.000,13.38,0.2500
164.732,120.376,11.16,0.5134
177.956,120.004,3.87,0.4669
185.175,120.088,84.81,0.6556
201.000,120.316,8.10,0.2500
213.626,119.929,11.83,0.5548
266.078,120.232,24.36,0.2940
267.787,120.240,10.78,0.2500
270.678,120.308,16.74,0.4200
280.815,119.000,53.53,1.1475
309.014,120.024,6.58,0.2500
329.000,120.422,8.44,0.2500
349.009,120.000,3.36,0.2500
394.605,120.378,12.65,0.2500
472.511,119.112,83.90,1.0736
482.500,120.000,20.93,0.2500
482.500,120.000,19.54,0.2500
13.000,121.000,2.44,0.2500
62.042,121.170,43.59,0.7126
63.000,121.722,63.14,1.2000
105.000,120.664,7.98,0.2500
130.000,121.000,5.11,0.2500
149.436,121.277,37.98,1.2000
149.478,121.264,35.34,1.1350
184.000,120.419,123.38,1.2000
188.479,120.729,121.76,0.9206
192.000,120.522,10.17,0.2500
194.299,121.175,13.88,0.2500
203.000,120.577,9.38,0.2500
221.631,120.699,7.60,0.2500
310.303,121.727,32.78,1.1223
326.171,121.574,34.20,0.6177
388.486,121.286,27.40,0.3477
439.104,121.021,13.80,0.3776
454.465,121.000,9.42,0.2500
181.598,122.811,109.10,1.2000
246.585,122.000,5.08,0.2500
267.031,121.810,72.47,1.2000
330.445,122.074,30.07,0.2500
351.001,122.017,3.33,0.2500
446.384,121.798,34.25,0.6471
482.442,122.188,9.52,0.2500
502.498,121.566,1.61,0.6221
59.672,122.949,2.26,0.2500
63.387,123.000,16.14,0.2500
74.689,123.114,11.63,0.5505
95.000,123.000,3.79,0.2500
97.095,122.981,7.19,0.4040
118.041,123.473,6.13,0.2500
136.364,122.636,8.25,0.2500
162.764,123.051,37.15,0.2606
164.000,122.936,53.32,1.0073
178.475,122.875,90.53,0.3881
184.887,122.275,104.22,1.2000
220.457,123.155,7.44,0.2715
249.523,122.603,12.37,0.4296
264.817,123.267,93.49,1.2000
272.091,122.976,39.73,0.8235
302.597,122.904,10.15,0.3355
305.866,122.695,21.38,0.4062
313.179,123.001,5.06,0.2500
339.716,124.000,37.89,1.0890
388.370,122.000,49.31,0.9554
393.445,122.926,20.97,0.2500
499.706,122.763,37.60,0.3250
25.378,123.824,52.92,0.7336
37.516,124.177,10.80,0.2500
67.493,124.791,52.55,1.2000
100.562,124.108,9.22,0.2764
109.558,124.000,5.53,0.2500
142.212,123.871,69.70,0.6331
148.698,123.998,4.83,0.2500
169.648,124.000,20.20,0.2500
175.043,124.209,2.68,0.2500
181.918,123.404,108.39,1.2000
193.000,123.574,20.99,0.2500
199.000,124.000,4.38,0.2500
258.591,124.211,9.40,0.2500
261.288,124.127,5.87,0.2500
323.293,124.663,78.79,1.1667
330.000,123.000,55.25,1.2000
381.000,125.000,20.13,0.7353
384.000,124.000,4.38,0.2500
416.948,124.000,0.47,0.2500
440.220,123.515,69.20,0.5598
492.499,124.098,19.19,0.2500
492.499,124.098,19.19,0.2500
58.155,125.000,4.36,0.2500
61.235,124.554,14.08,0.2500
74.572,124.000,84.42,1.2000
77.008,124.665,8.65,0.2500
94.469,125.302,11.68,0.2500
98.695,125.160,13.33,0.4671
201.493,125.161,8.38,0.2500
212.000,125.000,3.77,0.2500
215.000,125.000,6.54,0.2500
253.448,124.803,14.53,0.5793
305.000,124.000,39.65,1.2000
315.732,125.492,67.29,0.8681
381.000,125.508,25.37,0.8984
432.563,125.000,2.09,0.2500
475.975,124.705,18.80,0.6468
485.608,125.000,9.42,0.2500
488.500,125.000,10.47,0.2500
489.500,125.000,10.47,0.2500
489.500,125.000,10.47,0.2500
17.597,126.227,121.54,1.2000
20.554,125.753,43.91,0.4628
26.659,125.000,69.16,1.2000
28.000,125.307,57.22,1.2000
56.000,126.258,6.29,0.2500
72.876,125.754,54.76,0.9332
123.404,125.744,5.47,0.2500
141.348,126.000,4.66,0.2500
163.882,125.982,0.96,0.2500
171.718,125.671,43.71,0.3057
180.000,125.216,46.86,0.9935
187.999,126.001,0.40,0.2500
192.994,126.006,9.91,0.2500
260.329,126.000,5.37,0.2500
330.118,125.755,18.60,0.3665
381.000,125.555,26.31,0.9306
430.574,125.749,49.58,0.7069
503.291,126.753,316.95,1.2000
12.096,126.859,72.17,0.4543
17.274,126.338,121.02,1.2000
17.565,126.179,122.52,1.2000
68.000,126.000,42.12,1.2000
130.822,127.271,14.28,0.5700
134.297,126.923,68.10,1.2000
148.748,126.627,46.15,0.4761
168.513,126.979,53.06,0.3076
184.000,127.000,4.52,0.2500
199.000,126.606,11.50,0.2500
312.381,126.881,11.72,0.2500
323.027,126.000,51.50,0.9977
326.607,126.812,10.34,0.2500
372.508,127.000,11.39,0.2500
381.000,126.051,20.84,0.7591
386.000,127.000,4.38,0.2500
407.951,126.619,106.25,0.9067
428.624,126.397,50.03,0.8375
25.202,127.859,16.50,0.2500
33.316,127.911,10.91,0.2500
66.197,127.788,49.98,0.8165
115.324,128.130,5.94,0.2500
156.496,128.000,2.71,0.2500
166.399,128.000,1.09,0.2500
188.973,128.027,6.41,0.2500
224.396,127.898,5.16,0.2500
251.500,128.172,10.72,0.3936
251.500,128.172,10.72,0.3936
315.959,128.476,13.50,0.2500
412.000,128.120,66.67,0.9680
418.000,128.306,7.56,0.2500
456.000,128.000,7.67,0.2500
475.404,128.000,13.04,0.2500
478.880,127.883,52.90,0.5811
493.485,128.000,0.22,0.2500
14.476,128.800,80.11,0.6473
41.269,129.000,5.92,0.2500
62.341,129.000,0.70,0.2500
88.000,129.000,4.28,0.2500
148.215,128.906,9.75,0.2500
151.349,129.000,11.52,0.2500
259.000,129.000,6.22,0.2500
398.720,128.932,344.61,1.2000
411.011,128.073,84.25,0.9882
11.000,130.344,80.09,0.8494
22.524,130.000,12.64,0.2500
134.201,129.365,53.47,1.2000
198.980,130.264,22.00,0.6203
224.653,130.362,14.05,0.2799
227.000,130.000,6.86,0.2500
373.541,130.000,0.07,0.2500
395.336,129.884,319.41,1.2000
433.154,129.682,139.69,0.9653
462.262,129.999,287.16,1.0971
485.553,130.000,12.56,0.2500
8.000,131.428,40.27,1.0142
92.214,131.000,6.55,0.2500
112.021,131.384,57.34,0.2632
114.852,131.000,23.02,0.2500
151.568,131.000,8.41,0.2500
158.975,131.079,84.88,0.9142
161.000,130.115,193.82,1.2000
162.015,130.409,209.55,1.1506
209.000,131.203,30.56,0.8429
209.580,131.168,37.19,0.9467
209.565,131.170,37.04,0.9434
210.000,131.149,32.01,0.8606
257.000,131.000,6.21,0.2500
311.420,131.222,38.05,0.6267
315.026,130.734,12.86,0.2601
320.000,131.000,6.26,0.2500
370.562,131.000,0.83,0.2500
428.263,131.176,159.03,1.2000
450.550,130.709,11.20,0.2500
14.824,132.000,3.91,0.2500
128.782,132.000,5.71,0.2500
133.571,131.000,27.82,1.2000
144.153,132.175,38.08,0.4563
155.440,132.232,39.40,0.2500
190.000,132.206,0.08,0.2500
241.481,132.000,6.52,0.2500
284.283,132.514,13.64,0.5172
298.636,132.000,4.58,0.2500
370.000,133.000,38.22,1.2000
378.007,131.519,24.82,0.6073
393.884,131.000,249.43,1.2000
427.363,131.676,162.65,1.2000
454.888,132.187,41.98,0.8037
455.000,132.152,43.74,0.8371
473.435,132.086,246.89,1.2000
489.349,132.000,11.52,0.2500
494.992,131.756,61.31,0.5849
2.000,133.498,72.77,1.1402
79.000,132.779,3.72,0.2500
106.738,133.000,8.84,0.2500
146.483,133.861,78.14,1.2000
152.520,133.214,37.15,0.2500
248.000,133.204,5.19,0.2500
330.054,133.129,18.84,0.5707
363.153,133.163,166.43,1.1058
371.000,134.000,93.17,1.2000
423.444,133.000,17.79,0.2500
436.045,132.659,286.99,1.2000
443.205,133.140,61.91,0.8098
467.955,133.493,301.82,1.2000
492.424,133.000,21.98,0.2500
2.000,133.462,69.02,1.1406
128.000,134.354,8.09,0.2500
130.683,134.151,9.28,0.3209
160.535,133.975,16.25,0.2500
173.000,133.815,3.96,0.2500
194.000,134.000,4.40,0.2500
196.000,134.000,3.36,0.2500
199.000,134.000,3.40,0.2500
297.000,134.000,0.76,0.2500
308.481,134.527,25.91,0.5259
340.000,133.500,13.20,0.2500
420.455,134.000,14.65,0.2500
452.005,133.995,6.57,0.2500
43.000,134.000,127.91,1.1820
60.161,135.929,53.98,1.1714
61.975,134.821,4.97,0.2500
85.027,135.496,18.07,0.6858
157.362,134.995,1.24,0.2500
175.907,134.997,14.06,0.2500
189.574,134.954,36.82,0.3426
191.920,135.323,1.61,0.2500
276.710,135.000,5.23,0.2500
280.360,134.688,8.15,0.2527
289.669,134.683,20.73,0.7799
289.716,134.683,21.55,0.8124
299.000,135.000,8.23,0.2500
308.481,134.527,19.23,0.5264
308.481,134.527,25.90,0.5255
370.155,134.693,91.17,1.0074
464.503,134.986,356.81,1.2000
46.507,136.000,2.16,0.2500
49.000,136.253,8.61,0.2500
85.027,135.496,18.07,0.6858
102.846,136.418,16.32,0.2500
105.446,135.555,15.86,0.2540
109.949,135.825,35.44,1.1293
122.889,136.000,5.55,0.2500
136.000,136.000,4.57,0.2500
140.280,135.782,68.99,0.4251
147.525,135.615,57.37,0.5274
152.308,136.089,30.32,0.6874
173.000,136.000,3.85,0.2500
222.000,136.381,16.73,0.2500
224.529,135.682,19.65,0.2942
227.000,136.000,3.29,0.2500
234.148,136.431,8.36,0.3274
259.603,136.087,23.98,0.2796
313.500,136.304,16.69,0.2500
359.000,136.000,4.95,0.2500
364.440,136.134,53.42,0.3846
377.426,136.000,0.99,0.2500
381.566,136.000,15.59,0.2500
446.822,136.234,0.14,0.4827
38.972,136.699,6.58,0.2500
41.901,136.652,15.18,0.2500
60.141,136.000,55.82,1.2000
127.771,136.574,22.02,0.2500
130.003,137.003,8.97,0.2500
144.453,136.886,52.06,0.3742
316.000,136.703,7.18,0.2500
319.000,136.703,7.18,0.2500
354.902,137.179,23.96,0.6659
423.104,136.578,12.88,0.2500
457.887,137.000,16.66,0.2500
500.408,137.024,20.59,0.2500
34.000,138.208,6.24,0.2500
36.000,138.000,2.06,0.2500
91.579,138.428,153.83,1.2000
109.857,137.408,31.89,1.2000
140.943,138.480,58.83,0.6017
165.001,138.001,3.94,0.2500
180.000,138.413,11.10,0.2500
184.466,138.200,10.37,0.3513
193.412,139.000,20.53,0.9267
226.714,138.500,19.06,0.6745
232.418,138.072,11.54,0.4040
360.675,137.738,98.55,0.9523
55.052,139.463,16.85,0.4455
109.854,140.000,44.00,1.2000
139.000,139.086,18.85,0.9706
173.000,139.000,6.79,0.2500
190.631,139.570,23.06,0.6858
249.539,139.000,7.01,0.2500
294.011,139.012,3.29,0.2500
309.675,138.638,42.04,0.7905
320.000,139.861,12.27,0.7611
324.360,138.640,13.15,0.2969
351.000,139.000,5.71,0.2500
371.974,139.026,4.30,0.2500
388.000,139.427,11.50,0.2500
416.759,138.644,102.13,0.7570
470.000,139.000,6.47,0.2500
76.247,140.428,16.08,0.4179
102.586,139.662,16.84,0.2500
135.527,140.000,15.75,0.2500
160.396,140.000,5.15,0.2500
162.444,140.000,7.61,0.2500
175.713,140.227,31.47,1.1386
192.112,139.679,32.45,1.2000
275.000,140.000,3.43,0.2500
320.579,140.000,8.44,0.2500
348.749,140.000,1.75,0.2500
406.804,140.190,122.53,0.9483
452.561,140.000,1.08,0.2500
464.500,140.000,10.40,0.2500
464.500,140.000,10.40,0.2500
504.420,140.000,8.37,0.2500
506.580,140.000,7.88,0.2500
66.346,140.637,18.26,0.3477
96.000,141.298,28.99,0.9799
109.899,141.488,66.86,0.9880
132.000,141.577,142.35,1.2000
145.000,141.496,7.24,0.2500
147.174,140.967,8.78,0.2500
151.249,140.647,13.17,0.2500
175.767,140.598,30.90,1.1213
248.000,140.584,11.88,0.2500
354.940,140.358,26.05,0.7267
383.683,140.233,153.80,0.9321
424.000,141.000,0.58,0.2500
448.412,140.593,68.32,0.8610
10.000,141.523,6.78,0.2500
86.341,142.275,18.48,0.4505
94.433,141.504,60.28,1.0512
109.911,141.526,65.52,0.9700
130.838,141.649,132.01,0.8550
135.000,141.971,94.48,1.2000
155.719,142.280,17.66,0.3624
161.690,142.149,10.36,0.2500
192.000,142.289,5.24,0.2500
291.000,142.000,5.48,0.2500
304.597,142.156,23.80,0.5260
321.773,142.000,4.26,0.2500
407.828,141.000,157.10,1.2000
427.000,142.000,15.51,0.2500
442.916,141.936,203.98,0.8824
13.503,143.199,64.37,0.3886
16.094,142.655,21.10,0.2500
73.000,142.608,12.56,0.2500
83.000,142.558,22.41,0.2500
91.000,143.000,4.66,0.2500
98.758,143.477,10.65,0.2500
105.493,142.545,43.98,0.7819
129.000,142.600,104.51,1.2000
147.289,143.042,17.47,0.2636
161.000,142.355,22.53,0.9893
240.616,142.564,14.48,0.2500
243.000,143.000,7.31,0.2500
246.077,142.688,11.95,0.4108
284.000,143.000,4.38,0.2500
288.760,143.009,3.72,0.2500
315.228,142.527,18.41,0.4479
329.420,143.000,8.37,0.2500
359.000,143.000,1.40,0.2500
435.317,143.434,605.05,1.1872
502.000,143.000,4.20,0.2500
38.175,144.252,11.93,0.2500
80.696,144.372,22.57,0.2680
117.000,144.000,3.83,0.2500
151.925,144.346,7.69,0.2500
169.299,143.154,25.66,0.7548
226.260,144.267,17.66,0.6553
291.000,144.000,0.33,0.2500
302.089,144.412,21.64,0.6536
319.747,143.925,7.39,0.3598
368.000,144.000,4.38,0.2500
371.529,144.000,11.51,0.2500
392.339,144.330,30.59,0.5010
434.361,143.500,636.22,1.2000
451.000,144.000,3.61,0.2500
475.000,144.000,3.69,0.2500
507.000,144.000,14.97,0.2500
110.729,144.145,15.28,0.8538
123.542,145.000,0.36,0.2500
129.923,145.433,77.29,0.5252
145.476,145.000,5.96,0.2500
278.967,146.000,26.71,0.8316
336.500,144.645,4.57,0.5284
348.265,145.249,16.51,0.3889
477.000,145.000,4.10,0.2500
38.477,145.724,9.97,0.2511
84.233,145.866,4.12,0.2500
114.240,146.000,5.72,0.2500
140.982,145.689,5.60,0.2500
154.000,146.012,3.32,0.2500
171.000,146.500,6.28,0.2500
204.474,146.208,9.26,0.3641
217.048,146.104,26.18,0.7769
404.788,146.190,69.90,0.8795
425.000,146.000,3.86,0.2500
13.498,146.530,41.33,0.6449
13.500,146.528,41.01,0.6382
52.777,147.444,39.78,1.0815
62.423,147.070,48.49,0.9360
68.003,146.320,22.41,1.0076
119.192,146.624,32.27,0.3336
124.023,147.644,188.52,1.2000
192.374,146.948,10.10,0.3849
206.523,147.181,13.22,0.3083
212.041,147.000,4.12,0.2500
278.941,146.868,22.54,0.3887
286.774,147.238,27.80,1.2000
287.068,147.198,21.78,0.9983
298.000,147.000,5.28,0.2500
339.209,146.764,62.13,1.0362
375.000,147.000,6.57,0.2500
385.932,148.000,128.09,1.2000
12.000,147.000,45.26,1.2000
23.992,147.992,4.46,0.2500
26.000,148.000,4.15,0.2500
36.000,148.459,8.35,0.2500
62.000,147.262,48.75,0.9798
82.789,147.568,5.77,0.2500
122.832,148.290,165.71,1.1412
188.155,148.963,18.55,0.9967
194.455,148.000,7.32,0.2500
280.865,148.006,13.58,0.2500
294.977,149.000,23.16,1.2000
358.338,148.501,11.82,0.4502
360.500,148.000,8.37,0.2500
389.000,148.826,73.08,1.1636
491.088,148.000,8.27,0.2500
13.240,148.000,43.45,1.2000
39.414,149.226,15.15,0.2500
57.461,148.907,6.52,0.2500
113.922,148.514,24.36,0.2500
125.000,148.000,145.31,1.2000
137.000,148.559,7.47,0.2500
162.643,149.000,6.00,0.2500
207.122,149.362,9.00,0.2500
212.000,149.379,5.59,0.2500
257.884,149.000,5.30,0.2500
283.018,148.982,5.38,0.2500
287.000,149.473,6.93,0.2500
326.655,149.000,4.28,0.2500
333.541,149.068,8.24,0.8611
384.156,149.728,246.07,1.2000
384.911,149.534,247.02,1.2000
385.544,149.420,238.83,1.2000
386.156,149.362,196.87,1.0792
434.626,149.000,10.92,0.2500
477.000,149.000,4.03,0.2500
95.138,149.499,34.34,0.8792
117.396,150.359,110.68,0.8451
172.679,150.000,6.62,0.2500
222.382,149.300,15.73,0.8384
273.682,150.000,4.69,0.2500
281.222,149.995,11.83,0.2500
324.603,150.000,4.25,0.2500
363.000,150.500,9.12,0.2500
368.387,150.168,27.94,0.2874
383.000,150.065,177.75,1.0363
393.304,150.415,62.49,0.7259
429.327,149.968,231.48,1.2000
1.728,150.511,175.43,1.1074
2.261,150.528,135.78,0.9562
22.308,150.959,57.94,1.1628
23.000,151.011,42.11,0.9336
65.625,150.624,5.67,0.2501
117.000,150.549,88.69,0.8953
139.001,150.999,8.69,0.2500
148.000,151.000,4.47,0.2500
170.025,151.456,21.60,0.7098
183.627,150.844,6.43,0.3117
188.255,150.166,14.51,0.7303
288.734,151.000,7.84,0.2500
294.268,150.515,14.07,0.3851
328.000,152.000,81.46,1.0724
348.257,151.451,53.12,1.1911
348.467,151.410,53.60,1.2000
350.000,150.955,29.77,0.9455
361.000,151.000,6.70,0.2500
430.000,150.157,189.38,1.1274
490.999,151.001,5.41,0.2500
26.000,152.000,3.62,0.2500
71.184,151.972,6.87,0.3192
103.615,152.720,166.98,1.2000
113.169,152.545,112.96,1.1949
129.166,151.993,7.40,0.2500
143.000,152.000,5.56,0.2500
152.009,152.133,34.39,0.6327
176.349,151.898,19.27,0.5773
181.101,151.691,18.01,0.4939
251.346,152.000,11.12,0.2500
261.270,152.130,18.51,0.5683
287.183,152.497,14.67,0.2500
340.000,152.000,1.80,0.2500
348.259,151.390,53.87,1.2000
365.437,152.000,17.10,0.2500
368.500,151.000,48.58,1.0669
389.375,152.148,8.13,0.2500
16.531,153.173,12.67,0.2500
38.000,153.000,5.67,0.2500
40.448,153.000,5.72,0.2500
41.567,153.000,6.06,0.2500
104.273,152.710,170.88,1.2000
112.000,152.873,69.39,1.2000
252.000,152.552,25.83,1.2000
316.448,152.682,62.27,0.6736
321.783,153.551,9.21,0.5287
328.343,152.839,97.89,1.0676
408.002,153.050,26.06,0.3636
423.654,152.842,119.56,0.7803
444.000,153.000,3.63,0.2500
447.000,153.000,8.20,0.2500
457.000,153.343,7.88,0.2500
19.483,153.961,9.18,0.3996
62.969,154.417,23.19,0.2500
67.000,154.350,11.91,0.2500
98.000,153.500,0.63,0.2500
120.500,153.992,13.63,0.2500
137.927,154.137,5.77,0.2500
141.364,154.000,8.06,0.2500
142.669,154.000,12.57,0.2500
214.980,154.194,7.03,0.2500
279.969,153.985,3.31,0.2500
314.479,153.794,8.98,0.3243
341.000,154.000,14.24,0.2500
371.000,153.978,0.05,0.2500
386.502,154.000,14.94,0.2500
427.862,153.968,154.15,0.7821
435.000,154.000,1.72,0.2500
488.000,154.000,0.40,0.2500
27.008,155.008,4.35,0.2500
42.511,156.000,39.26,1.2000
43.000,156.000,43.96,1.2000
70.160,155.009,20.80,0.6928
106.005,155.004,91.20,1.2000
177.520,154.759,23.47,0.2588
259.815,155.260,15.65,0.3116
278.215,155.421,7.47,0.2500
318.568,155.000,0.02,0.2500
363.255,155.311,33.26,0.4425
376.499,154.682,51.20,0.3407
407.618,154.749,31.38,0.2500
416.487,155.000,22.66,0.2500
445.498,155.000,12.14,0.2500
81.258,155.882,12.01,0.4496
103.811,155.486,78.89,1.2000
163.000,156.500,11.11,0.2500
281.000,156.000,5.57,0.2500
283.298,157.000,18.80,0.7962
332.000,156.000,11.21,0.2500
338.305,156.000,18.07,0.2500
360.002,155.998,6.03,0.2500
381.000,156.000,6.73,0.2500
440.702,155.890,0.54,0.2500
460.000,156.000,6.18,0.3861
480.407,156.000,17.59,0.2500
30.183,156.721,11.36,0.2743
42.097,156.969,28.52,0.6106
69.000,158.000,43.69,1.2000
140.000,157.455,0.73,0.2500
142.403,158.000,30.28,0.9967
147.266,157.387,23.33,0.5694
163.000,157.498,17.85,0.6067
186.615,157.042,12.41,0.2500
262.707,157.250,4.45,0.2503
291.936,157.001,6.87,0.2500
295.000,157.000,5.79,0.2500
372.000,158.000,62.90,0.8952
63.000,158.000,0.34,0.2500
65.000,158.000,10.60,0.2500
99.000,158.000,6.03,0.2500
113.500,157.500,27.99,0.2500
151.077,158.403,50.85,1.0383
163.000,157.500,17.66,0.5987
174.387,157.661,8.91,0.2500
225.735,157.699,7.09,0.2500
244.000,158.000,4.40,0.2500
258.586,159.000,41.50,1.2000
283.182,157.577,11.13,0.2500
334.372,158.286,5.82,0.2796
467.000,158.000,4.35,0.2500
487.482,158.326,12.37,0.4932
490.988,158.146,8.70,0.2500
2.000,158.943,109.16,0.8933
42.000,159.000,8.02,0.2500
56.440,159.000,6.32,0.2500
68.153,159.069,62.34,1.2000
69.000,159.157,53.70,1.2000
73.720,158.838,52.53,0.9041
74.000,158.821,48.35,0.8526
82.305,158.642,14.86,0.2743
142.110,158.713,16.00,0.2500
144.792,159.447,13.50,0.2500
150.581,158.547,56.30,1.2000
163.000,158.500,11.11,0.2500
228.234,158.602,10.47,0.3113
236.027,158.498,136.29,0.5690
256.462,158.772,28.21,0.2820
262.545,158.876,16.37,0.3450
265.887,158.886,21.46,0.6864
279.000,158.559,6.78,0.2500
348.023,158.594,25.87,0.2500
355.779,159.256,39.69,1.0274
356.709,158.893,17.94,0.3840
385.392,159.000,0.06,0.2500
402.872,159.194,215.53,0.9826
412.000,159.000,10.43,0.2500
416.000,159.000,4.00,0.2500
451.411,158.632,92.41,1.0644
58.290,159.999,3.96,0.2500
79.000,161.000,60.81,1.2000
89.638,159.757,7.69,0.4332
96.455,160.000,0.73,0.2500
99.000,160.000,1.19,0.2500
169.000,160.000,3.76,0.2500
212.629,160.006,20.60,0.5418
215.097,159.809,4.18,0.2500
246.322,160.357,14.24,0.2500
259.000,160.258,17.44,0.2500
316.000,160.000,0.44,0.2500
340.000,159.939,0.46,0.2500
371.591,159.000,65.57,0.8121
376.272,159.545,21.73,0.2500
460.000,160.000,8.57,0.2500
485.112,160.225,5.79,0.2500
3.000,160.000,69.38,1.2000
64.000,161.531,48.56,1.2000
77.714,161.316,41.74,0.5596
85.735,161.273,48.01,0.8178
328.814,161.417,240.27,1.2000
8.500,162.000,10.47,0.2500
65.002,161.538,57.59,1.2000
66.289,161.650,59.09,1.2000
67.581,161.608,58.51,1.2000
80.281,163.000,54.67,1.1291
134.560,162.241,11.79,0.2500
141.599,162.074,15.39,0.2500
146.857,161.827,23.06,0.2500
150.658,161.541,17.21,0.4690
209.333,162.277,16.14,0.2500
212.330,161.000,40.69,1.2000
235.000,161.514,12.19,0.2500
278.788,162.434,6.07,0.2500
311.611,162.000,1.82,0.2500
372.000,162.000,8.18,0.2500
398.581,162.000,4.20,0.2500
460.141,162.063,22.61,0.5970
464.224,162.392,14.51,0.4532
64.000,162.000,44.73,1.2000
66.506,162.000,59.07,1.2000
69.926,162.911,4.61,0.2500
111.357,162.716,9.12,0.4543
148.949,163.304,15.07,0.2500
186.768,163.047,11.50,0.5127
198.158,162.548,10.30,0.4602
229.500,163.000,7.66,0.2500
229.500,163.000,8.37,0.2500
256.661,163.000,6.22,0.2500
267.692,164.000,49.54,1.1098
318.000,163.614,122.96,1.0645
351.493,163.000,8.28,0.2500
365.064,162.740,63.75,0.7138
418.592,163.000,14.65,0.2500
33.501,163.737,9.81,0.2862
58.469,164.000,1.91,0.2500
80.068,163.158,56.29,1.2000
97.000,164.000,1.82,0.2500
116.000,164.000,6.29,0.2500
160.535,164.000,9.51,0.2500
184.000,164.000,4.72,0.2500
210.997,163.997,14.40,0.2500
316.392,164.312,177.07,1.1394
324.000,163.733,46.80,1.2000
326.000,163.000,134.28,1.2000
327.101,163.000,166.09,1.2000
335.198,164.320,14.95,0.6468
388.242,164.403,37.73,0.3852
441.365,163.425,22.44,0.7299
441.365,163.423,22.70,0.7390
444.000,164.000,2.50,0.2500
66.612,165.500,50.89,0.4241
78.214,165.121,41.04,1.2000
82.661,165.401,13.32,0.3539
137.441,164.894,31.76,0.5483
173.247,165.000,3.96,0.2500
263.096,165.489,11.40,0.4525
312.000,165.407,8.57,0.2500
321.000,165.000,0.47,0.2500
32.000,166.204,5.71,0.2500
35.224,166.082,5.76,0.3198
61.000,167.000,106.13,1.2000
66.612,165.500,48.75,0.4242
76.371,165.692,15.34,0.4804
86.000,165.539,14.72,0.2500
156.644,166.183,57.85,0.5081
202.499,166.000,9.62,0.2500
206.772,165.608,11.17,0.2500
209.445,166.000,17.87,0.2500
259.288,166.032,8.09,0.2500
354.721,167.000,43.21,1.2000
354.500,166.000,12.56,0.2500
422.000,166.000,6.16,0.2500
3.751,167.053,6.93,0.2500
7.000,167.254,4.63,0.2500
37.105,166.547,17.43,0.3649
40.652,166.606,21.93,0.3590
43.796,166.999,3.88,0.2500
136.000,167.000,9.58,0.2500
152.908,166.633,37.51,0.9478
153.402,166.644,47.67,1.1306
155.000,166.279,61.44,1.2000
254.694,167.455,10.52,0.2577
315.908,166.000,124.07,1.2000
327.000,167.000,33.89,0.2500
329.995,167.485,4.64,0.3491
383.000,167.114,316.23,1.1885
417.991,167.009,5.98,0.2500
449.000,167.000,5.33,0.2500
463.490,166.687,11.78,0.2807
466.000,167.000,3.51,0.2500
478.693,166.559,9.84,0.5568
46.545,168.000,8.49,0.2500
57.244,167.827,11.23,0.2500
61.990,168.079,105.47,0.6348
71.355,167.794,44.17,0.9005
78.332,167.545,11.90,0.3411
93.000,167.641,99.52,1.0700
93.544,167.644,122.01,1.1972
93.508,167.642,123.27,1.2000
94.000,167.613,110.16,1.1607
98.068,168.213,15.63,0.2992
213.057,168.228,109.79,1.2000
250.009,167.991,5.80,0.2500
252.102,167.441,15.81,0.5106
313.532,167.135,54.75,1.2000
346.522,167.605,73.37,0.8049
382.436,167.246,326.58,1.1859
408.769,168.204,7.83,0.2500
444.000,168.000,3.54,0.2500
446.397,168.000,7.24,0.2500
460.899,168.340,8.32,0.2500
475.576,167.847,0.88,0.2500
490.000,168.000,3.72,0.2500
66.596,169.123,64.97,0.8474
100.427,169.000,16.47,0.2500
178.129,169.492,23.74,0.3824
245.291,168.711,6.35,0.2500
372.563,169.000,17.59,0.2500
418.242,169.095,46.74,1.0733
436.000,169.000,12.05,0.2500
439.000,169.000,12.05,0.2500
47.539,170.426,18.42,0.5470
54.788,169.913,46.04,1.2000
55.817,169.821,49.49,1.2000
213.512,169.465,101.58,1.1703
302.271,169.671,10.02,0.2500
420.555,170.160,13.17,0.2500
472.862,170.252,26.44,0.4104
75.774,171.138,5.90,0.2500
85.000,171.000,5.37,0.2500
122.518,170.699,12.81,0.5910
128.428,171.024,19.65,0.3271
169.552,171.000,12.05,0.2500
177.000,170.000,49.72,1.2000
225.934,171.413,81.51,1.0773
248.074,171.635,30.76,1.2000
250.338,171.384,20.04,0.8352
261.224,170.536,27.25,0.3963
296.730,170.827,12.12,0.2500
315.000,171.000,0.77,0.2500
331.000,171.000,0.33,0.2500
351.420,170.577,270.69,1.1492
487.329,170.664,32.44,0.6758
40.511,172.123,13.39,0.4163
40.990,172.124,22.02,0.8118
62.500,171.702,46.04,0.4527
69.609,171.830,17.12,0.3770
77.984,172.475,12.96,0.2500
86.992,172.008,4.38,0.2500
115.000,173.000,38.55,1.0757
135.000,172.000,6.21,0.2500
201.825,171.943,13.39,0.5589
225.000,171.680,56.40,0.8919
256.447,172.000,12.56,0.2500
334.545,172.001,7.33,0.2500
344.000,172.000,1.10,0.2500
358.000,173.000,26.83,0.7484
362.570,172.000,1.10,0.2500
388.000,172.000,8.61,0.2500
447.000,171.560,15.91,0.2500
468.500,172.000,8.37,0.2500
65.364,172.579,25.11,0.5809
113.684,174.000,54.80,1.2000
130.422,173.038,18.46,0.2500
241.300,172.817,28.77,0.6799
245.331,173.540,32.77,1.2000
284.606,172.470,9.20,0.2500
347.857,172.998,12.83,0.2500
378.596,173.000,20.29,0.2500
390.824,172.867,20.01,0.2913
403.000,173.478,11.53,0.2500
444.544,173.000,13.17,0.2500
485.162,172.587,19.81,0.2500
58.525,174.000,14.68,0.2500
144.695,173.632,17.42,0.2500
214.693,174.159,88.05,0.5562
217.792,173.629,12.69,0.2500
231.000,174.000,7.81,0.2500
237.497,174.223,10.90,0.3774
244.649,173.893,25.44,0.9862
351.055,173.613,35.85,0.2500
358.000,173.634,19.57,0.2500
4.000,176.000,42.29,1.2000
56.004,175.004,10.37,0.2500
62.100,174.540,12.09,0.2500
99.989,174.988,5.61,0.2500
108.689,174.682,27.92,0.4318
111.854,175.234,52.74,0.7096
119.724,174.811,5.20,0.2500
182.605,175.000,6.31,0.2500
191.100,175.374,6.92,0.3111
258.000,174.777,5.43,0.2500
361.675,175.321,26.61,0.3896
365.432,174.556,33.75,0.2500
426.622,174.962,5.96,0.2500
484.000,175.000,4.85,0.2500
502.704,175.319,7.33,0.3973
509.002,175.002,5.24,0.2500
50.111,176.073,57.16,1.2000
53.472,176.000,13.28,0.2500
133.433,176.366,25.26,0.4406
196.107,175.442,119.66,1.0682
234.000,176.059,38.83,0.9707
234.940,176.135,54.88,1.2000
358.024,175.000,22.77,0.8782
383.619,176.046,19.49,0.2500
495.620,176.224,8.27,0.2501
498.000,176.366,8.91,0.2500
4.109,177.394,28.96,0.3791
115.493,177.117,87.97,1.1173
140.727,176.423,15.15,0.5960
149.420,177.352,17.10,0.9188
180.995,176.997,9.89,0.2500
229.379,178.000,113.30,1.2000
325.201,177.683,28.85,1.1897
329.416,176.892,11.54,0.4710
332.502,177.720,110.29,1.2000
223.892,177.585,16.52,0.4916
235.591,177.000,47.84,1.2000
240.169,177.713,43.18,0.7492
264.723,177.914,4.17,0.2500
278.505,178.197,9.04,0.2500
323.594,178.155,19.90,0.5971
340.318,177.893,83.43,0.9338
422.724,178.026,15.52,0.3752
495.588,177.114,34.76,1.2000
18.759,178.953,19.02,0.7889
44.673,179.220,51.00,0.8279
133.000,178.000,34.78,1.2000
144.000,179.455,7.33,0.2500
199.013,179.099,14.96,0.3819
227.354,179.000,22.93,0.2500
262.267,179.135,3.97,0.2500
353.036,178.610,0.83,0.4275
363.063,179.175,19.83,0.4625
364.000,179.232,27.00,0.9819
366.560,179.022,4.14,0.2500
399.011,179.011,3.29,0.2500
402.402,179.082,9.06,0.2838
488.000,179.000,1.47,0.2500
49.870,179.863,49.41,1.2000
51.249,180.370,55.43,1.2000
92.000,180.405,6.75,0.2500
117.607,180.000,6.23,0.2500
155.363,181.000,31.32,1.1107
157.885,180.000,5.07,0.2500
201.045,180.194,63.84,1.2000
214.545,179.729,20.72,0.4432
224.675,179.799,17.63,0.4983
230.461,179.715,130.90,0.5743
257.448,180.000,9.32,0.2500
264.080,180.001,3.63,0.2500
304.044,180.000,11.01,0.2500
320.731,181.000,41.16,0.7893
348.705,180.464,0.13,0.2500
359.989,179.972,3.32,0.2500
444.998,180.001,10.95,0.2500
447.000,180.000,7.67,0.2500
484.000,180.000,0.46,0.2500
2.387,181.318,19.18,0.3930
132.203,180.007,17.81,0.9057
150.143,180.481,24.88,0.7462
160.757,181.566,63.83,1.0551
171.217,180.949,20.83,0.4762
202.821,181.504,64.25,1.2000
217.000,181.000,3.74,0.2500
233.000,181.000,4.90,0.2500
268.000,182.000,41.47,1.2000
320.711,181.509,50.38,0.9615
332.000,180.613,216.62,1.1534
332.212,180.500,232.71,1.2000
382.972,181.470,44.72,0.2776
449.013,181.000,4.38,0.2500
461.436,181.066,27.15,0.8514
467.000,181.476,7.00,0.2500
492.638,180.952,98.65,0.4934
45.120,182.306,78.49,0.6891
51.748,181.000,53.97,1.2000
101.716,182.236,23.14,0.5961
158.000,183.000,92.79,1.2000
160.764,181.547,63.54,1.0511
200.918,181.000,49.97,1.2000
219.000,182.000,5.48,0.2500
263.847,182.070,7.29,0.2646
271.801,181.744,18.33,0.7828
272.000,181.748,18.59,0.8002
320.710,181.487,52.18,0.9577
327.981,182.180,32.15,0.6717
374.241,182.046,11.55,0.2500
376.269,182.000,1.37,0.2500
379.613,182.102,77.67,0.7064
430.873,182.374,13.96,0.6249
442.664,182.000,6.29,0.2500
456.592,182.082,6.69,0.2500
496.059,181.498,36.26,0.4294
497.000,181.423,63.14,1.0537
68.000,183.000,5.83,0.2500
71.000,182.765,6.22,0.2500
124.206,182.954,4.52,0.3304
201.000,182.000,32.88,1.2000
204.000,183.672,76.07,1.2000
227.347,183.401,17.95,0.5155
228.000,183.442,33.11,1.0887
235.440,182.986,26.78,0.3041
238.390,183.062,36.49,0.5192
320.730,182.000,41.05,0.7873
324.851,183.070,25.39,0.8069
325.210,183.039,30.78,0.9604
327.000,182.527,48.35,1.2000
337.000,183.000,8.02,0.2500
370.543,182.622,24.18,0.3672
386.438,183.729,50.80,1.0731
404.000,183.000,6.51,0.2500
483.903,183.451,15.74,0.3288
502.069,183.307,14.66,0.6205
38.269,184.085,5.80,0.2500
101.156,183.544,12.48,0.2826
117.092,183.503,99.99,0.7272
143.000,184.128,4.43,0.2500
157.479,184.244,101.89,0.9228
166.000,184.274,7.69,0.2500
205.185,184.112,58.14,0.6878
243.424,184.000,6.28,0.2500
250.000,184.000,3.97,0.2500
266.346,183.770,56.16,0.5472
283.121,184.049,4.43,0.2500
299.371,183.576,24.11,0.8895
340.461,184.000,10.21,0.2500
384.611,184.087,50.10,1.2000
415.000,184.004,4.29,0.2500
445.000,184.000,3.64,0.2500
447.946,184.990,16.75,0.7748
478.855,184.391,9.79,0.3278
40.987,185.013,9.31,0.2500
45.154,184.000,45.89,0.9071
51.736,184.704,15.74,0.3033
55.650,185.152,5.80,0.2500
59.012,185.018,3.49,0.2500
197.000,185.000,4.38,0.2500
366.062,184.688,11.91,0.2500
451.000,185.426,5.28,0.2500
470.216,186.000,38.41,1.2000
501.713,184.844,29.76,1.2000
34.774,186.216,51.86,1.2000
49.349,185.525,49.16,0.7964
53.995,186.153,17.85,0.3267
60.704,186.000,6.75,0.2500
68.402,185.658,5.83,0.2500
80.258,185.366,53.89,1.2000
119.349,185.552,30.52,0.3909
141.344,186.000,4.51,0.2500
163.186,185.678,24.39,0.8838
225.428,185.912,29.34,1.2000
245.870,186.026,9.84,0.5391
278.313,186.150,122.47,1.2000
313.765,186.000,5.23,0.2500
443.920,186.417,11.31,0.2500
447.942,185.556,8.81,0.2500
465.797,185.569,12.29,0.5246
472.455,186.667,35.25,1.2000
501.631,185.352,28.10,1.2000
32.459,186.829,15.92,0.2688
40.118,186.964,15.63,0.5694
45.000,187.000,1.79,0.2500
199.210,186.519,7.59,0.2500
203.000,188.000,118.01,1.2000
292.500,186.668,8.17,0.2500
446.000,187.000,4.99,0.2500
451.000,187.990,27.98,1.2000
455.000,187.036,5.49,0.2500
469.309,187.444,49.85,1.1004
470.000,187.113,51.17,1.2000
4.000,188.000,4.38,0.2500
28.171,188.474,9.18,0.2521
29.913,187.726,5.28,0.3173
36.665,188.528,47.47,1.2000
58.819,187.637,15.69,0.3234
61.992,188.139,15.04,0.7140
76.000,187.880,38.41,1.2000
77.097,187.615,47.27,1.2000
124.979,187.734,21.47,0.6358
154.000,188.000,3.72,0.2500
161.000,188.423,5.70,0.2500
176.000,188.000,3.70,0.2500
178.595,188.000,7.23,0.2500
180.862,188.241,5.93,0.3498
196.027,188.409,17.50,0.2500
227.536,188.306,15.96,0.3009
243.038,188.038,3.33,0.2500
250.553,188.000,7.52,0.2500
268.987,187.987,7.87,0.2500
271.234,188.000,4.11,0.2500
275.000,187.713,36.50,0.9576
284.268,188.610,26.05,0.9766
294.558,188.000,5.45,0.2500
300.320,188.433,13.06,0.2500
317.000,188.000,4.09,0.2500
332.208,188.000,8.62,0.2500
366.409,187.853,18.58,0.5324
407.644,188.384,12.25,0.3112
429.278,188.547,41.94,0.5500
438.240,188.259,23.22,0.3866
504.000,188.000,8.87,0.2500
508.000,188.224,37.53,0.8725
509.193,188.294,60.45,1.2000
48.009,188.991,7.66,0.2500
163.000,189.000,6.32,0.2500
204.500,188.551,250.53,1.0509
284.293,189.208,30.00,1.0862
288.359,189.000,12.50,0.4987
312.131,189.257,93.50,1.0079
324.000,189.000,0.57,0.2500
326.000,189.000,7.92,0.2500
372.186,189.166,15.83,0.4222
386.393,189.000,7.26,0.2500
436.000,189.176,9.47,0.2500
509.185,188.223,61.28,1.2000
55.192,189.644,40.12,0.6559
73.904,190.353,5.51,0.2500
80.859,190.141,3.87,0.2500
153.467,190.390,7.79,0.2500
160.029,189.000,18.37,1.2000
203.000,189.319,180.66,1.1143
206.767,190.000,4.35,0.2500
222.616,189.721,8.08,0.2500
265.000,189.710,0.52,0.2500
284.290,189.487,26.09,0.9577
364.261,189.855,17.69,0.3855
439.000,189.000,42.78,1.2000
450.795,189.000,26.23,1.1425
30.000,191.420,8.38,0.2500
38.280,190.999,61.14,1.2000
48.917,191.248,24.31,0.2500
51.901,191.231,26.48,0.5407
58.779,190.812,16.99,0.3429
88.527,191.257,12.99,0.3574
92.790,191.191,8.03,0.4274
109.499,191.000,7.57,0.2500
119.430,190.339,49.78,0.8581
125.340,191.160,48.11,0.7281
130.611,191.376,59.75,0.8957
173.885,190.641,33.88,0.4118
176.641,190.640,29.12,0.2723
196.000,191.000,4.07,0.2500
226.596,190.623,18.21,0.5242
230.594,191.113,18.68,0.5294
246.001,190.999,4.93,0.2500
284.270,190.000,20.54,0.7878
346.996,190.910,17.29,0.5898
408.000,191.000,5.03,0.2500
461.022,191.240,12.34,0.2500
464.212,190.952,20.68,0.3723
15.000,192.000,3.29,0.2500
37.000,191.562,41.47,1.2000
68.518,192.289,16.79,0.3077
72.373,192.300,16.71,0.4477
104.436,192.099,30.49,0.2500
170.986,191.986,4.63,0.2500
204.287,192.280,3.92,0.2517
263.000,192.000,5.35,0.2500
268.594,192.000,12.40,0.2500
274.040,192.194,21.37,0.7815
350.856,191.632,27.69,0.4409
497.029,191.000,27.21,1.2000
6.861,193.339,8.39,0.5177
91.026,193.041,8.88,0.5335
126.000,192.000,59.78,1.2000
176.410,193.136,18.46,0.2500
265.000,193.000,3.94,0.2500
279.000,193.000,3.82,0.2500
301.877,192.815,14.51,0.7998
301.872,192.816,14.31,0.7888
302.000,192.826,13.45,0.7460
310.268,193.000,4.06,0.2500
317.535,193.524,20.10,0.6249
370.112,193.152,37.91,0.6837
371.000,193.003,59.71,1.2000
461.138,192.000,37.40,0.9995
474.002,193.497,12.51,0.2500
40.017,193.986,4.43,0.2500
76.934,194.003,3.44,0.2500
79.000,194.000,4.38,0.2500
263.000,194.361,7.82,0.2500
276.004,193.988,1.14,0.2500
284.000,194.000,1.10,0.2500
295.931,194.355,70.19,1.2000
462.542,194.000,7.43,0.2500
475.999,193.990,3.64,0.2500
28.697,194.638,48.82,0.7043
42.992,194.992,3.63,0.2500
64.000,195.000,0.77,0.2500
102.129,195.220,4.59,0.2500
125.011,195.223,15.00,0.2500
180.000,195.926,29.09,1.2000
228.552,194.628,22.47,0.3931
231.054,194.697,38.92,0.4171
293.541,195.075,78.86,1.2000
305.000,195.278,8.38,0.2500
307.257,195.186,7.71,0.2500
310.000,195.000,1.27,0.2500
312.289,196.000,40.08,1.1108
347.000,196.000,26.06,1.2000
433.322,194.884,22.84,1.0126
120.438,196.328,66.74,0.6677
153.414,196.000,6.41,0.2500
168.003,196.003,4.76,0.2500
170.200,196.286,39.48,0.2546
205.254,195.934,7.31,0.2500
222.000,196.000,4.53,0.2500
252.438,196.056,7.29,0.2500
257.998,195.998,4.77,0.2500
261.237,196.399,33.30,0.7746
265.665,195.707,5.51,0.2500
271.639,195.950,8.67,0.2500
293.000,195.192,59.02,0.9528
336.884,196.442,10.26,0.8134
369.000,196.000,3.96,0.2500
371.016,195.683,14.68,0.2500
409.457,196.000,7.91,0.2500
430.319,195.951,29.81,0.5546
481.000,196.000,6.02,0.2500
497.000,196.000,8.99,0.2500
142.000,197.000,3.75,0.2500
175.690,197.345,163.81,0.9314
231.020,196.000,66.35,1.1285
256.000,196.609,8.19,0.2500
276.711,196.911,48.02,0.7390
312.301,196.714,19.77,0.3936
317.000,197.000,6.10,0.2500
404.712,197.000,4.89,0.2500
30.000,197.786,4.80,0.2500
69.368,197.447,10.89,0.3716
104.054,198.150,6.37,0.2500
155.000,198.000,2.07,0.2500
162.046,198.046,3.23,0.2500
184.558,198.000,13.01,0.2500
203.178,198.219,20.58,0.4994
234.237,198.023,14.42,0.4049
280.471,198.092,31.10,0.2500
286.600,198.477,16.01,0.5361
330.376,198.294,10.31,0.2500
349.051,198.000,4.92,0.2500
408.981,197.981,5.77,0.2500
411.343,197.816,8.29,0.2500
428.760,197.729,10.71,0.4384
461.093,197.529,12.03,0.2500
500.949,198.550,20.31,0.9255
37.000,199.522,43.82,1.1113
37.484,199.588,51.98,1.2000
37.369,199.582,52.18,1.2000
38.000,199.594,40.99,1.0656
62.502,199.000,7.23,0.2500
125.145,198.887,37.71,0.5849
231.091,198.496,16.89,0.3490
248.016,199.000,5.47,0.2500
286.600,198.477,16.01,0.5360
458.564,199.967,39.03,1.2000
462.998,198.998,8.01,0.2500
491.857,199.667,59.26,1.2000
495.470,199.000,13.56,0.2500
37.000,199.478,43.82,1.1113
37.479,199.514,51.83,1.2000
37.363,199.508,52.06,1.2000
38.000,199.563,40.56,1.0567
56.888,200.681,17.95,0.9074
91.672,199.987,65.43,0.9156
160.000,200.452,15.43,0.2500
184.000,201.000,57.99,1.2000
207.989,200.011,3.29,0.2500
218.692,200.053,4.53,0.2500
254.521,200.423,28.76,0.8266
290.909,200.263,28.66,0.6080
303.926,200.408,46.41,0.9687
304.000,200.366,45.44,0.9545
338.730,200.774,44.69,0.9423
368.078,200.165,10.83,0.2500
396.000,200.000,3.99,0.2500
406.095,199.974,10.22,0.2500
489.014,199.179,50.64,1.2000
500.751,199.000,18.73,0.9535
143.361,201.312,28.63,0.4276
212.356,201.290,6.85,0.2506
215.943,200.943,3.81,0.2500
270.514,200.503,32.87,0.2512
293.761,200.923,6.08,0.2500
303.787,200.456,41.72,0.8771
303.936,200.394,46.89,0.9783
321.889,200.997,14.43,0.2500
327.000,202.000,81.62,1.2000
403.995,201.026,14.85,0.2500
453.773,201.100,53.10,0.4718
459.672,200.530,38.09,1.2000
19.539,202.000,6.61,0.2500
62.377,201.935,5.52,0.2500
185.500,201.835,49.62,0.5380
185.500,201.835,36.68,0.5384
323.665,202.000,12.73,0.2500
338.770,201.000,56.69,1.1765
368.875,201.522,14.03,0.2500
420.019,202.019,4.18,0.2500
422.981,202.019,4.18,0.2500
481.516,201.786,31.26,0.9100
481.632,201.725,37.51,1.0834
484.967,202.319,29.11,0.4930
492.210,202.229,103.51,0.8511
496.210,202.130,7.93,0.3514
76.487,202.624,10.07,0.2500
165.232,202.999,8.40,0.2500
209.839,202.988,4.33,0.2500
213.000,202.639,10.48,0.2500
270.329,203.000,6.79,0.2500
319.000,202.582,13.23,0.2500
326.666,202.880,41.47,0.3194
331.000,202.685,4.62,0.2500
401.017,203.000,4.67,0.2500
457.045,202.511,23.30,0.3164
481.501,202.000,27.96,0.8294
481.537,202.000,29.88,0.8838
487.969,202.810,32.66,0.4327
113.000,204.000,3.37,0.2500
124.392,204.000,9.42,0.2500
145.127,203.686,54.35,1.2000
146.000,204.152,43.75,1.0681
162.940,204.303,10.94,0.2500
236.074,204.000,3.85,0.2500
274.644,204.912,71.03,1.2000
274.576,204.889,70.55,1.2000
289.477,204.000,5.23,0.2500
338.491,203.903,14.62,0.3558
386.809,204.000,5.16,0.2500
501.462,204.110,9.13,0.2984
104.000,205.392,6.28,0.2500
274.736,205.517,77.67,1.2000
274.690,205.547,77.34,1.2000
362.060,205.000,7.98,0.2500
423.628,206.000,16.72,0.8076
493.328,204.867,42.71,0.5638
108.000,206.000,4.00,0.2500
116.000,206.000,0.49,0.2500
162.854,205.000,20.63,0.9411
166.000,206.462,6.53,0.2500
203.200,206.301,0.44,0.2500
241.500,206.480,18.21,0.5377
241.500,206.480,18.21,0.5377
274.794,205.920,78.72,1.2000
274.817,206.054,79.29,1.2000
275.000,206.140,79.97,1.2000
287.000,206.316,4.51,0.2500
298.691,205.671,17.55,0.3558
328.443,205.963,20.83,0.4262
345.921,206.399,8.71,0.2994
348.987,206.013,5.68,0.2500
352.000,206.433,7.09,0.2500
420.200,205.811,24.34,0.4391
120.849,207.468,11.09,0.3786
241.500,206.480,18.21,0.5378
241.500,206.480,18.21,0.5378
274.858,206.223,75.07,1.2000
274.966,206.431,76.49,1.2000
336.891,207.000,4.45,0.2500
424.000,207.669,31.55,1.2000
464.000,206.538,16.56,0.2500
466.818,206.538,19.59,0.2500
484.415,207.000,8.97,0.2500
493.000,206.618,5.07,0.2500
117.641,208.626,79.01,0.7704
140.000,207.917,11.31,0.2500
144.281,208.281,6.14,0.2500
206.000,208.334,32.01,0.8409
232.000,208.000,0.55,0.2500
250.415,208.000,8.48,0.2500
279.315,208.452,20.51,0.2500
342.202,208.254,22.45,0.5378
419.007,207.993,4.15,0.2500
420.920,207.599,11.71,0.2500
425.445,209.000,57.04,1.2000
425.703,208.994,57.92,1.2000
481.949,208.358,16.60,0.4603
489.000,208.000,10.65,0.2500
491.000,207.910,5.77,0.2500
148.227,209.131,34.34,0.8216
198.427,209.123,125.95,0.6951
202.666,209.102,86.38,0.8689
276.945,208.634,68.96,1.2000
338.042,209.102,14.51,0.5878
358.000,209.114,4.80,0.2500
434.142,209.098,45.27,0.7821
436.000,209.302,35.96,0.8630
456.157,209.521,9.81,0.4062
464.000,209.000,4.32,0.2500
14.998,209.878,12.18,0.4542
60.487,209.649,20.00,0.2513
119.000,209.000,72.42,1.2000
129.499,209.647,17.48,0.4795
140.000,210.000,0.55,0.2500
154.628,210.242,56.82,0.4335
235.155,209.891,157.96,0.7981
240.156,209.922,17.05,0.4376
247.064,209.653,13.26,0.2500
261.727,209.500,21.77,0.2500
423.000,209.496,24.17,1.2000
460.992,210.008,0.93,0.2500
485.932,209.691,18.27,0.4913
487.872,210.093,15.50,0.2500
167.001,210.759,16.47,0.5057
395.592,210.725,9.64,0.3142
479.175,211.760,68.16,1.2000
502.496,210.663,100.17,0.4488
272.000,211.996,6.59,0.2500
315.000,212.000,7.76,0.2500
457.000,211.616,5.04,0.2500
501.000,211.000,96.43,1.2000
505.444,211.638,57.29,0.2500
133.000,214.000,37.13,1.2000
268.723,213.476,17.23,0.4118
451.599,213.000,10.85,0.2500
480.210,213.418,55.53,0.7954
485.279,213.000,5.85,0.2500
40.990,213.593,10.36,0.2500
302.766,213.852,48.51,0.4452
306.994,213.994,5.48,0.2500
480.219,213.441,53.36,0.7871
487.986,214.024,8.00,0.2500
493.005,214.003,7.66,0.2500
76.623,215.416,12.03,0.4761
136.172,214.812,58.36,0.6886
267.350,214.756,16.24,0.4031
476.469,216.000,44.70,1.2000
484.990,215.010,3.68,0.2500
22.545,217.000,55.47,1.2000
24.000,217.000,38.26,1.2000
68.411,216.423,58.80,0.5308
71.000,216.420,6.50,0.2500
133.000,215.253,37.15,0.9587
304.661,215.751,21.81,0.2500
369.490,215.873,57.56,0.8281
476.423,216.025,43.55,1.1976
476.560,216.006,40.83,1.1310
490.516,216.000,11.95,0.2500
494.298,216.091,10.02,0.4471
498.132,216.979,50.28,0.7656
499.000,216.888,76.15,1.2000
501.470,216.440,60.75,1.1276
502.287,216.511,69.00,1.2000
226.489,217.116,7.73,0.2500
312.000,217.000,13.80,0.2500
463.936,217.064,4.65,0.2500
498.212,217.362,68.44,1.0136
503.206,216.591,52.77,0.9937
21.000,217.583,35.09,1.2000
23.000,217.816,61.78,1.2000
26.000,217.620,3.26,0.2500
256.453,217.664,254.78,0.5429
395.731,217.281,35.67,1.2000
459.200,217.552,18.83,0.8044
469.500,218.401,24.23,0.5806
492.000,218.000,5.04,0.2500
498.256,217.510,82.38,1.2000
106.631,219.000,10.47,0.2500
300.123,218.996,3.64,0.2500
498.089,218.220,53.03,0.8046
509.450,218.994,6.20,0.2500
5.586,219.536,44.91,0.9472
5.605,219.537,45.81,0.9642
16.086,221.000,29.93,0.9905
28.000,220.318,6.72,0.2500
30.980,219.980,0.44,0.2500
38.306,219.947,39.76,1.1252
44.610,221.000,51.92,1.2000
100.844,219.953,26.24,0.4565
176.271,219.578,7.59,0.2613
260.850,220.027,44.52,0.6273
303.372,219.626,9.67,0.3724
310.647,220.150,13.23,0.2500
482.608,220.000,6.28,0.2500
15.881,221.393,36.67,1.1655
495.816,221.417,1.18,0.2500
24.825,221.750,1.44,0.2500
28.000,221.634,5.29,0.2500
44.909,221.567,56.77,1.2000
310.000,222.355,18.88,0.2500
29.917,223.230,11.67,0.2794
39.000,223.588,26.07,0.9641
261.983,222.910,66.74,1.1243
372.043,223.420,27.56,0.5242
498.000,223.000,4.38,0.2500
39.637,223.725,25.54,0.8915
166.408,224.044,24.25,0.3637
169.483,224.159,40.38,1.0214
396.000,224.000,9.68,0.2500
482.008,224.008,6.43,0.2500
508.524,223.644,137.84,0.8061
174.125,225.000,15.15,0.2500
305.499,225.000,9.00,0.2500
310.306,225.394,80.18,0.7146
2.000,226.000,140.22,0.5172
69.992,225.992,4.38,0.2500
315.065,225.628,62.48,1.1680
474.312,225.667,50.83,0.8895
172.608,227.000,0.63,0.2500
487.000,226.711,5.24,0.2500
16.144,228.459,26.52,0.4327
17.000,228.281,40.26,1.0374
35.000,228.116,35.45,0.9805
36.901,228.293,60.90,1.0780
37.776,228.269,78.01,1.2000
40.004,228.210,103.26,1.2000
40.297,228.204,100.05,1.2000
201.912,227.963,134.30,1.2000
299.000,228.000,10.21,0.2500
342.642,228.000,6.79,0.2500
464.500,228.000,10.47,0.2500
464.500,228.000,10.47,0.2500
474.494,227.000,44.65,1.2000
484.000,227.622,6.81,0.2500
102.162,229.623,44.74,0.8528
199.686,228.058,123.84,1.1215
205.151,228.738,90.73,1.2000
340.500,229.000,8.28,0.2500
340.500,229.000,10.47,0.2500
457.993,228.586,3.81,0.2500
461.000,229.000,4.02,0.2500
6.000,229.998,3.42,0.2500
11.000,230.912,71.94,1.1521
28.000,230.000,3.58,0.2500
31.000,230.465,9.33,0.2500
126.348,229.973,99.62,0.3450
297.000,230.000,3.95,0.2500
299.000,230.335,4.71,0.2500
337.065,231.000,17.60,0.8002
342.501,230.000,10.51,0.2500
347.022,230.001,5.57,0.2500
426.702,230.303,12.67,0.8631
468.000,230.391,9.07,0.2500
470.000,230.376,14.30,0.2500
473.000,229.601,4.89,0.2500
479.849,229.849,5.21,0.2500
482.000,229.832,3.88,0.2500
4.000,231.460,15.24,0.2500
102.149,230.000,47.07,0.9164
217.057,231.058,116.39,0.7710
222.758,230.660,24.39,0.6888
309.628,230.810,12.53,0.2500
314.455,230.929,18.90,0.3414
337.128,231.508,12.04,0.4902
394.139,231.384,17.46,0.3010
458.435,231.263,35.29,0.7657
463.000,231.349,10.62,0.2500
465.793,230.923,5.96,0.2500
486.998,230.815,8.86,0.2500
10.904,231.086,65.86,1.0704
32.725,231.723,17.02,0.2500
45.032,231.544,20.17,0.2500
48.249,231.671,23.29,0.3558
304.521,231.997,13.55,0.2500
337.129,231.508,9.59,0.4889
369.933,232.138,26.89,0.2500
415.940,232.396,22.54,0.4930
472.000,232.000,5.36,0.2500
496.000,232.499,12.52,0.2500
27.888,232.720,10.93,0.2500
171.000,233.000,5.48,0.2500
293.689,233.104,67.34,0.9687
293.675,233.101,69.49,0.9459
451.391,233.459,16.92,0.3426
454.022,232.978,4.47,0.2500
503.815,233.040,7.55,0.2500
33.000,234.000,0.24,0.2500
40.500,234.000,0.84,0.2500
40.500,234.000,8.37,0.2500
303.986,233.995,5.41,0.4365
342.455,234.000,7.33,0.2500
393.651,234.059,78.30,0.6798
415.998,233.000,36.48,0.9282
418.047,234.275,11.31,0.2500
421.320,233.755,25.84,0.2674
423.967,233.539,38.73,0.5816
448.874,233.944,29.71,0.2500
486.904,234.423,10.81,0.3750
506.000,234.000,4.03,0.2500
28.598,235.000,6.76,0.2500
124.496,234.961,67.71,1.2000
220.000,236.000,69.60,1.2000
370.000,235.000,4.16,0.2500
475.000,235.000,6.57,0.2500
502.099,234.521,10.15,0.2500
484.000,236.234,4.55,0.2500
500.000,236.000,2.99,0.2500
504.610,236.049,5.85,0.2500
124.011,236.000,58.00,1.2000
453.311,238.000,77.52,1.2000
486.109,237.000,5.85,0.2500
123.440,237.823,47.89,1.2000
221.461,237.521,128.77,1.0881
295.862,237.550,7.64,0.2500
477.513,238.208,20.35,0.3401
45.499,238.954,31.15,0.3009
45.499,238.954,31.15,0.3009
48.824,238.573,140.15,0.5390
310.922,239.714,37.28,0.7546
453.022,239.025,82.88,1.0865
457.000,238.703,5.75,0.3556
468.003,239.003,8.67,0.2500
469.992,239.009,1.00,0.2500
494.125,239.244,24.29,0.3214
5.469,239.873,24.16,0.4923
10.949,239.686,94.55,1.1306
16.210,239.875,7.78,0.4769
42.424,240.000,21.98,0.2500
168.951,240.166,31.28,0.5638
390.741,239.739,12.48,0.4322
477.724,239.000,38.01,1.0602
484.111,241.000,36.45,1.2000
488.610,240.000,5.25,0.2500
503.937,240.469,17.93,0.2500
506.933,240.317,22.77,0.5074
448.560,240.988,27.12,0.4345
475.000,240.584,9.94,0.2500
482.000,241.400,23.13,0.9751
147.002,241.928,43.38,0.9135
450.640,241.000,54.80,1.2000
469.059,241.857,33.89,0.3426
471.482,242.000,18.32,0.2500
35.005,243.005,3.68,0.2500
42.017,243.000,4.28,0.4453
461.000,243.934,25.74,1.0486
461.415,243.948,25.25,0.9794
483.796,242.000,40.73,1.2000
494.742,243.000,6.29,0.2500
36.754,244.000,6.66,0.2500
120.227,244.491,21.95,0.2500
293.000,244.000,12.04,0.2500
312.235,244.605,32.96,0.9323
452.196,243.000,34.69,1.2000
461.455,244.346,31.83,1.1562
461.440,244.308,33.25,1.2000
503.000,244.000,3.29,0.2500
5.853,244.994,9.62,0.3694
46.400,244.627,17.22,0.2500
290.861,245.217,17.48,0.2500
392.062,244.533,49.59,0.2500
461.477,244.667,34.42,1.2000
461.451,244.585,34.61,1.2000
468.000,245.342,15.88,0.2500
478.998,245.002,3.52,0.2500
2.050,246.010,15.28,0.2500
312.227,245.028,36.84,1.0495
461.501,245.477,27.07,1.0108
461.494,245.481,26.84,1.0032
465.269,246.442,10.40,0.2500
508.026,246.025,1.33,0.2500
40.489,247.148,27.38,0.2500
44.426,247.000,7.46,0.2500
49.576,248.000,135.31,1.0231
170.422,247.507,19.12,0.4721
312.083,246.000,24.59,0.8093
461.499,246.000,21.06,0.8316
461.499,246.000,21.01,0.8298
502.000,247.000,7.74,0.2500
4.315,248.117,15.45,0.4328
366.961,248.037,3.39,0.2500
456.245,248.000,4.28,0.2500
16.941,249.000,13.28,0.2500
49.902,248.776,61.78,0.2980
361.335,248.827,79.70,0.3489
362.000,248.808,124.84,0.8258
449.992,248.992,4.38,0.2500
464.000,249.000,3.86,0.2500
466.926,249.000,7.51,0.2500
487.392,249.323,44.14,0.2500
492.033,249.868,80.92,1.2000
19.000,250.000,5.64,0.2500
34.471,250.081,28.22,0.2500
174.133,250.474,111.09,0.9301
191.909,250.324,395.70,0.8420
293.092,249.502,8.02,0.2500
440.602,250.291,88.44,0.4840
440.602,250.291,81.94,0.4840
38.000,251.000,1.11,0.2500
290.000,251.496,6.35,0.2500
302.700,250.700,46.33,0.4592
310.965,250.500,12.56,0.2500
359.089,250.858,3.50,0.3762
450.000,251.000,3.84,0.2500
466.909,251.008,1.56,0.2500
478.000,252.000,42.03,1.1391
482.000,251.372,5.30,0.2500
489.100,250.971,25.61,0.5264
491.986,250.315,82.76,1.2000
8.425,252.425,12.99,0.2500
21.628,252.000,10.86,0.2500
82.851,252.468,9.97,0.2621
173.000,251.000,105.84,1.1240
267.533,253.000,37.03,1.2000
293.545,252.000,7.32,0.2500
436.890,251.702,5.40,0.2500
26.071,253.272,183.07,1.2000
40.090,253.000,3.62,0.2500
43.000,253.000,4.99,0.2500
198.284,253.354,54.78,0.4260
307.000,253.000,6.44,0.2500
476.502,252.660,37.25,0.3846
491.503,252.000,72.35,1.2000
494.618,254.000,45.70,1.2000
15.095,254.178,4.55,0.2500
17.357,254.192,7.32,0.3393
25.405,253.558,165.94,1.1193
82.817,253.287,22.23,0.9242
114.723,254.000,5.63,0.2500
413.751,254.015,255.84,0.8726
422.082,254.107,69.12,0.8289
424.000,254.081,43.81,1.0313
41.027,255.458,8.80,0.2500
244.002,254.000,36.70,0.7663
266.000,254.918,60.91,1.2000
289.002,255.138,43.14,0.2500
456.000,255.000,8.08,0.2500
494.744,255.027,21.31,0.4275
499.000,255.465,9.42,0.2500
30.641,256.000,6.41,0.2500
33.000,256.000,5.84,0.2500
438.973,255.623,8.11,0.2500
442.000,256.000,6.08,0.2500
465.700,255.594,9.88,0.2500
1.632,256.375,180.64,0.7891
10.662,257.434,5.22,0.2500
19.052,257.336,35.73,0.5680
264.560,256.617,33.72,0.5990
435.183,256.536,39.47,0.3575
476.000,256.737,5.63,0.2500
494.948,256.000,30.18,1.0428
252.409,258.263,28.35,0.9620
259.000,258.125,23.86,0.9978
259.539,258.135,23.69,0.9263
309.890,257.846,50.24,0.6516
336.289,258.000,2.07,0.2500
418.250,257.544,36.77,0.3350
427.830,258.115,22.93,0.5464
432.389,258.000,2.10,0.2500
474.000,258.457,6.71,0.2500
486.000,258.000,4.78,0.2500
8.000,259.000,5.48,0.2500
14.606,259.279,187.35,1.0470
33.449,258.589,24.17,0.5349
41.462,259.734,31.16,0.8214
43.000,259.556,33.13,1.2000
50.133,259.322,17.34,0.7306
467.457,258.878,7.52,0.2500
490.648,258.669,18.25,0.5077
498.583,258.417,11.66,0.3552
504.362,258.602,6.72,0.2500
1.636,260.364,13.52,0.2500
13.345,259.937,213.62,1.2000
41.000,259.844,30.18,0.8231
253.565,260.056,35.69,1.2000
253.510,260.005,35.71,1.2000
332.000,260.000,5.48,0.2500
410.487,260.134,86.45,1.1159
490.000,259.016,32.65,1.1078
11.714,260.654,159.91,0.9534
20.000,261.385,3.49,0.2500
47.268,260.984,6.96,0.3868
253.886,260.816,34.69,1.2000
365.560,260.502,81.67,1.1626
365.531,260.509,78.98,1.1310
419.044,261.168,29.83,0.3539
445.499,261.178,9.12,0.2702
456.194,260.961,17.03,0.5076
7.967,261.893,174.09,0.8809
50.015,262.015,7.34,0.2500
254.016,261.143,31.50,1.1479
254.000,261.154,33.47,1.1950
332.000,262.000,3.43,0.2500
365.617,261.000,62.42,0.9590
417.000,261.603,9.23,0.2500
448.953,262.068,30.79,0.6984
449.488,262.098,39.74,0.8868
449.585,262.107,41.56,0.9283
505.205,261.771,6.94,0.2500
4.585,263.288,213.17,1.1859
48.000,262.689,4.45,0.2500
51.775,263.131,21.58,0.5763
84.777,262.413,88.61,0.7499
388.128,262.935,67.51,0.7786
477.397,262.622,43.06,0.6579
79.371,263.909,10.67,0.2500
134.000,264.000,6.57,0.2500
244.358,264.000,7.33,0.2500
288.095,263.607,25.53,0.3191
418.998,263.804,9.47,0.2500
440.346,264.099,14.63,0.2991
481.794,264.006,20.40,0.3905
509.367,264.283,54.73,0.3113
77.000,265.000,28.16,0.2500
141.000,265.367,8.55,0.2500
146.500,265.500,32.33,0.3930
150.598,265.500,46.01,0.2500
219.638,265.516,112.03,1.2000
265.000,265.809,29.52,0.7773
309.000,265.000,9.86,0.2500
416.511,264.913,49.99,0.3627
10.743,266.000,12.84,0.5193
27.000,266.000,4.16,0.2500
146.500,265.500,32.71,0.3931
150.598,265.500,45.27,0.2500
218.451,265.469,111.05,1.2000
219.636,265.478,110.08,1.1840
264.445,265.919,1.80,0.2500
288.000,266.000,5.48,0.2500
411.435,265.970,13.53,0.3025
452.954,265.649,60.69,0.5048
494.622,266.044,18.68,0.3627
505.986,266.133,8.17,0.2500
2.752,266.297,99.23,1.2000
241.000,267.000,3.29,0.2500
415.334,267.000,5.29,0.2500
449.555,267.332,11.27,0.3165
449.555,267.332,11.27,0.3166
490.767,266.999,5.86,0.2500
36.812,268.182,7.15,0.2500
331.922,268.887,71.61,1.2000
338.912,268.427,14.30,0.2500
412.440,267.813,1.62,0.2500
441.331,268.153,25.97,0.9896
468.000,268.000,4.37,0.2500
471.000,268.000,4.43,0.2500
52.580,269.000,8.37,0.2500
428.163,268.915,20.92,0.3261
23.795,269.623,28.58,1.0750
174.812,269.777,78.65,0.5675
265.468,269.698,62.08,0.3874
331.907,269.469,72.25,1.2000
341.000,270.000,4.76,0.2500
344.415,269.966,29.26,0.2500
413.000,270.872,59.50,0.9172
501.000,270.355,7.28,0.2500
6.000,271.000,5.64,0.2500
23.768,270.000,23.33,0.9179
61.475,271.075,28.87,0.5348
61.475,271.075,28.86,0.5346
117.498,270.874,15.11,0.2500
117.498,270.874,15.11,0.2500
142.271,270.997,6.00,0.2500
209.283,271.143,299.70,0.8188
229.000,271.935,134.19,1.0787
232.339,271.256,481.12,0.7091
235.298,270.353,271.31,1.1402
272.457,270.829,47.45,0.2867
356.000,271.392,31.21,0.8940
370.873,271.257,82.34,0.6481
412.314,270.919,33.39,0.3018
454.647,270.896,7.73,0.3099
498.641,271.141,7.05,0.2500
40.033,272.386,6.48,0.2500
41.955,272.000,4.41,0.2500
56.729,272.632,58.15,0.9308
78.646,272.253,13.12,0.3566
164.005,272.226,23.63,0.5602
231.000,271.292,445.96,1.2000
316.263,271.935,12.20,0.4909
328.268,272.251,10.77,0.2500
358.435,272.499,69.93,1.2000
360.000,272.664,50.80,1.2000
394.694,272.472,14.27,0.5120
448.768,271.925,10.01,0.2500
453.125,271.960,6.78,0.2500
487.003,271.997,5.64,0.2500
505.603,271.653,10.84,0.5467
77.463,272.783,13.52,0.2500
104.456,273.000,5.46,0.2500
106.504,272.902,8.23,0.4255
205.701,273.500,28.57,0.4880
255.956,273.496,35.18,1.2000
256.816,273.469,34.85,1.2000
257.455,273.474,28.71,1.0535
258.000,273.493,21.61,0.8428
309.000,273.500,6.52,0.2500
410.130,272.554,23.94,0.3414
494.000,274.000,56.94,1.2000
22.177,274.315,13.03,0.4767
173.495,273.742,45.19,0.6076
179.000,275.000,32.97,1.2000
188.500,273.887,28.64,0.2500
255.902,273.481,34.82,1.2000
256.797,273.472,34.34,1.2000
257.481,273.493,27.23,1.0057
258.000,273.499,21.29,0.8311
332.183,273.000,26.59,1.1672
352.204,274.606,28.66,1.0648
359.000,273.000,63.55,1.2000
388.553,273.618,35.95,0.6091
16.896,274.781,24.80,0.8456
17.548,274.779,34.55,1.1073
18.139,274.825,39.51,1.2000
18.725,274.909,36.13,1.1353
36.750,275.000,3.90,0.2500
78.042,274.205,37.49,1.2000
138.087,275.314,93.17,0.9577
348.417,274.568,19.41,0.4926
353.000,274.564,20.49,0.8613
393.000,275.000,9.70,0.2500
21.210,275.161,35.45,1.2000
22.013,275.291,35.29,1.2000
53.551,276.514,79.07,1.2000
59.000,277.000,46.36,1.2000
173.000,275.000,51.61,1.1655
178.611,275.732,12.40,0.2500
199.839,276.000,8.49,0.2500
209.410,276.000,7.14,0.2500
297.566,276.373,25.71,0.4864
329.500,276.311,17.78,0.2500
339.721,276.064,12.13,0.2638
384.595,275.649,10.27,0.2500
409.267,275.683,14.09,0.2500
428.000,276.000,2.00,0.2500
455.108,276.506,20.76,0.3148
492.525,275.519,133.75,1.2000
497.234,276.080,90.06,1.1368
24.169,276.627,24.07,0.9015
25.000,276.739,24.04,0.9741
29.000,277.000,5.09,0.2500
50.000,277.448,33.84,0.8559
123.528,277.000,18.66,0.2500
168.669,276.854,9.09,0.2768
181.493,277.000,15.29,0.2500
202.000,277.000,7.43,0.2500
211.287,277.373,8.82,0.2500
235.579,277.000,11.05,0.2500
239.000,277.000,6.12,0.2500
300.828,277.026,3.65,0.2500
342.783,277.298,14.20,0.5479
394.590,277.000,10.40,0.2500
420.667,277.197,74.43,0.4076
455.138,277.090,34.60,0.7018
494.903,276.737,122.22,1.2000
58.479,278.000,26.92,0.4316
75.998,277.998,3.50,0.2500
78.995,278.000,3.36,0.2500
84.390,278.000,9.57,0.2500
120.872,277.770,23.51,0.2500
184.584,278.060,25.88,0.2500
218.851,278.184,21.30,0.2500
296.000,278.000,6.57,0.2500
321.500,278.000,13.63,0.2500
349.000,278.000,6.07,0.2500
351.000,278.000,8.35,0.2500
392.007,278.007,4.38,0.2500
410.508,278.000,10.04,0.2500
423.683,278.000,14.32,0.2500
426.391,278.000,0.93,0.2500
430.000,277.805,9.43,0.2500
7.098,279.374,6.93,0.3138
15.406,279.058,7.11,0.2500
45.000,279.000,0.35,0.2500
63.039,279.425,82.97,0.9276
70.000,278.860,14.57,0.7215
126.096,279.000,7.60,0.2500
158.458,278.845,22.22,0.6302
236.603,279.000,5.59,0.2500
250.647,279.097,6.81,0.2500
282.700,278.774,10.54,0.2500
314.580,279.000,8.37,0.2500
405.000,279.000,3.20,0.2500
414.000,278.812,7.00,0.2500
464.091,279.172,22.41,0.2500
492.413,279.000,5.53,0.2500
23.752,280.207,12.37,0.3376
138.977,279.892,5.36,0.2500
165.693,279.275,92.68,1.1256
206.000,280.248,5.76,0.2500
389.493,280.002,10.51,0.6333
389.500,280.002,10.21,0.6110
390.500,280.005,6.31,0.2500
498.583,280.459,12.90,0.2500
66.604,281.060,42.09,1.2000
143.889,281.345,45.13,0.9564
236.347,281.183,8.39,0.2500
364.368,281.358,35.77,0.3281
368.579,280.844,10.80,0.4053
386.666,280.999,6.29,0.2500
464.044,280.000,35.86,0.9660
486.495,281.120,14.42,0.2519
47.104,281.513,7.48,0.2500
60.026,281.974,4.04,0.2500
147.000,282.250,11.00,0.2500
152.889,283.000,100.23,1.2000
181.669,281.927,29.66,0.4830
185.322,281.669,11.20,0.2500
331.000,281.629,7.98,0.2500
459.000,282.415,11.38,0.2500
20.226,282.951,23.92,0.5630
22.000,282.621,25.30,1.0999
41.903,283.287,9.76,0.2500
62.000,283.000,3.61,0.2500
66.758,282.437,40.14,1.2000
97.000,283.765,41.60,1.2000
97.975,283.623,48.17,1.2000
98.261,283.544,43.52,1.1339
160.399,283.575,32.28,0.6660
203.175,282.990,5.04,0.2500
206.212,283.343,6.73,0.2690
273.000,282.913,16.10,0.2500
366.000,283.000,8.84,0.2500
370.624,283.000,6.02,0.2500
385.806,283.082,6.60,0.2761
495.004,283.004,1.20,0.2500
56.074,284.310,16.98,0.3961
68.531,283.622,33.54,1.0079
71.000,284.000,6.77,0.2500
74.865,284.911,23.67,0.8774
97.990,283.547,47.95,1.2000
98.270,283.494,43.32,1.1295
116.008,284.249,13.88,0.2500
118.977,284.023,4.52,0.2500
152.082,284.318,133.51,1.2000
153.147,284.010,136.32,1.2000
153.744,283.885,134.31,1.2000
160.399,283.574,21.80,0.6659
184.512,284.026,10.44,0.2500
328.985,284.015,5.34,0.2500
405.000,284.000,12.29,0.7278
405.578,284.058,14.29,0.8157
405.575,284.058,14.26,0.8144
406.000,284.089,11.63,0.6726
481.801,284.217,30.34,0.8856
482.000,284.173,27.85,0.8246
486.959,284.328,15.58,0.6168
490.746,283.992,16.41,0.2500
498.002,284.468,10.65,0.2500
20.029,284.000,42.60,1.1949
26.955,285.729,36.44,1.2000
27.000,285.719,36.24,1.2000
31.000,285.000,4.20,0.2500
47.000,285.476,11.78,0.2500
52.024,284.990,3.69,0.2500
149.900,285.337,128.41,1.2000
168.281,285.425,12.27,0.2500
240.000,285.000,4.36,0.2500
242.506,285.212,10.70,0.2500
245.336,285.512,8.85,0.5208
337.000,285.413,10.86,0.2500
374.114,284.549,10.49,0.3139
384.736,284.577,8.34,0.2791
478.687,285.089,15.23,0.5435
147.971,286.390,140.60,1.2000
250.000,286.000,5.22,0.2500
339.000,286.000,7.89,0.2500
23.054,287.144,3.48,0.2500
26.949,286.000,31.56,1.1005
33.479,287.760,37.65,1.0221
43.926,287.074,4.77,0.2500
51.864,287.035,6.64,0.2500
56.440,287.346,17.51,0.4471
66.564,287.567,29.79,0.8122
126.000,287.000,4.36,0.2500
166.000,286.604,7.49,0.2500
185.585,287.000,11.31,0.2500
187.004,288.000,72.72,1.2000
268.388,287.269,18.52,0.3770
270.739,287.323,16.32,0.3149
298.673,286.669,6.96,0.2504
307.735,287.227,55.93,0.4827
310.543,286.848,16.76,0.2500
324.871,287.142,17.06,0.3115
398.000,287.212,8.39,0.2500
453.393,287.000,6.30,0.2500
487.528,286.861,17.14,0.5368
500.010,286.579,8.45,0.2500
10.864,288.484,13.05,0.5569
31.335,288.200,4.98,0.2500
41.000,287.941,18.53,0.8604
41.773,287.969,22.21,0.9613
59.002,287.931,0.17,0.2500
111.022,287.975,4.13,0.2500
117.256,287.999,4.55,0.2500
128.198,287.991,10.97,0.2500
146.000,287.272,86.43,1.0927
154.000,288.000,8.34,0.2500
200.076,288.394,9.54,0.2500
214.140,288.000,5.88,0.2500
243.000,288.000,6.49,0.2500
265.814,287.593,20.85,0.2500
304.425,287.991,54.06,0.2500
416.000,288.296,4.58,0.2500
425.301,288.000,5.17,0.2500
428.382,288.000,8.78,0.2500
464.356,288.157,8.90,0.3197
477.000,288.000,1.99,0.2500
497.651,287.373,24.23,0.8945
508.000,288.392,6.28,0.2500
5.000,289.501,21.02,0.8296
5.515,289.505,26.81,1.0023
5.477,289.505,26.82,1.0025
17.517,289.540,32.58,0.9476
17.511,289.540,32.55,0.9469
95.000,289.482,10.75,0.2500
187.158,288.994,38.96,0.3685
211.594,289.000,6.38,0.2500
258.991,289.009,13.69,0.2500
265.000,288.000,51.28,1.2000
270.334,288.000,49.44,1.2000
340.426,288.900,38.95,0.6070
347.998,289.002,4.91,0.2500
396.000,288.979,4.71,0.2500
422.389,289.234,15.10,0.5986
431.962,289.263,4.08,0.2500
467.000,290.000,36.01,1.2000
5.000,289.514,21.66,0.8540
5.469,289.518,28.40,1.0582
5.434,289.513,28.03,1.0440
17.517,289.521,32.53,0.9463
17.511,289.523,32.60,0.9484
28.320,290.000,4.19,0.2500
183.000,290.000,3.38,0.2500
205.501,289.887,14.77,0.2500
215.185,290.000,10.48,0.2500
299.861,290.145,190.71,1.0970
316.000,290.025,5.58,0.2500
343.398,289.840,11.01,0.2521
344.651,290.083,12.19,0.2500
357.770,290.000,5.40,0.2500
363.000,290.057,0.57,0.2500
467.384,290.878,66.90,1.2000
492.402,290.328,15.20,0.3007
495.162,290.444,18.63,0.4644
17.524,290.000,26.73,0.8168
64.151,290.978,6.27,0.2500
128.276,290.876,8.76,0.2500
133.048,291.504,27.79,0.7535
217.621,290.632,8.29,0.4097
270.951,290.786,6.16,0.2891
283.998,290.998,3.64,0.2500
306.071,290.926,10.36,0.3384
466.492,291.175,66.28,1.2000
476.855,291.269,69.39,0.6540
501.934,291.071,5.41,0.2500
3.367,292.967,25.93,0.8649
39.663,292.000,7.00,0.2500
56.636,291.555,27.70,0.4669
60.684,292.000,5.54,0.2500
77.499,293.000,45.68,0.9657
118.979,292.022,2.77,0.2500
209.694,291.599,29.19,0.9158
209.752,291.558,31.18,0.9747
214.711,292.000,5.24,0.2500
224.308,292.000,5.09,0.2500
225.708,292.000,5.58,0.2500
232.000,292.000,3.61,0.2500
308.993,291.993,3.32,0.2500
351.000,293.000,47.67,1.2000
351.751,293.000,49.48,1.2000
375.000,292.000,4.94,0.2500
425.927,291.934,22.58,0.5641
452.074,293.000,89.70,1.2000
475.000,291.854,55.66,1.2000
489.023,292.274,25.46,0.8066
3.365,292.964,25.40,0.8481
84.000,292.794,0.63,0.2500
89.158,293.000,4.05,0.2500
114.279,293.000,5.20,0.2500
124.339,293.181,48.86,1.0950
128.305,294.000,73.06,1.2000
142.000,293.844,38.55,1.1487
145.869,293.000,5.34,0.2500
256.644,293.000,12.29,0.2500
353.769,293.071,9.64,0.3153
356.998,292.862,8.75,0.2500
387.990,294.000,48.03,1.2000
447.643,292.678,91.68,1.2000
448.312,292.666,97.74,1.2000
449.025,292.695,100.12,1.2000
457.000,293.000,0.30,0.2500
461.406,293.027,3.94,0.2500
494.118,292.982,11.25,0.5511
63.475,295.000,46.66,0.9998
77.514,293.707,50.54,0.9975
121.500,294.000,14.94,0.2500
121.500,294.000,17.57,0.2500
141.252,294.051,42.58,1.1535
142.000,293.856,39.87,1.1813
148.000,294.000,5.25,0.2500
189.456,294.000,6.67,0.2500
192.244,293.599,14.82,0.2500
200.610,294.167,11.96,0.3307
254.653,295.000,38.60,1.1800
259.000,294.000,12.48,0.2500
303.390,293.919,0.85,0.2500
340.287,294.000,4.08,0.2500
351.872,293.437,53.77,1.2000
359.000,293.776,8.80,0.2500
443.716,293.790,48.87,1.0205
451.785,293.603,101.45,1.2000
459.312,294.000,6.34,0.2500
138.281,295.000,4.20,0.2500
209.310,294.883,7.81,0.3746
225.000,295.598,24.77,0.9739
233.000,294.585,6.77,0.2500
308.208,295.000,4.24,0.2500
355.586,294.651,8.99,0.2734
375.000,295.000,7.78,0.2500
388.228,294.379,50.79,1.2000
436.163,295.055,24.94,1.0993
438.489,294.845,11.07,0.4235
438.489,294.845,11.07,0.4233
457.173,295.175,12.32,0.2755
5.027,296.045,3.71,0.2500
63.525,295.823,65.95,1.1414
68.002,296.237,9.05,0.2500
101.000,296.569,100.05,1.1691
140.788,295.000,38.30,1.2000
197.184,296.000,2.78,0.2500
204.955,295.328,37.20,0.8045
224.448,295.901,17.92,0.6522
254.826,295.511,41.44,1.2000
281.359,295.634,6.98,0.5080
314.370,296.000,5.27,0.2500
328.000,296.177,16.66,0.2500
330.590,296.184,19.21,0.2903
450.692,296.011,14.54,0.2500
454.553,296.139,29.71,0.3069
493.000,296.133,16.37,0.7550
493.192,296.150,16.46,0.7522
13.959,297.567,29.56,0.9160
14.198,297.540,25.15,0.7827
36.968,297.032,9.39,0.2500
73.000,297.000,5.20,0.2500
79.993,297.287,12.34,0.2500
83.000,297.000,8.14,0.2500
101.868,296.976,117.48,1.2000
109.000,297.000,3.75,0.2500
125.688,296.710,113.50,1.2000
126.130,296.640,118.05,1.2000
127.000,296.450,98.40,1.1623
174.417,296.876,14.49,0.2500
231.129,297.409,8.14,0.2730
338.222,297.000,7.22,0.2500
412.845,296.675,27.71,0.7666
431.000,296.590,4.98,0.2500
443.336,297.000,8.29,0.2500
450.000,296.587,56.66,1.1713
453.723,296.378,66.23,1.2000
3.002,297.998,0.43,0.2500
13.000,297.642,26.73,0.9478
13.948,297.558,30.85,0.9527
13.963,297.562,29.45,0.9125
14.198,297.539,25.14,0.7824
150.008,297.996,3.20,0.2500
158.420,298.000,15.81,0.2500
222.480,298.181,8.73,0.3511
236.622,298.698,97.92,1.2000
314.351,298.000,9.13,0.2500
446.743,298.203,5.80,0.2500
16.700,299.000,4.95,0.2500
36.258,298.414,40.97,1.2000
56.392,299.000,6.20,0.2500
58.996,299.077,6.95,0.2500
73.000,299.000,6.10,0.2500
75.000,299.000,6.87,0.2500
114.003,300.000,37.81,1.2000
119.237,299.280,30.25,1.1152
143.000,299.000,7.92,0.2500
156.009,299.115,2.93,0.2500
174.291,299.000,7.02,0.2500
197.219,299.040,9.20,0.2500
283.501,299.000,13.99,0.2500
330.698,298.701,11.27,0.3129
384.000,299.000,3.56,0.2500
32.899,299.600,65.80,1.1322
95.856,299.680,2.70,0.2500
121.500,300.000,9.32,0.2500
121.500,300.000,11.29,0.2500
140.003,299.800,10.90,0.2500
157.886,300.410,11.89,0.2963
162.159,299.448,31.68,0.8583
169.747,300.392,35.28,0.9561
200.000,300.413,10.22,0.2500
212.000,300.361,7.23,0.2500
243.000,300.500,8.37,0.2500
276.064,299.472,147.16,1.0393
427.580,299.799,6.15,0.2500
438.000,300.000,12.76,0.2500
447.998,299.998,6.84,0.2500
14.257,301.000,6.28,0.2500
45.414,301.000,4.99,0.2500
98.383,300.556,12.15,0.2522
101.000,300.814,4.16,0.2500
132.468,300.875,34.65,0.6830
143.000,301.000,3.46,0.2500
226.338,302.000,65.14,1.2000
239.995,301.026,6.92,0.2500
243.000,300.500,8.37,0.2500
330.298,300.984,9.98,0.2500
333.471,301.201,69.91,0.7359
396.215,300.852,16.30,0.7985
417.500,300.632,21.91,0.4883
417.500,300.632,21.12,0.4883
439.983,301.017,5.42,0.2500
96.000,302.425,13.10,0.2500
112.948,302.036,57.06,0.7799
130.000,301.500,10.47,0.2500
196.000,301.555,5.49,0.2500
225.000,303.000,75.48,1.2000
267.709,302.102,64.22,0.6847
279.049,302.400,12.05,0.2500
387.999,302.000,4.38,0.2500
438.524,303.000,55.05,1.2000
488.000,302.000,9.06,0.2500
491.384,302.000,8.58,0.2500
26.974,303.021,5.59,0.2500
55.583,303.560,13.79,0.7968
64.000,302.634,23.49,0.2500
67.443,303.131,48.64,0.2846
70.084,303.248,23.03,0.2500
74.493,302.786,12.58,0.2500
78.515,303.415,32.08,0.5432
81.402,303.000,14.24,0.2500
88.374,303.142,7.66,0.2738
107.766,302.632,28.15,0.7159
225.523,303.286,85.29,1.2000
228.494,303.186,24.16,0.5295
280.997,302.998,3.97,0.2500
306.491,303.347,7.15,0.2500
410.125,304.000,27.73,1.0046
436.430,303.000,3.64,0.2500
439.000,303.725,63.61,1.2000
22.618,304.155,9.13,0.3359
102.443,303.819,14.97,0.3322
135.282,305.000,66.15,1.1538
136.000,305.000,61.51,1.2000
152.500,304.000,18.84,0.2500
153.500,304.000,29.96,0.5987
153.500,304.000,29.96,0.5987
154.500,304.000,18.84,0.2500
168.768,304.000,7.33,0.2500
214.993,304.000,3.74,0.2500
225.000,303.445,81.48,1.2000
255.473,304.221,17.60,0.2500
264.349,303.858,12.35,0.2500
364.000,304.000,5.09,0.2500
409.000,305.000,50.11,1.2000
410.000,304.306,34.95,1.2000
433.578,304.000,10.46,0.2500
438.854,305.000,86.61,1.2000
36.599,304.642,19.83,0.2716
116.341,305.431,23.29,0.5196
130.400,305.456,12.31,0.2509
172.158,304.626,10.27,0.2500
219.791,305.436,27.42,1.2000
252.000,305.000,3.71,0.2500
278.586,305.442,78.41,0.7959
302.000,305.203,7.60,0.2500
309.000,305.000,6.39,0.2500
387.999,304.999,3.29,0.2500
414.410,306.000,22.11,0.8280
431.682,304.817,10.41,0.3512
16.000,305.500,6.38,0.2500
219.654,305.738,22.11,0.9679
259.508,306.000,0.87,0.2500
263.012,306.095,6.07,0.2500
276.541,305.772,102.94,1.2000
289.850,306.360,55.81,0.7607
386.000,306.001,3.29,0.2500
414.400,306.330,28.34,1.0530
414.370,306.339,28.50,1.0564
438.857,305.432,82.44,1.2000
465.500,306.000,8.37,0.2500
490.703,305.657,35.84,1.0830
28.257,306.104,136.60,1.2000
54.357,306.934,27.34,1.0097
74.353,307.440,31.42,0.2500
97.000,308.000,49.64,1.2000
105.789,306.736,31.70,0.6471
128.000,307.000,6.49,0.2500
135.386,306.000,62.11,1.0946
139.959,307.204,11.94,0.3938
175.000,306.523,6.83,0.2500
214.540,306.928,9.51,0.2500
222.378,307.104,37.34,0.6194
245.090,306.581,8.94,0.3948
255.563,307.585,23.31,1.2000
269.769,307.268,16.22,0.7314
274.702,306.664,86.05,1.2000
291.000,306.542,69.66,1.2000
307.000,306.544,7.58,0.2500
318.645,306.673,38.41,0.5366
340.300,307.105,18.36,0.2500
399.000,307.000,6.96,0.2500
408.116,306.377,57.21,0.7803
414.000,306.395,20.93,0.7873
414.384,306.303,27.72,1.0273
421.000,307.484,6.27,0.8780
429.000,306.508,73.29,1.2000
430.415,306.572,89.01,1.2000
490.721,306.051,29.56,0.9400
9.000,308.000,3.84,0.2500
29.000,307.000,108.60,1.2000
54.000,307.128,32.71,1.1911
64.521,308.320,24.59,0.3333
82.736,307.566,6.71,0.2555
98.129,308.777,61.27,1.2000
251.438,309.000,60.18,1.1983
258.771,308.227,8.70,0.2500
293.000,307.183,39.19,1.2000
343.339,308.000,14.55,0.2500
347.135,308.000,8.61,0.2500
350.533,308.000,6.06,0.2500
369.101,307.571,20.40,0.3989
403.325,308.554,101.38,1.0446
416.000,307.788,8.39,0.2500
421.725,307.899,61.51,1.0453
478.000,309.000,31.39,1.2000
11.026,308.883,6.45,0.3940
78.557,308.960,23.85,0.2500
112.164,309.046,26.01,0.7533
178.738,309.803,13.62,0.7481
190.444,309.000,10.37,0.2500
219.000,308.895,5.52,0.4257
226.856,309.149,16.23,0.6582
269.945,308.000,22.33,1.1181
296.665,309.464,43.61,0.9132
296.937,309.454,47.95,0.9932
297.078,309.434,44.90,0.9451
324.377,308.500,73.66,1.0077
335.066,308.729,6.97,0.2500
354.637,308.593,21.04,0.3116
357.871,309.358,34.74,0.3825
454.014,308.986,3.39,0.2500
469.722,309.439,20.34,0.8483
469.961,309.462,18.86,1.0110
34.667,309.446,24.12,0.4320
38.005,309.995,7.28,0.2500
92.000,310.364,4.25,0.2500
221.403,310.000,5.50,0.2500
224.000,310.476,13.61,0.2500
250.125,310.458,86.59,1.2000
250.410,310.318,83.57,1.2000
257.138,310.155,19.23,0.4947
285.025,309.635,70.06,1.1326
287.006,310.006,11.95,0.2500
290.979,309.551,16.61,0.6473
296.666,309.460,43.65,0.9139
323.000,309.110,55.27,1.2000
363.798,309.571,16.69,0.3378
425.980,310.218,4.63,0.2500
440.000,310.000,4.36,0.2500
443.240,309.901,15.21,0.2500
469.960,309.453,24.98,1.0312
476.890,309.695,17.33,0.3583
507.013,309.805,4.43,0.2500
8.857,311.675,44.35,1.1677
58.000,311.000,6.59,0.2500
64.923,311.090,24.62,0.6060
106.542,310.732,11.24,0.5427
181.734,310.867,0.59,0.2500
191.824,310.216,43.04,1.2000
212.000,311.000,4.38,0.2500
214.000,311.000,8.64,0.2500
217.000,311.000,5.25,0.2500
229.027,311.352,29.48,0.5171
250.089,310.432,86.21,1.2000
266.912,310.586,9.81,0.4571
316.289,311.000,5.24,0.2500
346.560,310.849,54.92,0.3706
369.639,311.000,14.90,0.3693
394.545,311.076,42.58,0.8116
415.000,311.000,0.74,0.2500
453.000,312.000,58.79,1.2000
463.208,310.761,11.27,0.4632
488.373,311.000,6.95,0.2500
8.000,311.713,34.33,1.0070
12.286,311.866,41.28,0.9433
35.663,312.376,23.80,0.2500
41.387,312.071,1.00,0.2500
88.988,312.012,4.90,0.2500
117.500,312.000,7.91,0.2500
125.663,311.755,77.94,1.1321
231.595,313.000,40.47,1.2000
237.500,312.000,9.21,0.2500
239.000,313.000,60.29,1.2000
241.000,313.000,90.40,1.2000
244.426,312.000,15.54,0.2500
251.992,312.108,10.17,0.2500
275.067,313.000,23.74,1.2000
279.257,312.314,16.23,0.3878
305.180,312.300,8.82,0.2500
383.523,311.880,26.38,0.4048
420.795,311.997,7.31,0.2500
440.350,312.000,1.08,0.2500
442.903,312.000,8.70,0.2500
446.000,311.543,11.40,0.2500
43.689,313.000,4.51,0.2500
65.000,313.493,16.20,0.2500
120.430,313.016,20.74,0.2500
123.017,313.298,20.08,0.2500
144.000,313.464,0.57,0.2500
150.952,312.898,15.54,0.5790
163.000,313.000,3.38,0.2500
186.000,313.999,132.18,1.2000
277.000,313.000,2.07,0.2500
283.941,312.000,46.09,1.2000
349.356,312.939,16.30,0.3697
373.000,312.666,2.62,0.2500
418.451,313.000,6.14,0.2500
452.874,313.270,57.29,0.6994
2.716,315.000,46.28,1.2000
34.000,314.000,4.16,0.2500
46.420,314.000,15.02,0.2500
160.012,314.006,7.59,0.2500
184.864,314.153,115.31,0.6508
203.967,314.440,45.16,0.9995
239.950,314.202,120.60,1.1327
244.344,314.341,37.57,0.2500
275.196,314.422,12.47,0.2500
322.894,314.123,13.75,0.5185
330.050,314.020,4.41,0.2500
336.641,314.076,43.69,0.5967
339.920,314.497,45.63,1.1727
353.018,314.335,11.44,0.4767
416.335,314.000,1.10,0.2500
440.220,314.000,10.50,0.2500
37.715,315.258,20.76,0.4646
42.381,315.000,7.14,0.2500
50.000,315.685,80.14,0.9972
60.000,315.000,0.36,0.2500
71.706,314.609,39.31,0.6717
79.000,314.718,2.35,0.2500
86.000,314.627,62.09,1.1376
216.608,315.247,35.07,1.0026
217.011,315.201,43.17,1.1990
218.000,315.038,27.84,0.9071
229.735,314.459,19.70,0.3751
232.227,314.606,37.10,0.4067
272.000,314.596,9.32,0.2500
326.035,314.616,8.71,0.3229
343.074,314.940,8.88,0.4257
356.804,314.915,17.26,0.4989
363.892,314.889,44.13,0.7628
387.839,315.055,95.87,1.0795
398.723,314.686,7.64,0.2500
414.008,314.992,6.72,0.2500
431.685,315.000,5.33,0.2500
445.752,315.000,4.46,0.2500
449.000,315.474,10.55,0.2500
459.237,315.183,5.34,0.3592
505.000,314.608,6.28,0.2500
1.000,316.131,79.42,1.2000
5.526,316.230,25.34,0.3867
13.410,316.087,22.92,0.3945
24.599,315.849,9.13,0.3418
50.614,315.842,37.48,0.2908
84.505,315.000,74.00,0.9943
108.555,316.300,8.05,0.2500
116.849,315.986,12.97,0.4648
122.107,316.321,3.66,0.2500
146.636,316.400,14.09,0.2830
161.187,316.225,19.52,0.4539
200.334,316.240,69.81,1.2000
208.942,316.058,5.07,0.2500
300.451,315.670,30.73,0.9848
340.008,315.000,46.63,1.2000
348.194,316.368,8.34,0.2732
390.000,315.000,54.10,1.1819
396.216,316.468,5.48,0.3074
402.661,317.000,44.08,1.1387
411.219,316.000,9.87,0.2500
424.410,315.586,30.55,0.5790
452.820,315.000,39.35,1.0638
471.576,316.355,12.32,0.2700
475.434,316.185,11.18,0.2500
493.500,316.000,12.44,0.2500
16.915,317.017,2.19,0.2500
132.094,316.622,10.83,0.2500
136.855,316.598,15.36,0.2500
226.499,317.500,27.48,0.6314
226.500,317.501,27.61,0.6357
233.000,317.415,201.88,1.2000
270.369,317.012,11.66,0.5384
278.000,317.500,8.37,0.2500
374.467,316.654,37.72,0.2500
414.304,317.000,5.63,0.2500
417.000,317.000,0.71,0.2500
436.397,317.283,6.70,0.2500
445.209,317.000,6.18,0.2500
446.720,317.000,4.34,0.2500
1.000,317.000,66.89,1.2000
12.350,317.734,5.94,0.3449
31.000,318.260,4.41,0.2500
35.054,318.167,9.01,0.2500
51.574,318.179,33.45,0.2500
65.050,318.321,8.74,0.4716
79.002,317.885,119.57,0.6903
129.674,318.142,20.88,0.3503
200.598,317.000,63.75,1.2000
204.699,317.529,20.23,0.7346
226.499,317.500,27.48,0.6316
226.500,317.501,27.62,0.6359
231.763,318.210,232.38,1.2000
350.000,318.186,0.42,0.2500
398.975,318.111,34.77,1.2000
402.450,318.109,26.24,0.5357
442.441,318.360,17.41,0.7336
449.113,318.246,13.53,0.3701
452.393,318.000,4.83,0.2500
490.300,318.368,11.10,0.2500
22.637,318.697,27.58,0.8739
24.000,319.008,24.50,1.1526
37.424,319.000,7.79,0.2500
44.403,319.006,1.05,0.2500
49.187,318.489,4.08,0.3196
54.486,319.000,1.73,0.2500
67.695,319.000,8.45,0.2500
75.621,318.869,4.01,0.2500
117.518,319.000,0.73,0.2500
124.000,318.751,7.17,0.2500
127.080,318.602,38.90,0.2671
172.593,319.309,20.51,0.3791
177.193,319.400,42.98,0.6879
270.008,318.989,7.83,0.2500
274.524,318.937,6.71,0.2500
397.000,318.539,7.10,0.2500
411.446,319.000,7.95,0.2500
439.000,319.110,8.59,0.2500
445.997,319.003,5.95,0.2500
477.500,319.000,10.47,0.2500
477.500,319.000,10.47,0.2500
481.398,318.662,41.29,0.9154
3.853,320.393,8.63,0.4117
50.000,319.000,87.73,1.2000
58.638,320.000,4.31,0.2500
99.561,319.730,28.26,0.3094
143.703,320.402,8.18,0.2580
258.828,319.584,14.68,0.5289
346.740,319.599,38.21,0.5916
369.461,320.000,16.16,0.2500
375.000,319.619,25.52,0.7660
432.000,320.000,0.99,0.2500
466.848,320.013,6.21,0.2500
508.876,320.402,146.67,0.7382
79.383,321.075,9.90,0.2500
86.366,321.255,5.81,0.2500
96.000,320.534,11.01,0.2500
106.395,321.531,120.67,1.1972
138.617,321.391,52.35,1.0367
156.841,320.602,8.91,0.2500
192.323,321.486,23.80,0.4954
203.000,321.369,6.12,0.2500
217.000,321.686,70.81,1.1115
394.630,320.700,13.57,0.2500
438.002,320.998,0.79,0.2500
441.000,321.704,22.00,1.2000
460.000,321.000,5.17,0.2500
463.193,321.000,7.01,0.2500
30.011,322.011,5.34,0.2500
46.537,323.000,237.45,1.1322
69.558,322.054,5.11,0.2500
80.784,323.000,28.33,1.2000
138.614,321.386,52.70,1.0423
199.376,322.569,19.51,0.4987
220.000,323.000,43.16,1.2000
337.488,322.297,13.88,0.3344
440.407,322.000,20.54,0.2500
445.830,321.951,8.78,0.4501
468.035,321.630,24.03,0.4110
470.597,321.854,8.60,0.2500
2.381,322.501,34.18,1.1707
3.000,322.492,33.19,1.2000
51.847,324.000,267.47,1.2000
101.589,322.569,51.72,0.6352
117.511,323.000,11.24,0.2500
122.000,322.279,80.76,1.0542
159.970,322.829,6.40,0.4238
218.036,322.382,98.11,1.2000
228.422,323.000,4.78,0.2500
254.000,323.000,3.68,0.2500
259.210,322.972,8.37,0.2500
290.229,322.794,5.81,0.3916
310.803,323.000,3.88,0.2500
347.207,322.902,48.41,0.4903
361.984,323.016,7.51,0.2500
368.357,324.000,26.61,0.7531
371.965,322.000,31.51,0.9552
393.601,323.241,12.82,0.2500
429.000,323.000,6.56,0.2500
433.000,323.000,4.69,0.2500
438.491,323.000,23.19,0.2500
33.814,324.000,8.28,0.2500
39.000,324.000,16.03,0.2500
47.273,325.000,298.77,1.2000
78.000,324.748,70.93,1.2000
83.770,324.018,18.49,0.4683
91.140,323.447,126.67,0.9296
146.000,324.000,4.14,0.2500
173.976,323.799,12.06,0.4926
330.529,324.113,11.86,0.5528
334.242,324.020,3.88,0.2500
336.170,323.825,8.76,0.3847
340.000,324.000,3.56,0.2500
342.999,324.364,6.93,0.2500
396.000,324.000,5.24,0.2500
405.560,324.259,16.72,0.2500
435.549,324.000,12.54,0.2500
477.691,324.368,36.80,0.6058
7.975,325.241,4.21,0.2500
15.000,324.847,5.02,0.2500
51.663,325.840,542.67,1.2000
72.000,326.000,1.72,1.2000
78.958,324.965,38.86,0.4525
80.000,324.782,60.37,1.2000
133.075,326.000,48.14,1.2000
169.318,324.911,7.20,0.3010
170.686,325.022,8.08,0.2500
204.000,325.000,3.70,0.2500
262.415,325.000,8.44,0.2500
346.000,325.000,8.75,0.2500
420.000,325.000,0.55,0.2500
428.548,325.000,12.33,0.2500
434.180,325.462,13.66,0.2826
440.000,325.000,0.37,0.2500
448.413,325.500,22.00,0.2500
479.593,325.000,6.67,0.2500
482.537,324.531,13.53,0.2504
34.509,326.000,6.99,0.2500
47.589,326.745,522.27,1.2000
94.000,326.000,3.90,0.2500
119.020,325.943,25.38,0.5304
132.760,327.000,59.27,1.2000
229.318,326.000,8.02,0.2500
337.510,326.319,13.42,0.2500
368.681,325.962,55.44,1.2000
386.578,326.233,6.98,0.3225
426.526,326.000,18.50,0.2500
431.000,326.000,0.38,0.2500
448.413,325.500,22.00,0.2500
474.972,325.086,42.83,0.7794
13.417,326.729,10.79,0.2500
17.000,327.000,3.48,0.2500
26.659,327.337,14.85,0.6868
31.882,327.003,5.93,0.2500
40.658,327.000,0.23,0.2500
58.698,326.732,193.14,1.0553
72.434,327.200,34.07,0.3951
77.000,327.000,0.37,0.2500
124.099,326.814,22.82,0.4383
145.801,327.234,24.61,0.5730
158.500,327.233,14.02,0.2500
182.000,326.665,6.70,0.2500
202.848,327.001,7.69,0.2798
219.095,326.854,20.71,0.6810
260.257,326.985,14.02,0.2500
262.598,327.000,4.91,0.2500
352.000,326.587,11.51,0.2500
424.424,327.000,1.47,0.2500
429.000,327.000,0.34,0.2500
479.001,327.001,0.75,0.2500
6.592,328.000,12.63,0.2500
37.000,328.000,5.24,0.2500
47.304,327.000,515.60,1.2000
52.027,327.000,393.42,1.2000
90.633,328.402,3.23,0.2500
111.214,327.569,8.98,0.3912
129.000,327.702,40.22,0.7425
132.681,327.345,48.61,1.0491
141.024,329.000,59.61,1.0802
188.522,328.297,26.46,0.7473
194.335,328.135,47.03,0.5765
197.576,327.821,66.38,0.7871
230.713,328.000,3.62,0.2500
233.369,328.000,10.47,0.2500
236.352,328.000,4.70,0.2500
250.721,328.969,24.94,0.9581
265.999,328.001,11.00,0.2500
304.290,328.000,6.94,0.2500
339.472,328.295,13.94,0.6186
355.675,328.135,8.44,0.2500
422.435,328.000,10.62,0.2500
482.000,328.000,0.68,0.2500
1.707,329.492,30.11,0.7500
51.336,329.090,55.23,0.3677
67.000,329.464,197.36,1.2000
83.162,328.831,39.79,0.5304
85.426,329.000,21.43,0.2500
145.000,328.000,38.11,1.2000
192.582,329.507,104.43,1.2000
226.000,329.506,31.46,0.9988
251.184,330.000,39.22,1.2000
296.339,329.000,12.72,0.2500
391.074,329.012,21.24,0.4880
425.000,329.000,4.23,0.2500
34.689,330.007,21.62,0.2500
42.237,329.488,178.32,1.2000
49.828,329.364,173.71,1.2000
56.744,331.000,108.43,1.2000
65.000,330.436,209.32,1.2000
94.691,329.505,42.67,0.4261
98.524,330.000,7.23,0.2500
139.442,329.817,25.19,0.3370
225.924,329.505,33.41,1.0607
226.226,329.500,22.18,0.8218
238.352,329.500,8.98,0.2502
378.904,330.357,22.45,1.0544
417.040,329.907,82.83,0.9746
428.399,329.601,11.41,0.2500
433.000,330.081,50.47,0.7142
433.474,330.093,62.19,0.8512
480.463,329.798,15.83,0.2500
10.695,330.757,30.02,0.5173
22.000,330.566,5.91,0.2500
39.675,330.720,153.79,1.2000
63.896,330.577,259.11,1.2000
76.000,332.000,70.99,1.2000
83.950,330.950,3.60,0.2500
109.589,331.013,4.93,0.2500
129.423,330.859,11.15,0.2500
160.331,330.327,17.90,0.6594
165.281,330.575,12.27,0.2500
216.364,330.624,7.80,0.2500
251.401,330.418,33.30,1.0638
404.000,330.708,10.61,0.2500
417.000,330.000,84.75,0.9949
436.000,330.434,39.16,0.8484
440.995,330.855,1.22,0.2500
476.516,331.288,41.17,0.9474
14.400,332.000,11.87,0.2500
17.009,332.000,9.05,0.2500
19.729,332.374,28.55,0.8116
30.944,333.000,33.93,1.2000
35.435,332.564,179.84,1.2000
44.000,331.000,51.28,1.2000
49.451,331.000,137.97,1.2000
56.227,332.031,129.28,1.2000
71.000,332.433,0.19,0.2500
77.869,331.922,72.85,1.1214
81.566,332.124,12.21,0.3136
86.143,332.000,5.23,0.2500
92.479,332.147,38.28,0.3821
100.122,332.387,12.86,0.2500
103.285,332.000,6.23,0.2500
106.589,332.262,14.66,0.6308
116.925,333.000,33.18,1.1246
138.392,332.411,51.83,0.5061
142.115,332.314,16.82,0.3804
146.000,331.551,7.26,0.2500
149.112,331.563,31.85,0.6441
166.981,331.981,4.39,0.2500
201.000,331.598,9.39,0.2500
203.000,332.462,15.71,0.2500
224.170,332.479,6.93,0.2500
237.974,332.292,10.42,0.2500
299.000,332.891,19.50,0.8995
337.651,331.050,12.40,0.6693
358.792,332.398,11.40,0.4096
374.531,332.163,9.90,0.2500
406.000,331.622,3.90,0.2500
454.836,332.370,24.69,0.3348
476.000,331.473,32.82,0.7843
500.000,332.000,5.83,0.2500
42.132,333.000,4.09,0.2500
52.370,332.628,21.69,0.7767
64.268,332.000,208.97,1.2000
65.000,332.199,199.57,1.2000
76.000,332.051,72.23,1.2000
83.721,333.000,0.54,0.2500
88.475,332.917,2.51,0.2500
130.717,333.276,76.53,0.7961
153.436,333.060,30.07,0.7178
211.470,333.453,10.25,0.2500
387.569,332.721,38.67,0.8407
411.565,332.661,17.67,0.7117
419.416,333.263,102.04,1.1102
443.000,332.707,5.74,0.2500
451.646,332.136,95.60,0.8483
458.683,333.054,46.06,0.6085
26.532,334.166,2.13,0.2629
114.344,333.720,6.69,0.2892
116.831,334.000,20.03,0.2500
134.067,334.305,107.44,0.6809
151.000,334.000,5.86,0.2500
200.570,335.000,64.98,1.0911
214.872,334.421,9.97,0.2500
258.000,333.529,10.27,0.2500
262.817,334.000,7.79,0.2500
360.874,334.446,37.52,0.4043
362.748,334.000,13.89,0.2500
405.881,334.673,76.56,1.2000
407.000,334.232,43.39,0.7882
461.427,334.000,14.57,0.2500
25.162,336.000,123.34,1.2000
31.518,334.726,199.38,1.0881
32.000,334.520,218.85,1.2000
46.358,334.584,47.50,0.9929
67.996,335.016,9.72,0.2500
78.943,335.345,6.83,0.3839
92.000,336.000,23.47,1.2000
145.892,334.785,5.80,0.3342
163.088,335.118,8.24,0.5602
188.165,335.000,4.61,0.2500
192.657,335.941,15.94,0.7357
239.000,334.563,5.23,0.2500
245.645,334.550,35.95,0.6326
397.683,335.368,27.83,0.9846
419.059,334.000,84.49,1.0421
442.000,335.000,4.67,0.2500
452.635,334.998,7.61,0.2500
475.195,335.036,15.13,0.3117
11.005,336.334,8.84,0.2500
23.881,337.000,180.20,1.2000
39.991,335.991,8.86,0.2500
55.000,335.641,14.42,0.2500
84.206,335.983,22.56,0.2500
87.932,335.638,83.10,0.8348
107.000,336.000,0.54,0.2500
138.288,335.027,32.40,1.2000
142.000,336.117,6.46,0.2500
171.659,336.117,18.27,0.4871
174.626,335.893,12.62,0.4381
200.632,335.643,77.86,1.1651
248.044,336.456,7.25,0.2500
294.234,336.000,5.26,0.2500
300.725,336.273,29.11,0.7825
345.554,336.363,93.37,1.2000
347.000,336.395,116.39,1.2000
347.943,336.796,131.87,1.2000
364.015,336.406,16.30,0.4612
368.069,336.069,4.00,0.2500
388.000,336.000,4.95,0.2500
405.798,335.000,81.63,1.2000
411.181,335.831,57.27,0.5091
468.000,336.000,8.86,0.2500
482.094,335.857,52.24,0.7511
497.170,337.000,83.91,1.2000
499.000,337.000,59.18,1.2000
21.656,336.700,175.35,1.2000
98.577,337.000,6.93,0.2500
103.724,337.323,12.29,0.4663
110.906,337.000,0.04,0.2500
158.092,337.397,62.54,0.7475
166.000,337.036,10.48,0.2500
216.000,337.000,4.51,0.2500
278.441,337.086,15.51,0.2500
279.000,337.047,28.73,0.7771
331.571,337.229,26.54,0.4393
341.865,338.000,80.09,1.2000
353.419,337.306,50.15,0.6481
370.407,337.000,11.39,0.2500
373.000,337.000,6.11,0.2500
401.000,337.284,183.99,0.9774
407.478,337.526,59.87,0.7024
415.000,337.000,4.97,0.2500
444.009,336.991,3.57,0.2500
458.622,337.335,18.23,0.2500
476.342,336.648,77.15,1.2000
24.452,337.782,251.42,1.2000
49.491,338.000,21.60,0.2500
81.562,338.425,36.98,0.2500
212.379,338.000,7.65,0.2500
229.680,338.386,14.97,0.7238
235.000,338.407,33.91,1.2000
336.312,338.446,28.58,0.2633
348.214,337.187,107.74,1.0814
400.678,337.423,199.12,1.1577
480.000,338.363,6.19,0.2500
497.000,337.473,92.88,1.2000
15.845,339.548,38.28,0.5218
64.000,338.509,1.07,0.2500
77.521,339.000,18.60,0.2500
87.000,339.000,0.04,0.2500
92.574,338.539,91.81,1.0401
100.000,338.572,6.08,0.2500
140.000,338.673,14.33,0.2500
141.989,339.011,3.44,0.2500
148.610,338.244,30.89,0.7059
154.205,338.953,74.82,0.9667
174.103,338.990,7.21,0.5040
195.633,338.648,11.69,0.5348
214.215,338.529,19.80,1.2000
215.302,338.616,18.69,1.2000
219.000,339.000,5.62,0.2500
233.508,338.602,28.75,0.5046
261.509,338.944,15.21,0.6275
283.985,338.890,5.49,0.2500
293.000,339.000,4.67,0.2500
339.467,338.414,57.91,0.8416
370.520,339.169,21.23,0.2500
413.000,339.000,1.06,0.2500
472.653,339.384,31.12,0.4113
500.925,338.689,33.87,0.5639
506.019,338.753,0.68,0.2500
20.398,340.255,53.31,0.4482
26.695,340.430,22.51,0.3464
29.562,340.489,35.27,0.5840
94.000,339.590,84.59,1.2000
104.301,340.505,2.27,0.2500
111.000,340.000,9.86,0.2500
137.000,340.000,5.47,0.2500
158.227,339.000,53.26,1.2000
165.468,340.170,13.35,0.3215
204.000,340.000,0.40,0.2500
207.000,340.000,5.12,0.2500
350.000,340.443,11.11,0.2500
356.116,340.634,57.16,0.8825
364.000,339.537,6.80,0.2500
372.590,340.239,31.96,0.2500
396.433,339.820,14.35,0.2955
403.999,340.234,18.49,0.2500
434.088,340.101,11.38,0.4003
469.920,339.534,9.04,0.2533
98.731,341.376,16.67,0.2623
114.345,341.280,68.09,1.2000
115.000,341.342,64.89,1.2000
161.665,340.694,9.57,0.2500
188.168,340.510,10.86,0.2819
288.000,341.167,3.59,0.2500
375.000,341.000,0.05,0.2500
378.286,340.473,8.58,0.3762
384.919,341.550,85.35,1.1742
398.410,341.000,1.48,0.2500
416.154,340.492,9.41,0.3099
420.720,341.266,95.60,1.0282
17.425,341.887,72.16,0.4603
37.956,342.044,8.85,0.2500
43.196,342.067,8.70,0.2500
139.015,342.015,0.54,0.2500
191.865,342.019,9.36,0.2500
236.503,341.967,16.56,0.2500
239.000,342.000,4.76,0.2500
259.000,343.000,42.34,1.2000
286.000,342.000,3.91,0.2500
317.277,342.210,13.48,0.2500
320.864,342.000,5.71,0.2500
331.891,342.109,8.78,0.4149
350.000,341.639,15.69,0.2500
391.000,342.475,81.53,1.2000
437.403,342.451,19.37,0.4447
446.932,342.322,16.25,0.5195
7.118,343.320,308.48,1.2000
9.000,342.562,263.11,1.2000
14.449,343.154,6.32,0.2500
67.309,342.368,218.95,1.0076
71.926,342.822,0.97,0.5549
86.552,342.112,50.65,0.8371
88.957,343.013,18.12,0.4564
91.424,343.000,8.16,0.2500
97.626,342.686,61.36,1.0436
102.635,342.964,9.62,0.2500
114.220,342.000,67.59,1.2000
125.505,342.696,12.83,0.4396
149.000,343.000,3.41,0.2500
155.655,342.799,19.26,0.6045
161.504,343.000,15.12,0.2500
223.542,343.260,30.53,0.6901
294.404,343.000,5.62,0.2500
311.402,344.000,44.75,1.0215
314.589,343.000,5.14,0.2500
354.805,342.512,73.20,1.0832
389.000,342.413,160.05,1.2000
416.171,342.600,6.69,0.2500
440.039,343.368,25.69,0.4323
470.000,343.005,4.17,0.2500
477.000,342.848,57.70,0.9979
478.050,343.044,79.30,1.1096
503.000,343.000,4.50,0.2500
21.508,344.000,1.12,0.2500
31.640,344.125,9.36,0.3869
52.052,344.466,15.05,0.2500
137.000,344.000,4.30,0.2500
140.125,344.176,34.73,0.7351
146.234,343.998,7.34,0.2500
184.648,344.000,10.74,0.2500
208.376,344.217,9.33,0.2500
214.395,343.573,118.67,1.2000
258.521,343.988,48.07,1.1531
324.440,344.451,150.57,1.0996
364.000,344.000,0.15,0.2500
378.070,343.555,19.06,0.2500
383.750,344.302,57.44,0.4296
408.000,344.388,13.47,0.2500
431.000,344.000,6.07,0.2500
465.000,345.000,53.11,1.1964
9.836,345.152,24.32,0.3695
49.000,345.448,8.12,0.2500
60.269,345.409,25.07,0.6431
133.000,345.000,3.38,0.2500
165.000,345.495,7.18,0.2500
212.179,344.954,138.37,1.2000
254.000,344.909,3.52,0.2500
330.587,345.443,47.98,0.2634
347.798,345.053,21.26,0.6460
355.975,344.975,9.35,0.2500
424.398,345.006,11.34,0.2500
427.338,345.400,70.96,0.4962
456.853,345.360,23.42,0.5615
460.601,344.829,45.00,0.5723
482.000,344.608,0.63,0.2500
489.000,344.628,5.90,0.2500
8.392,345.861,11.68,0.2500
109.624,346.000,10.23,0.2500
130.426,345.650,14.08,0.3627
146.024,346.024,0.77,0.2500
210.623,345.528,117.49,1.1992
258.395,345.000,32.31,0.8881
311.645,345.578,69.68,0.8075
364.000,346.307,18.35,0.2500
374.970,345.564,41.98,0.3140
464.631,345.735,69.73,1.2000
478.000,346.000,0.82,0.2500
485.499,346.000,29.75,0.6607
6.382,347.000,0.99,0.2500
13.502,347.150,18.54,0.2500
16.265,347.289,6.12,0.2500
20.000,347.000,0.67,0.2500
25.000,346.716,45.12,0.9158
35.504,347.115,1.52,0.2500
75.997,347.003,4.52,0.2500
94.838,346.556,6.14,0.2500
113.511,347.000,5.84,0.2500
123.000,347.170,3.90,0.2500
138.944,346.719,6.52,0.2500
142.251,347.137,83.28,1.2000
149.505,346.951,29.48,0.6274
149.508,346.950,29.32,0.6233
171.008,346.978,5.94,0.2500
214.579,347.022,48.99,0.7248
269.492,347.669,56.33,1.0426
269.493,347.665,54.86,1.0189
315.000,347.185,4.90,0.2500
319.000,347.000,21.24,0.2500
350.049,346.951,0.05,0.2500
358.000,347.000,4.87,0.2500
385.000,347.000,0.43,0.2500
409.000,347.000,5.93,0.2500
432.065,346.643,28.31,0.6712
465.000,346.253,49.67,0.9516
475.993,347.000,2.49,0.2500
31.999,347.999,0.04,0.2500
39.395,348.300,15.56,0.2670
54.709,348.161,19.59,0.6303
70.486,347.994,49.59,0.3759
73.988,347.647,41.43,0.2500
127.514,348.171,15.88,0.2678
130.000,348.000,5.31,0.2500
176.390,348.354,9.71,0.2500
240.168,348.012,25.45,0.6958
269.500,348.125,68.09,1.2000
269.477,348.129,66.61,1.1818
311.317,347.000,70.78,1.1358
363.008,347.992,12.54,0.2500
368.694,347.853,390.35,1.2000
403.000,348.000,10.98,0.2500
440.889,348.000,4.54,0.2500
446.437,348.000,5.23,0.2500
480.000,348.000,2.23,0.2500
18.000,349.368,7.44,0.2500
21.000,349.440,19.01,0.2500
50.298,348.542,16.34,0.3914
54.000,348.533,24.87,1.0480
61.358,349.214,0.87,0.2876
136.236,349.230,5.08,0.2500
256.320,348.569,14.89,0.3130
269.501,348.798,68.03,1.2000
269.470,348.823,67.64,1.2000
367.782,348.201,368.50,1.2000
444.401,349.000,4.89,0.2500
40.000,349.589,16.17,0.2500
63.864,350.196,56.63,0.7518
67.064,349.497,56.62,1.0239
152.392,350.000,5.78,0.2500
170.000,350.080,5.82,0.2500
205.047,349.689,34.29,0.6527
269.491,349.472,60.94,1.1276
269.471,349.491,59.75,1.1078
294.000,350.410,5.57,0.2500
362.306,350.000,23.42,0.2500
393.563,350.000,12.29,0.2500
488.000,349.647,26.50,1.0112
490.089,349.970,42.89,1.0478
46.500,350.771,14.34,0.3282
58.667,350.698,14.90,0.3751
137.609,350.834,21.19,0.3120
153.996,350.985,7.61,0.2500
212.000,350.996,2.79,0.2500
253.721,350.849,28.31,0.6124
256.000,351.000,4.70,0.2500
269.474,350.081,45.83,0.9116
296.812,350.357,48.89,0.5989
306.024,350.975,14.60,0.7633
322.907,350.724,81.49,0.8249
335.021,350.802,9.48,0.2500
351.208,350.605,15.43,0.2500
365.833,350.000,218.21,1.0786
378.623,350.623,20.68,0.2500
431.000,350.520,5.92,0.2500
444.201,351.276,6.85,0.2500
447.000,351.266,25.36,1.2000
482.595,351.000,5.64,0.2500
31.000,352.268,14.05,0.2500
67.000,351.682,16.30,0.2500
80.858,352.484,15.11,0.6038
121.355,352.000,6.44,0.2500
156.340,352.023,21.78,0.6512
187.351,353.000,26.94,0.8239
219.000,352.000,6.57,0.2500
279.000,352.718,74.42,1.2000
310.989,352.011,5.11,0.2500
331.651,351.922,27.00,0.7973
331.650,351.922,26.93,0.7954
441.573,352.000,5.11,0.2500
448.424,352.000,12.09,0.2500
454.441,352.000,10.01,0.2500
457.000,352.000,6.83,0.2500
459.000,352.392,6.28,0.2500
146.543,352.985,25.63,0.2500
192.180,352.658,7.39,0.3350
199.212,352.907,12.45,0.2500
205.140,352.311,25.06,0.7823
207.233,353.096,7.86,0.2500
209.822,352.656,23.44,0.4827
262.000,353.000,4.86,0.2500
278.376,352.811,77.17,1.1516
342.576,352.649,13.58,0.2500
354.000,352.601,0.55,0.2500
356.625,353.333,15.90,0.2500
368.553,353.000,17.20,0.2500
382.936,353.446,35.97,0.7108
26.600,353.805,42.53,0.3932
41.629,353.557,73.62,1.2000
127.355,353.790,19.52,0.7372
160.255,353.669,40.12,0.4532
197.357,354.000,16.14,0.2500
211.727,353.520,7.78,0.2531
215.932,353.432,44.57,0.5621
232.500,354.091,19.26,0.2500
255.000,355.000,81.26,1.2000
268.599,353.000,19.94,1.0010
373.295,354.076,22.82,0.5552
396.000,353.558,11.29,0.2500
442.730,355.000,36.10,0.9092
446.996,353.996,2.72,0.2500
38.292,354.000,47.23,1.2000
67.246,355.595,37.90,0.8137
69.508,354.367,42.05,1.2000
97.631,356.000,91.27,1.2000
110.000,355.225,15.61,0.9209
127.321,354.000,19.18,0.7350
195.328,354.933,12.91,0.2500
203.465,355.000,9.41,0.2500
282.727,354.357,16.31,0.6026
308.000,355.000,4.54,0.2500
324.340,355.230,22.86,0.4136
327.645,354.604,17.54,0.7802
352.000,355.000,0.05,0.2500
378.000,355.942,40.93,1.0216
387.000,354.659,11.35,0.2500
453.317,355.321,67.10,0.5483
466.496,354.835,14.59,0.7801
473.501,355.000,8.74,0.2500
496.843,355.000,6.26,0.2500
501.824,354.763,30.66,0.3879
505.000,355.000,9.32,0.2500
43.894,355.913,6.79,0.2500
46.000,356.000,6.50,0.2500
62.003,355.997,4.72,0.2500
79.000,356.000,6.56,0.2500
100.943,356.344,17.78,0.2500
109.189,355.465,13.31,0.6875
118.520,355.996,20.09,0.7207
132.361,356.418,19.65,0.4007
154.908,356.434,9.56,0.2500
158.437,355.734,12.40,0.2533
188.000,355.906,88.78,1.0224
211.815,356.304,0.86,0.2500
253.057,356.649,107.90,1.2000
350.000,356.000,3.90,0.2500
355.977,355.942,55.42,1.0519
356.603,356.000,22.02,0.2500
362.656,356.000,15.70,0.2500
377.442,356.222,20.66,0.8185
392.000,356.358,7.33,0.2500
408.000,355.352,33.09,1.2000
417.336,356.000,8.69,0.2500
426.537,356.328,23.30,0.3970
430.000,356.000,3.46,0.2500
442.732,355.000,35.92,0.9046
450.436,356.000,8.10,0.2500
484.000,356.000,3.29,0.2500
487.000,355.656,8.09,0.2500
6.386,356.486,7.74,0.3902
21.939,357.061,4.36,0.2500
31.430,356.834,165.13,0.9616
36.190,357.424,28.04,0.3780
49.000,357.000,3.65,0.2500
92.114,356.571,7.55,0.2500
97.582,356.117,81.77,1.1162
103.000,357.000,3.84,0.2500
140.000,357.000,4.38,0.2500
171.921,357.504,11.73,0.3361
187.597,356.135,93.31,1.0555
279.000,357.000,4.42,0.2500
17.645,357.562,21.59,0.2500
21.000,359.000,50.19,1.2000
47.000,358.000,3.46,0.2500
51.013,358.013,3.72,0.2500
95.061,357.894,15.39,0.4323
121.422,358.520,8.16,0.2500
144.254,358.103,10.24,0.3832
181.632,357.632,9.92,0.2504
186.000,358.651,91.13,1.2000
232.526,357.548,16.32,0.7397
253.027,357.000,105.36,1.2000
321.714,358.395,114.25,1.2000
322.063,358.272,92.84,1.0315
355.915,358.334,7.60,0.2500
366.232,358.587,45.62,0.7805
435.728,358.381,0.75,0.2907
455.578,358.240,12.65,0.2500
458.000,357.640,6.66,0.2500
492.000,357.529,11.33,0.2500
22.140,359.347,22.95,0.5106
40.078,358.523,9.52,0.2500
60.000,359.000,4.58,0.2500
98.000,358.999,5.02,0.2500
109.000,359.000,4.51,0.2500
125.000,358.615,6.40,0.2500
146.637,358.878,7.54,0.2500
154.705,358.864,9.47,0.3687
157.748,358.538,22.04,0.4219
161.000,359.000,0.44,0.2500
174.000,359.385,5.96,0.2500
191.000,358.608,24.99,0.2500
217.000,358.655,5.09,0.2500
255.000,359.368,21.96,0.2500
285.962,358.962,29.49,0.6178
321.679,358.373,114.53,1.2000
322.050,358.276,91.43,1.0168
368.000,358.842,31.80,1.1781
374.636,358.636,12.37,0.2500
428.000,359.000,4.75,0.2500
451.742,359.000,4.47,0.2500
485.000,359.000,11.19,0.2500
8.034,360.000,9.04,0.2500
10.965,360.035,2.81,0.2500
20.033,360.388,23.60,0.4187
36.000,360.000,3.36,0.2500
55.951,360.228,23.61,0.5314
68.000,360.115,48.79,1.2000
80.532,360.151,47.64,0.9785
82.985,359.994,66.97,1.1879
104.314,360.454,7.39,0.6409
128.467,360.000,14.04,0.2500
132.954,360.317,27.70,0.8199
133.032,360.312,28.97,0.8532
168.068,359.735,6.34,0.2500
180.409,360.229,12.69,0.2500
187.481,359.810,41.61,0.3327
187.481,359.810,13.47,0.3327
204.571,359.563,24.65,1.0142
220.433,359.206,87.30,1.2000
277.907,360.288,26.91,0.3465
280.205,360.398,14.06,0.2500
281.741,360.052,5.75,0.2500
318.431,360.366,116.75,1.2000
351.537,359.774,8.08,0.2500
396.608,359.783,10.33,0.2500
439.514,360.194,8.58,0.2500
482.000,360.000,9.66,0.2500
502.000,360.000,3.79,0.2500
506.000,360.358,5.00,0.2500
64.162,362.000,35.33,0.9717
97.347,361.186,11.93,0.4991
100.000,361.000,7.26,0.2500
135.988,360.988,7.65,0.2500
138.581,361.000,7.93,0.2500
164.001,361.433,8.29,0.2500
178.228,361.336,8.46,0.3129
214.676,360.683,16.55,0.4588
317.000,360.766,70.65,0.9913
358.576,360.845,294.74,1.1772
369.000,361.413,7.50,0.2500
405.145,360.700,26.70,0.3769
411.291,361.498,9.58,0.2500
443.000,361.000,7.62,0.2500
160.990,362.339,14.01,0.2596
183.310,362.008,138.15,1.2000
184.466,362.203,122.29,1.0838
190.000,362.000,5.55,0.2500
206.000,361.500,7.89,0.2500
254.000,362.000,4.98,0.2500
274.473,362.000,5.99,0.2500
347.719,361.635,16.74,0.2500
364.613,361.840,49.27,0.3443
378.424,362.000,8.71,0.2500
407.816,361.693,29.54,0.5867
10.607,363.000,9.48,0.2500
52.299,363.126,20.62,0.5905
67.152,362.534,20.65,0.3364
70.273,363.000,6.16,0.2500
73.471,363.212,8.40,0.3159
99.506,363.037,11.18,0.2500
125.000,362.644,0.73,0.2500
130.616,363.318,20.99,0.3880
204.258,363.000,5.57,0.2500
212.747,362.642,15.26,0.4390
219.109,362.000,34.88,0.9567
233.004,362.725,11.01,0.5702
268.807,362.806,22.03,0.7400
269.864,362.825,38.04,1.1800
270.180,362.850,29.33,0.9740
290.039,362.961,4.41,0.2500
353.000,362.665,82.85,0.8893
395.340,362.938,17.39,0.2500
401.684,362.619,20.66,0.9426
403.754,363.056,13.18,0.3583
425.000,363.047,55.02,1.1015
425.318,363.168,60.91,1.1737
482.000,363.000,3.55,0.2500
502.000,363.478,8.61,0.2500
509.191,363.409,17.41,0.4514
14.000,364.258,6.29,0.2500
96.795,363.952,26.68,1.0514
101.870,363.651,6.38,0.2500
138.754,363.796,18.35,0.5295
155.878,364.538,94.07,0.8805
180.580,363.261,96.97,1.0743
240.437,364.000,5.25,0.2500
304.681,364.200,22.65,0.5905
343.021,363.979,7.77,0.2500
361.000,364.000,4.48,0.2500
371.281,363.719,0.61,0.2500
411.000,364.000,3.72,0.2500
426.051,363.335,60.63,1.2000
87.794,365.874,55.60,1.2000
118.249,366.000,34.84,1.2000
133.587,365.000,14.13,0.2500
144.000,365.311,14.94,0.2500
173.005,364.995,5.16,0.2500
195.831,365.494,10.87,0.2500
229.487,365.058,28.18,0.4128
244.000,365.298,4.29,0.2500
284.420,365.000,8.37,0.2500
422.951,366.000,49.02,1.2000
455.217,365.551,14.88,0.6764
493.529,364.551,43.28,0.6832
55.006,366.006,13.79,0.2500
100.368,366.085,26.65,0.3723
170.509,366.038,2.30,0.2500
199.000,365.550,12.17,0.2500
273.000,366.000,4.04,0.2500
286.967,365.999,8.56,0.4952
408.033,365.967,4.11,0.2500
422.144,367.000,56.30,1.2000
422.629,366.840,57.16,1.2000
451.815,365.521,6.49,0.2500
485.000,365.552,12.22,0.2500
31.109,367.015,5.36,0.3871
56.000,366.318,28.59,1.2000
58.699,366.866,5.78,0.3420
74.738,366.871,55.79,0.8095
97.254,367.029,26.53,0.5647
117.966,366.765,13.87,0.3516
121.400,367.025,8.31,0.2500
128.361,367.000,7.22,0.2500
168.448,367.000,4.07,0.2500
176.234,367.000,8.27,0.2500
241.672,367.367,30.30,0.5115
247.487,366.624,10.07,0.2500
301.000,367.000,3.35,0.2500
317.331,367.000,8.38,0.2500
335.000,367.000,0.36,0.2500
341.492,367.000,9.86,0.2500
369.345,368.000,88.94,0.9244
369.337,368.000,89.61,0.9304
422.000,366.930,53.62,1.2000
422.163,366.882,54.41,1.2000
422.617,366.763,55.70,1.2000
424.000,366.720,44.65,1.2000
427.861,366.999,6.90,0.2500
431.818,367.000,4.48,0.2500
457.908,366.693,5.66,0.2500
482.714,367.393,23.64,0.2500
2.489,368.375,40.70,0.4220
2.489,368.375,40.70,0.4220
28.000,368.437,5.27,0.2500
85.000,367.830,47.76,1.0609
86.151,367.541,69.36,1.2000
89.809,367.996,15.30,0.2500
100.275,367.000,52.73,1.1744
108.501,368.103,22.68,0.3027
109.309,368.045,38.86,0.7030
123.534,368.076,12.42,0.3778
138.288,367.850,12.20,0.2500
158.752,368.001,12.33,0.2500
166.436,368.000,6.85,0.2500
173.614,368.000,7.00,0.2500
202.614,368.371,24.13,0.4074
217.584,368.000,6.42,0.2500
250.549,368.000,6.99,0.2500
348.000,368.000,7.58,0.2500
353.081,369.000,55.61,1.2000
357.015,368.091,203.14,1.0638
361.878,367.600,33.72,0.4338
369.342,368.046,86.45,0.9033
405.000,369.000,103.72,1.1563
405.505,369.000,99.01,1.2000
405.603,369.000,121.91,1.2000
406.129,369.000,111.91,1.2000
421.000,367.302,33.73,0.9720
422.000,367.004,52.46,1.2000
422.032,367.011,52.84,1.2000
422.475,367.000,53.34,1.2000
450.000,368.099,40.31,1.2000
450.448,368.131,40.71,1.2000
8.000,369.000,5.48,0.2500
24.265,368.756,28.76,0.5105
50.000,369.499,9.96,0.2500
141.467,368.536,45.12,0.5394
230.000,369.000,8.78,0.2500
337.143,369.411,9.03,0.2500
369.344,368.004,88.91,0.9241
376.000,368.504,9.64,0.2500
382.407,368.871,13.90,0.2500
440.933,369.387,6.48,0.2500
456.477,369.000,5.88,0.2500
459.000,369.420,8.47,0.2500
489.305,368.990,101.35,1.1075
489.333,368.979,105.10,1.1418
490.000,368.999,82.27,0.9954
503.000,369.000,4.38,0.2500
92.007,369.501,6.84,0.2500
95.503,370.058,16.27,0.2500
123.000,369.687,7.07,0.2500
297.494,370.000,13.64,0.6171
297.499,370.000,13.28,0.5969
302.890,369.515,11.37,0.2500
348.000,370.000,6.10,0.2500
353.102,369.474,61.47,1.2000
432.392,369.500,20.81,0.4193
25.416,371.101,99.42,1.2000
35.992,370.992,4.38,0.2500
41.103,372.000,66.69,1.1970
132.437,371.000,10.47,0.2500
137.000,371.757,37.91,1.0793
153.072,370.592,29.60,0.2500
191.000,370.608,6.28,0.2500
249.651,371.000,5.78,0.2500
268.608,371.000,6.63,0.2500
294.608,371.000,7.16,0.2500
327.367,370.964,8.61,0.2500
468.367,371.190,8.54,0.2500
24.000,371.814,55.31,1.0084
55.000,372.611,56.34,1.2000
68.000,371.997,4.39,0.2500
71.999,372.500,14.93,0.5938
136.609,371.994,30.50,0.8586
160.366,371.653,27.56,0.5147
204.201,372.000,9.95,0.2500
238.991,372.000,5.51,0.2500
291.924,373.000,20.40,0.7695
302.000,372.453,21.49,0.2500
360.000,372.000,0.66,0.2500
377.066,372.000,8.07,0.2500
378.910,372.000,6.25,0.2500
392.569,372.000,1.12,0.2500
421.693,372.323,19.47,0.2500
425.092,372.009,5.24,0.2500
443.494,372.030,8.56,0.2500
473.500,372.289,10.00,0.2500
481.555,372.329,18.49,0.4245
55.444,372.700,47.40,1.0464
72.003,372.504,13.38,0.6022
83.135,373.000,10.40,0.2500
86.466,373.214,8.57,0.2500
148.000,373.335,40.53,1.2000
148.976,373.325,17.89,0.4021
206.999,373.001,8.43,0.2500
254.000,373.000,4.64,0.2500
277.703,373.000,19.91,0.2500
291.927,373.027,14.62,0.7779
349.718,373.000,6.91,0.2500
352.000,373.266,6.09,0.2500
364.682,373.537,48.02,0.7596
449.000,373.000,3.80,0.2500
40.735,373.510,84.60,0.9572
45.451,374.474,47.76,1.1387
55.417,373.000,54.83,1.2000
138.546,374.000,0.64,0.2500
145.014,374.415,20.98,0.4137
158.000,374.000,6.26,0.2500
184.597,374.000,7.63,0.2500
280.000,374.000,10.63,0.2500
291.925,373.021,20.75,0.7801
364.687,373.540,48.05,0.7603
460.000,373.574,9.51,0.2500
467.000,374.294,7.16,0.2500
503.372,374.380,27.44,0.6089
44.950,374.585,48.75,1.2000
56.000,374.500,11.53,0.2500
72.644,375.407,20.44,0.2893
119.000,375.000,4.35,0.2500
262.806,375.271,8.27,0.3872
269.000,375.259,5.64,0.2500
318.366,374.933,8.72,0.2500
323.994,375.006,0.08,0.2500
342.000,375.228,41.35,0.8959
385.107,374.659,25.17,0.7104
419.500,375.000,12.65,0.2500
450.736,375.362,9.02,0.2535
471.144,374.983,3.33,0.2500
6.321,376.453,58.36,1.2000
40.943,375.000,72.96,1.2000
54.246,376.419,7.53,0.2500
68.545,376.000,7.33,0.2500
130.751,376.000,4.72,0.2500
137.566,376.591,17.48,0.6437
152.949,375.699,155.64,0.9293
189.000,376.122,34.83,0.9206
189.538,376.119,45.57,1.1144
189.783,376.159,50.63,1.2000
190.260,376.185,43.05,1.0901
201.482,375.753,10.29,0.2867
230.414,376.000,5.55,0.2500
237.397,376.000,16.99,0.2500
239.962,375.624,13.93,0.3785
242.471,375.945,19.05,0.2646
247.104,376.798,37.26,1.2000
252.000,376.000,5.97,0.2500
290.000,376.493,13.35,0.2500
338.000,375.600,6.55,0.2500
340.461,375.808,23.71,0.2500
345.486,376.839,19.76,0.9020
358.477,376.281,14.13,0.5630
361.649,375.592,52.74,0.6158
390.284,376.463,9.25,0.3262
399.991,376.035,7.21,0.2500
403.000,376.000,1.42,0.2500
422.037,376.087,3.51,0.2500
477.469,376.084,8.46,0.3063
488.000,376.500,16.75,0.2500
19.637,376.955,5.82,0.2500
49.328,377.385,78.43,1.2000
49.484,377.253,69.72,1.0594
135.644,377.285,27.90,1.2000
139.996,376.864,18.18,0.4498
146.401,377.000,15.49,0.2500
278.200,376.736,2.12,0.4586
314.322,376.998,1.51,0.2500
319.762,377.250,59.90,0.5543
328.000,377.000,3.83,0.2500
332.000,377.000,3.53,0.2500
382.311,377.498,9.03,0.2500
392.457,376.846,11.63,0.4355
424.456,376.896,10.79,0.3730
481.441,377.000,1.98,0.2500
488.000,377.500,26.63,0.5987
74.995,378.817,34.04,0.7919
80.914,378.035,28.42,0.8715
81.212,378.035,34.05,1.0135
81.324,378.006,31.15,0.9310
82.000,378.001,23.43,0.7457
118.183,377.807,47.91,1.2000
121.101,378.127,60.68,1.2000
132.000,379.000,43.96,1.2000
144.000,378.000,6.10,0.2500
161.518,377.608,15.70,0.4289
217.438,378.161,5.53,0.2500
244.395,377.887,12.22,0.2500
252.000,378.000,10.18,0.2500
273.000,378.487,13.15,0.2500
282.704,377.361,31.67,0.7812
287.000,378.272,6.68,0.2500
309.058,378.281,59.56,0.8669
317.424,378.000,1.30,0.2500
397.542,377.418,80.99,0.9971
436.549,378.462,40.55,0.7578
488.000,377.504,27.25,0.6158
506.917,379.000,106.90,1.0193
70.600,378.691,6.71,0.2500
112.740,379.069,62.04,1.1699
130.524,379.099,30.60,0.5315
137.515,379.247,10.35,0.2758
208.158,379.339,21.46,0.6373
213.000,379.000,3.36,0.2500
255.349,378.867,27.87,0.3921
256.609,378.725,69.15,1.2000
269.991,378.678,14.30,0.2928
275.000,378.576,10.83,0.2500
278.295,379.398,9.00,0.2532
314.654,379.346,25.13,0.4058
332.000,379.000,4.36,0.2500
335.000,379.000,4.19,0.2500
345.572,378.146,33.38,0.8450
395.035,378.965,10.32,0.2500
423.437,379.085,10.35,0.2500
473.500,379.000,10.46,0.2500
478.863,378.633,24.14,0.6695
488.000,378.500,16.75,0.2500
47.617,379.845,107.14,1.0962
55.000,380.434,18.69,0.8143
56.586,380.201,10.13,0.2500
76.000,379.060,41.70,1.2000
79.000,379.199,25.81,1.2000
79.767,379.000,29.44,1.2000
100.492,380.298,13.31,0.2500
127.000,380.451,6.73,0.2500
142.084,379.984,16.40,0.4662
152.905,379.000,65.03,1.2000
157.767,380.165,12.32,0.5804
169.000,380.000,8.05,0.2500
211.000,380.000,1.48,0.2500
228.168,379.684,15.49,0.2500
236.464,380.238,14.62,0.8945
238.738,380.449,8.44,0.2620
247.508,379.419,25.25,1.1332
280.483,380.000,10.85,0.2500
377.341,381.000,20.21,0.8052
442.602,380.000,33.19,0.2500
470.412,379.334,33.37,0.7564
491.711,380.000,5.24,0.2500
500.000,380.129,0.89,0.2500
506.309,380.691,161.66,1.2000
30.683,381.317,5.14,0.2500
82.832,381.448,9.02,0.2500
112.336,380.000,56.71,1.2000
137.000,381.434,43.10,0.9170
170.993,380.912,10.97,0.5505
219.259,381.430,6.65,0.2779
264.000,381.471,12.20,0.2500
313.530,381.081,30.72,0.5762
349.824,381.453,31.02,0.6055
354.988,381.000,5.47,0.2500
377.494,381.481,24.95,0.9557
399.104,380.603,8.00,0.2500
53.211,382.384,8.08,0.3219
112.030,381.000,37.08,1.0759
132.605,381.887,37.46,0.9243
136.353,381.851,11.06,0.4613
200.771,382.475,8.92,0.2500
267.541,382.000,7.12,0.2500
302.607,381.677,29.89,0.3506
309.112,382.266,89.51,0.6988
347.033,382.462,11.68,0.2500
377.713,381.635,31.80,1.2000
397.000,382.000,3.34,0.2500
482.000,382.000,0.41,0.2500
497.226,382.114,73.91,0.9392
504.498,381.922,54.77,0.3305
1.902,382.585,51.26,1.2000
3.424,382.557,40.16,0.9865
236.000,383.000,4.38,0.2500
238.000,383.000,3.29,0.2500
254.500,383.000,15.76,0.2500
254.500,383.000,17.67,0.2500
257.492,383.146,22.17,0.6650
257.500,383.152,21.70,0.6490
324.387,383.378,15.12,0.2504
380.245,382.623,11.50,0.4947
393.000,383.253,4.91,0.2500
471.000,382.899,5.87,0.2500
476.033,383.384,85.87,1.1394
480.000,382.626,5.25,0.2500
63.706,384.000,6.97,0.2500
75.699,384.128,21.63,0.4482
92.500,384.000,14.65,0.2500
93.500,384.000,23.30,0.5987
93.500,384.000,23.30,0.5987
94.500,384.000,14.65,0.2500
159.824,384.623,20.25,1.0100
162.524,384.000,21.42,0.2500
208.281,384.281,7.59,0.2500
249.212,384.000,4.93,0.2500
279.000,384.608,42.33,0.8501
362.000,384.361,47.84,0.8019
399.000,384.000,3.87,0.2500
464.069,384.257,4.83,0.2500
61.000,385.000,8.83,0.2500
83.887,385.196,85.44,1.2000
84.047,385.145,82.48,1.2000
97.230,385.450,37.11,1.2000
103.413,385.000,9.31,0.2500
252.500,385.449,44.94,0.5819
271.794,385.421,24.00,0.2754
282.559,385.194,60.67,0.6430
285.917,385.413,43.20,0.7909
323.001,385.234,9.12,0.2500
349.703,385.000,9.61,0.2500
410.653,385.000,0.67,0.2500
469.733,385.385,8.71,0.3579
81.271,386.191,15.67,0.2500
97.247,385.996,38.16,1.2000
125.483,385.796,18.04,0.6289
162.328,386.000,6.59,0.2500
196.269,386.000,4.45,0.2500
214.000,386.000,5.41,0.2500
267.000,386.955,108.92,1.0262
301.974,385.918,383.75,1.2000
344.000,386.000,7.33,0.2500
357.209,386.202,160.63,1.2000
375.000,386.374,5.17,0.2500
409.018,385.996,5.72,0.2500
497.535,386.057,31.54,0.6668
2.007,386.945,43.72,0.6364
60.279,387.013,6.40,0.2500
67.000,387.000,3.29,0.2500
76.000,387.000,3.81,0.2500
92.500,387.000,12.50,0.2500
93.500,387.000,23.30,0.5987
93.500,387.000,23.30,0.5987
94.500,387.000,14.65,0.2500
141.435,387.935,73.33,1.2000
163.998,386.980,1.05,0.2500
246.532,386.634,1.36,0.5288
335.000,387.000,5.12,0.2500
370.545,387.000,7.33,0.2500
405.000,386.708,24.96,0.8099
405.711,386.760,34.77,1.0464
405.648,386.755,34.14,1.0311
413.000,387.317,14.13,0.2500
460.964,387.360,17.98,0.4285
44.258,388.500,12.01,0.2500
135.000,388.000,7.67,0.2500
157.642,387.566,7.82,0.3900
166.499,388.315,26.32,1.2000
170.000,388.000,6.56,0.2500
234.000,388.404,6.57,0.2500
255.591,387.921,4.54,0.2500
272.479,388.000,0.71,0.2500
298.483,388.280,351.24,1.2000
325.000,388.000,3.51,0.2500
352.185,387.798,13.33,0.3101
356.000,387.000,131.46,1.2000
400.000,388.468,10.35,0.2500
444.100,388.513,9.59,0.4186
463.955,388.000,8.07,0.2500
476.000,388.000,4.38,0.2500
505.000,388.000,0.44,0.2500
49.993,388.993,5.48,0.2500
105.980,388.603,6.74,0.2500
115.610,388.712,17.66,0.5561
120.674,389.397,38.84,0.9087
141.000,389.067,76.95,1.2000
141.479,389.093,84.25,1.2000
141.445,389.037,83.50,1.2000
142.000,389.035,75.26,1.2000
176.000,388.781,5.63,0.2500
236.614,389.000,22.04,0.2500
246.000,389.000,4.65,0.2500
250.000,388.528,13.13,0.2500
265.000,388.338,103.38,1.2000
312.304,388.993,29.20,0.5109
467.000,389.000,17.78,0.2500
487.896,389.000,12.45,0.2500
498.000,389.000,0.40,0.2500
6.839,390.446,11.29,0.3240
141.000,389.459,72.98,1.2000
141.480,389.442,80.28,1.2000
141.467,389.414,79.32,1.2000
142.000,389.441,71.39,1.2000
165.544,390.000,8.61,0.2500
168.878,390.000,4.67,0.2500
286.790,390.049,33.56,0.3659
298.392,389.000,276.80,1.1087
372.000,390.000,11.38,0.2500
410.743,390.183,11.69,0.3384
84.151,390.627,15.50,0.3778
99.607,390.814,7.94,0.3628
141.464,390.000,71.83,1.2000
141.489,390.000,70.60,1.2000
142.000,390.000,59.28,1.1172
224.000,390.121,71.54,1.0316
280.000,391.000,5.48,0.2500
296.000,390.635,17.80,0.2500
317.000,391.000,4.90,0.2500
348.391,391.211,12.43,0.2932
351.291,390.892,20.53,0.6001
374.000,391.000,3.58,0.2500
376.816,391.390,10.65,0.2937
406.387,390.983,9.43,0.3481
443.765,391.256,31.78,1.2000
448.437,390.939,15.93,0.7370
455.484,391.588,21.14,0.8664
466.359,391.000,0.73,0.2500
494.738,390.793,25.58,0.5826
62.000,391.993,8.81,0.2500
107.946,393.000,33.58,1.2000
160.000,392.000,4.33,0.2500
204.621,391.996,16.70,0.5669
207.054,391.786,9.77,0.4870
227.400,392.000,20.18,0.2500
234.811,391.987,6.96,0.2500
239.308,391.999,6.10,0.2500
243.003,392.456,5.82,0.2500
284.455,392.000,5.04,0.2500
307.312,392.291,231.92,0.9430
378.906,392.000,4.19,0.2500
445.253,392.423,34.65,1.2000
490.269,392.000,0.90,0.2500
35.627,393.507,23.20,0.9004
96.392,393.500,12.00,0.2501
132.000,393.482,6.75,0.2500
176.375,392.523,19.56,0.4631
229.888,392.816,9.22,0.2500
232.963,392.998,8.62,0.2500
246.000,393.023,4.53,0.2500
273.185,393.354,6.20,0.2500
277.715,392.720,18.46,0.2500
402.000,393.170,5.49,0.2500
438.017,392.645,58.61,0.8911
451.000,393.000,3.33,0.2500
455.554,392.000,30.12,1.2000
20.000,393.540,7.54,0.2500
96.392,393.500,12.00,0.2500
108.278,394.018,17.88,0.2500
235.000,394.000,3.56,0.2500
302.519,393.997,14.60,0.2500
345.437,394.045,93.24,0.8598
407.000,393.503,10.35,0.2500
455.493,393.240,24.84,1.2000
504.276,393.809,46.76,0.4060
506.706,394.420,30.05,0.3356
18.000,394.582,8.57,0.2500
136.984,394.680,26.64,0.7983
193.762,395.000,6.19,0.2500
264.386,394.424,24.74,0.8126
289.000,395.000,12.05,0.2500
298.540,395.000,2.84,0.2500
338.661,395.000,11.60,0.2500
361.833,395.096,16.48,0.4500
371.895,394.700,9.63,0.2500
376.093,395.415,23.10,0.2500
404.394,394.904,9.49,0.2500
444.643,394.641,18.46,0.4212
455.298,394.000,16.08,0.8776
49.590,395.760,17.45,0.4414
52.563,396.000,9.37,0.2500
146.954,395.254,90.34,1.2000
171.000,396.000,4.13,0.2500
198.600,395.687,7.89,0.2558
232.000,396.498,13.96,0.2500
245.760,396.079,9.80,0.2500
256.000,396.000,0.55,0.2500
261.594,396.157,14.07,0.4130
296.341,395.630,35.27,0.4004
386.448,396.000,17.48,0.2500
395.469,396.166,9.60,0.2500
20.360,397.161,5.25,0.2500
29.016,396.782,8.42,0.3532
34.783,397.238,0.69,0.2500
37.605,397.179,14.24,0.2536
60.000,397.445,6.79,0.2500
86.288,397.462,21.65,0.2500
160.000,397.000,3.45,0.2500
329.412,397.000,2.94,0.2500
336.618,397.000,6.21,0.2500
432.392,397.500,31.84,0.2500
55.000,398.238,7.48,0.2500
106.845,397.549,32.40,0.3480
128.326,397.556,8.44,0.2500
142.110,398.467,18.69,0.8550
168.134,397.571,10.17,0.2500
203.697,398.138,37.14,0.7065
236.000,398.471,8.20,0.2500
309.204,398.000,6.85,0.2500
389.499,397.642,20.74,0.2863
6.168,398.590,7.04,0.3004
38.255,398.000,36.57,1.1543
141.689,398.703,25.61,1.1153
196.602,398.802,16.80,0.7417
196.648,398.808,18.19,0.7620
197.000,398.872,17.52,0.7536
233.616,399.000,13.20,0.2500
257.567,399.000,10.70,0.2500
362.000,399.165,0.87,0.2500
365.000,399.000,4.19,0.2500
398.050,399.962,68.07,1.1707
410.741,400.000,30.75,0.7591
424.875,399.906,99.41,1.2000
482.586,399.000,6.55,0.2500
36.000,400.000,0.44,0.2500
57.511,400.011,8.09,0.2500
79.000,400.367,7.02,0.2500
82.000,400.000,9.54,0.2500
155.815,400.498,40.86,0.8699
166.313,400.335,41.56,0.9258
171.668,400.785,80.82,1.2000
177.122,399.711,164.06,1.0439
245.986,400.014,7.89,0.2500
293.365,400.000,17.80,0.2500
328.784,400.000,2.63,0.2500
332.798,401.000,89.89,1.2000
424.849,399.805,97.67,1.2000
425.036,399.745,92.17,1.2000
439.486,400.316,45.36,0.5494
444.000,400.318,6.83,0.2500
20.363,401.365,29.34,0.4701
28.420,401.500,15.09,0.2500
72.006,400.801,9.64,0.2646
230.284,401.422,43.34,0.8149
263.000,401.000,0.36,0.2500
398.034,400.118,71.75,1.2000
410.641,401.286,51.29,1.1191
431.000,401.384,12.12,0.2500
4.359,402.000,5.82,0.2500
11.085,402.386,17.32,0.6819
15.322,401.968,37.25,0.8144
28.420,401.500,16.00,0.2500
88.028,402.058,17.30,0.5745
237.534,401.752,9.90,0.2500
271.000,401.515,17.10,0.2500
285.361,402.318,19.39,0.4849
288.565,401.718,23.39,0.5920
326.819,402.000,6.56,0.2500
332.728,402.323,88.94,0.5616
370.000,402.979,58.85,1.2000
410.637,401.526,45.15,1.0017
490.000,402.349,11.52,0.2500
22.442,402.760,45.02,1.2000
227.992,402.679,73.06,1.2000
277.777,403.173,323.65,1.1412
316.000,403.000,7.67,0.2500
348.000,402.838,2.42,0.2500
410.658,402.007,35.57,0.8287
440.000,402.000,24.96,1.0032
499.629,402.848,72.68,0.9078
499.719,402.870,78.88,0.9830
74.461,403.927,3.63,0.2500
80.224,404.581,55.45,0.9117
151.611,404.688,90.06,1.1198
179.188,403.546,6.97,0.2500
192.496,404.444,56.58,0.7057
200.000,404.000,4.27,0.2500
208.000,404.000,0.39,0.2500
226.000,403.726,47.04,1.0117
245.754,404.211,0.52,0.2500
253.000,404.000,0.55,0.2500
283.608,403.948,10.43,0.2500
304.369,404.000,4.90,0.2500
370.812,403.562,24.71,0.5004
400.000,404.000,6.57,0.2500
444.466,404.000,12.57,0.2500
446.531,404.105,0.45,0.2500
11.219,404.726,8.15,0.4465
16.000,405.308,9.43,0.2500
46.622,405.148,8.81,0.5738
97.000,404.619,8.56,0.2500
194.000,404.660,67.26,1.2000
236.432,405.055,26.75,0.2992
263.000,404.527,4.13,0.2500
272.522,404.854,16.30,0.3725
281.502,405.000,10.13,0.2500
287.000,405.000,8.50,0.2500
344.000,405.000,3.90,0.2500
346.000,404.715,4.01,0.2500
349.372,405.342,31.46,0.2593
449.000,405.000,8.19,0.2500
503.716,404.461,18.93,0.3944
63.136,405.972,4.52,0.2500
78.971,405.274,65.84,1.2000
109.890,406.001,18.72,0.7409
122.456,406.000,14.59,0.2500
142.348,405.500,13.76,0.3700
153.000,405.425,80.52,1.2000
156.354,406.365,23.53,0.5664
206.000,406.000,6.75,0.2500
266.587,406.000,11.51,0.2500
306.563,406.000,1.05,0.2500
333.000,406.000,8.20,0.2500
367.712,406.317,7.94,0.2533
7.840,406.980,7.87,0.3076
12.000,407.000,0.83,0.2500
38.000,406.563,6.93,0.2500
119.000,407.367,8.31,0.2500
195.984,406.648,13.34,0.3366
208.000,406.608,7.76,0.2500
240.001,406.533,5.79,0.2500
320.238,406.918,169.85,1.2000
326.000,406.705,10.54,0.2500
351.514,406.613,41.81,1.2000
360.970,406.050,59.77,1.0037
366.337,406.660,14.67,0.3692
392.188,407.022,40.36,0.7461
423.363,407.847,19.52,0.6211
436.086,407.365,13.58,0.4687
479.169,406.721,97.78,0.8755
43.981,408.019,4.38,0.2500
52.000,409.000,40.01,1.1208
68.237,408.015,23.71,0.2500
79.833,407.938,60.03,0.9739
92.000,408.331,4.19,0.2500
132.129,408.000,5.11,0.2500
134.581,408.000,7.43,0.2500
148.492,408.199,116.35,1.2000
153.941,407.000,51.02,1.2000
176.115,407.991,55.99,1.0870
182.109,408.392,5.57,0.3173
187.000,408.449,5.85,0.2500
211.597,407.759,67.62,0.2500
259.538,407.477,104.30,0.8616
276.000,408.000,0.98,0.2500
317.000,407.773,52.57,1.2000
343.000,408.000,0.43,0.2500
350.000,408.486,13.66,0.2500
355.032,407.401,50.19,1.1385
357.570,407.833,10.65,0.2500
389.301,407.861,10.52,0.3267
396.315,409.000,28.18,0.8203
423.363,407.848,19.54,0.6216
423.363,407.848,19.54,0.6217
427.081,408.394,9.56,0.2500
442.000,408.803,91.32,0.9145
449.500,408.417,54.08,0.4226
488.424,408.196,11.67,0.3657
508.000,408.000,1.97,0.2500
38.569,409.000,6.53,0.2500
48.811,409.000,8.44,0.2500
53.192,409.469,47.17,1.0506
53.326,409.491,43.11,0.9682
56.996,409.005,4.13,0.2500
59.003,409.004,5.09,0.2500
71.561,408.835,48.77,0.5837
121.647,409.469,32.46,1.0052
137.474,409.462,19.39,0.5893
214.933,409.006,9.36,0.2500
222.809,408.969,10.60,0.2500
254.000,408.558,5.42,0.2500
256.000,409.000,6.22,0.2500
298.699,408.574,14.11,0.3363
310.000,408.964,6.93,0.2500
372.826,409.552,16.91,0.5236
396.099,409.896,45.90,1.2000
400.000,409.000,4.07,0.2500
436.352,408.000,25.95,1.0181
443.707,409.466,125.87,0.7248
453.000,409.000,4.85,0.2500
496.185,409.434,11.18,0.2500
504.000,409.000,4.38,0.2500
29.000,410.000,2.37,0.2500
52.896,409.470,39.64,0.9128
53.189,409.449,47.56,1.0588
53.326,409.482,43.16,0.9692
69.210,409.737,148.86,1.2000
121.670,409.496,35.21,1.0827
132.985,410.028,5.18,0.2500
153.596,409.000,29.78,1.2000
246.000,410.000,5.16,0.2500
259.000,409.638,20.70,0.2500
267.994,410.006,1.67,0.2500
313.235,410.503,115.41,1.2000
331.298,409.895,4.02,0.4021
340.000,410.000,5.54,0.2500
396.133,409.716,45.02,1.2000
437.327,411.000,41.79,1.2000
437.255,411.000,42.27,1.2000
443.711,409.469,125.57,0.7229
43.944,411.040,6.63,0.2500
67.657,410.898,113.00,1.2000
213.221,411.045,15.14,0.3822
249.318,410.601,36.40,0.2500
256.000,411.000,4.67,0.2500
273.500,411.000,8.37,0.2500
273.500,411.000,8.37,0.2500
346.127,410.906,21.15,0.7546
356.000,411.000,3.35,0.2500
364.967,411.064,22.33,0.7779
412.258,411.000,6.29,0.2500
421.452,411.040,10.09,0.3722
480.000,411.000,7.09,0.2500
57.564,411.683,14.38,0.5603
64.610,411.919,31.35,0.2500
68.136,411.000,110.50,1.2000
71.000,411.000,32.43,1.2000
81.282,412.904,37.14,0.9443
107.061,411.598,9.17,0.2596
140.000,411.869,4.93,0.2500
151.369,411.000,54.79,1.1389
209.501,413.000,21.00,0.8296
209.501,413.000,21.07,0.8326
215.585,412.058,14.57,0.3884
230.000,412.500,18.84,0.2500
233.615,412.259,21.52,0.2500
245.175,412.462,164.15,0.8952
313.239,411.000,105.87,1.2000
325.499,412.354,14.75,0.2500
330.915,412.298,23.06,0.4061
336.205,412.271,8.57,0.5216
350.948,412.000,4.83,0.2500
437.355,411.694,29.34,0.8089
437.352,411.692,29.46,0.8122
502.000,412.336,1.24,0.2500
51.000,413.000,4.52,0.2500
62.782,412.711,85.51,0.5478
66.000,412.000,114.90,1.2000
117.208,414.000,22.87,0.9917
142.050,413.000,6.60,0.2500
161.332,413.546,28.18,0.7751
209.539,413.525,26.88,1.0047
209.529,413.516,27.01,1.0095
230.000,413.500,29.96,0.5987
304.349,412.662,145.33,1.1604
369.000,413.736,16.27,0.8702
382.801,413.434,16.49,0.6338
420.423,413.248,18.60,0.6440
467.276,412.505,12.78,0.2702
474.642,413.461,1.75,0.5064
507.000,412.932,63.75,0.9525
508.689,412.402,81.82,0.9525
84.211,413.595,10.40,0.2500
111.000,414.000,4.58,0.2500
113.995,413.602,9.73,0.2500
117.000,414.064,22.04,0.9638
120.000,414.326,5.21,0.2500
230.000,413.500,17.33,0.5987
237.946,415.000,201.86,1.2000
272.416,413.928,0.31,0.2500
301.000,413.810,43.71,1.2000
341.652,413.481,54.35,1.0465
350.000,414.300,4.93,0.2500
369.603,414.014,11.17,0.5381
406.198,413.684,4.77,0.2500
409.000,414.386,15.59,0.2500
68.007,414.000,70.32,1.0480
105.176,414.614,9.89,0.2500
107.511,414.622,12.22,0.4494
141.000,415.020,3.82,0.2500
160.000,416.000,68.10,1.2000
178.651,415.313,34.96,1.2000
220.501,415.104,189.02,0.8173
226.689,414.571,25.67,0.3840
230.000,414.500,18.84,0.2500
296.732,414.950,37.30,0.7261
330.959,414.000,28.59,0.9625
385.659,415.446,8.20,0.2500
411.000,414.500,9.70,0.2500
416.192,414.492,13.63,0.5155
462.476,415.092,48.94,0.6265
462.476,415.092,48.94,0.6266
472.269,414.919,60.50,0.8458
478.355,415.187,35.74,0.4644
57.050,415.799,55.70,0.7641
63.009,415.991,4.15,0.2500
81.998,415.087,37.28,0.8418
126.261,416.129,1.64,0.5421
144.123,416.122,3.72,0.2500
154.609,416.354,28.53,0.6242
179.731,415.910,11.79,0.3100
186.995,415.995,5.88,0.2500
210.735,415.978,18.87,0.3264
216.719,415.617,101.03,0.5505
238.079,416.624,394.07,1.1805
252.510,416.404,46.06,0.2500
263.000,416.000,0.77,0.2500
267.000,416.560,65.66,0.7409
300.230,416.347,24.82,0.4119
347.460,416.087,9.33,0.2861
402.743,416.291,14.61,0.4591
421.982,416.418,8.48,0.4815
448.330,416.197,8.26,0.2895
467.000,416.000,7.63,0.2500
487.000,416.000,8.76,0.2500
500.577,416.020,33.57,0.2500
39.089,417.360,76.38,0.8802
48.413,417.148,33.59,0.4488
53.693,417.000,13.13,0.2500
130.857,417.502,13.04,0.2500
183.000,417.000,6.90,0.2500
243.308,416.768,30.93,0.4061
258.028,417.028,8.67,0.2500
265.670,417.406,115.05,1.2000
271.000,417.202,7.75,0.2500
292.108,416.860,21.58,0.2500
325.491,416.710,12.03,0.2500
362.521,417.467,81.44,0.4892
460.000,418.000,103.99,1.2000
497.108,416.537,43.08,0.5904
35.166,417.909,23.82,0.6514
56.380,418.000,14.01,0.2500
104.000,417.545,6.16,0.2500
129.245,418.000,4.98,0.2500
130.857,417.502,13.04,0.2500
137.677,418.440,13.75,0.5278
161.472,417.444,131.68,1.2000
161.460,417.477,126.51,1.1640
180.468,418.136,34.94,0.2735
212.728,417.672,9.69,0.2500
264.000,418.575,129.08,1.2000
296.000,418.000,6.68,0.2500
385.469,418.165,7.01,0.2500
456.471,418.000,11.21,0.2500
493.758,418.472,142.84,0.6858
4.669,418.591,27.69,0.2500
21.000,420.000,47.62,1.2000
50.348,419.011,26.71,0.4497
109.000,420.000,90.20,1.1786
125.371,419.107,12.12,0.2926
133.708,418.733,5.71,0.2500
181.000,418.255,57.53,0.7738
195.319,420.000,56.15,1.1678
248.212,418.919,8.47,0.4449
413.663,419.502,83.65,1.1704
460.097,419.014,139.37,1.2000
475.126,419.498,15.11,0.2500
19.398,420.459,67.48,1.1116
42.902,419.534,15.87,0.2500
78.745,420.393,21.74,0.5586
152.354,419.744,106.22,1.2000
153.248,419.918,96.01,1.2000
154.998,420.458,89.00,1.2000
155.534,420.646,78.50,1.1091
175.066,419.967,4.53,0.2500
190.000,420.392,6.28,0.2500
203.743,419.950,16.48,0.3838
236.000,420.380,10.02,0.2500
259.000,419.710,4.09,0.2500
262.649,420.003,143.20,1.2000
282.563,420.000,10.47,0.2500
292.000,419.763,12.26,0.2500
354.506,420.000,18.48,0.2500
377.000,420.000,5.26,0.2500
475.126,419.498,15.11,0.2500
489.797,420.297,11.98,1.2000
507.226,420.288,49.05,1.2000
11.822,421.347,4.54,0.2500
19.394,420.421,67.75,1.1152
19.440,420.369,73.90,1.2000
82.968,421.282,12.48,0.2500
110.989,421.120,156.21,1.2000
111.454,421.283,162.36,1.2000
129.000,420.989,30.74,0.7740
129.588,420.923,18.48,0.2614
195.741,421.439,92.49,1.2000
206.318,421.436,9.59,0.2500
335.909,420.525,7.80,0.3015
357.610,421.000,11.01,0.2500
389.669,421.283,279.75,1.2000
446.771,420.551,7.67,0.2500
457.000,420.417,29.45,0.9812
464.355,421.000,25.03,0.2500
482.802,421.364,214.56,1.2000
487.798,420.963,119.40,1.1921
8.742,423.000,49.38,1.1150
35.000,421.545,14.66,0.2500
62.510,422.304,32.75,0.5391
195.801,421.481,84.26,1.1102
227.000,422.308,9.42,0.2500
244.643,422.165,33.45,0.3973
257.578,422.217,9.10,0.2500
378.000,422.000,7.57,0.2500
487.360,421.000,122.26,1.2000
4.825,423.739,70.57,1.2000
40.807,423.000,7.27,0.2500
55.158,422.715,6.65,0.2500
92.017,423.981,50.87,1.2000
134.740,422.572,18.76,0.3318
145.000,423.000,4.38,0.2500
175.368,423.207,10.50,0.3830
179.538,423.000,9.10,0.2500
200.344,422.387,26.90,0.6950
232.317,423.317,13.35,0.2500
256.281,422.902,13.32,0.4733
284.931,422.750,49.77,0.9194
297.548,423.000,7.48,0.2500
326.501,423.215,22.46,0.2500
348.001,423.001,3.88,0.2500
353.000,423.000,2.88,0.2500
361.000,423.000,0.83,0.2500
422.750,422.244,29.46,0.8817
451.328,422.537,9.13,0.3387
8.930,424.137,26.12,0.4763
34.481,424.000,0.63,0.2500
38.570,424.000,16.37,0.2500
44.000,424.435,9.95,0.2500
46.990,424.126,4.07,0.2500
71.414,423.798,6.09,0.2500
79.994,423.994,6.16,0.2500
82.000,424.000,4.94,0.2500
91.855,424.238,52.55,1.2000
127.525,424.000,6.68,0.2500
227.000,423.669,8.38,0.2500
254.459,424.000,11.95,0.2500
268.000,424.500,25.09,0.2500
292.852,424.775,11.69,0.6437
356.565,424.056,28.28,0.7224
384.559,424.458,42.71,0.6149
427.896,423.695,35.19,0.9891
456.000,424.000,5.10,0.2500
463.289,424.000,2.79,0.2500
468.190,424.009,45.85,0.5848
477.613,424.167,18.37,0.3216
500.144,424.088,138.71,1.1241
32.000,425.000,2.75,0.2500
89.129,425.663,61.47,1.2000
89.635,425.611,60.57,1.2000
136.774,424.588,10.30,0.2500
165.000,424.564,7.72,0.2500
175.000,424.000,51.03,1.2000
176.789,424.653,26.65,0.4597
187.400,425.000,4.79,0.2500
234.113,425.113,40.61,0.8590
247.413,425.000,1.15,0.2500
250.710,426.000,108.08,1.1221
268.000,425.500,43.27,0.5987
292.852,424.775,11.69,0.6434
334.608,425.000,6.28,0.2500
349.000,424.935,3.22,0.2500
365.500,425.500,35.21,0.2514
365.500,425.500,36.00,0.2500
3.922,425.000,43.63,1.2000
34.000,426.000,3.35,0.2500
39.327,426.000,0.32,0.2500
69.529,426.373,8.83,0.2500
89.118,425.671,59.87,1.2000
89.601,425.647,58.83,1.2000
90.200,425.559,54.40,1.2000
183.999,425.765,0.69,0.2500
204.000,425.500,0.06,0.2500
218.443,425.775,157.05,1.0071
234.178,425.178,38.28,0.8067
268.000,425.500,43.27,0.5987
308.000,426.000,3.75,0.2500
352.707,425.656,19.14,0.5866
358.000,425.504,27.48,1.2000
362.592,426.000,24.56,0.2500
365.500,425.500,36.00,0.2500
475.461,425.807,7.35,0.2500
480.356,426.000,11.17,0.2500
491.432,427.000,55.60,1.2000
11.000,427.001,5.20,0.2500
94.677,426.729,23.45,0.7589
113.365,427.000,10.94,0.2500
175.000,426.538,5.10,0.2500
186.000,427.000,8.27,0.2500
217.000,426.381,165.08,1.2000
245.317,428.000,86.32,1.2000
249.433,427.514,135.79,1.0417
268.000,426.500,27.21,0.2500
280.484,427.000,8.35,0.2500
287.879,427.810,45.78,1.2000
312.737,427.392,29.96,1.1002
328.000,427.000,5.00,0.2500
348.993,427.007,5.08,0.2500
351.000,427.499,9.51,0.2500
465.000,427.000,9.86,0.2500
495.000,427.000,5.45,0.2500
17.925,428.475,12.13,0.4958
22.767,428.000,0.73,0.2500
75.000,428.149,61.02,1.1674
79.441,428.126,38.07,1.0502
119.002,428.465,8.92,0.2500
132.001,428.001,9.86,0.2500
188.364,427.895,4.09,0.2500
225.488,427.941,4.89,0.4175
244.000,428.432,69.51,1.2000
274.910,428.000,0.47,0.2500
312.732,427.351,30.45,1.1145
320.904,427.609,34.80,0.5787
323.966,428.412,15.78,0.2762
331.000,427.610,7.58,0.2500
344.431,428.304,10.84,0.2500
377.515,427.757,58.82,0.6358
380.680,427.482,79.80,0.8642
429.536,428.358,16.90,0.2500
432.000,428.000,0.34,0.2500
443.981,427.981,4.39,0.2500
457.500,428.000,27.21,0.2500
457.500,428.000,21.46,0.2500
469.402,429.000,44.78,0.7922
478.583,428.073,19.61,0.2500
488.000,428.000,5.63,0.2500
491.253,428.467,89.91,0.8298
500.215,427.525,20.22,0.3227
17.925,428.475,12.13,0.4958
101.608,428.770,16.37,0.4513
106.284,428.619,5.87,0.3437
108.952,429.492,40.76,0.8680
109.378,429.500,49.54,1.0110
109.407,429.504,48.25,0.9880
179.000,429.000,4.13,0.2500
212.110,429.192,20.11,0.4182
215.611,428.000,107.80,1.0565
277.000,428.637,12.09,0.2500
287.189,428.857,51.25,1.2000
375.005,428.996,9.08,0.2500
407.327,428.827,5.88,0.3151
464.455,429.000,7.33,0.2500
469.228,429.227,48.35,0.8558
71.895,430.399,21.63,0.4990
79.412,429.000,37.27,1.1983
108.952,429.490,40.77,0.8683
109.378,429.488,49.58,1.0116
109.407,429.494,48.26,0.9881
113.197,430.000,4.18,0.2500
135.499,430.176,14.09,0.2803
210.463,430.000,12.45,0.2500
251.000,430.000,6.26,0.2500
290.464,430.237,24.16,0.5065
320.346,430.406,15.28,0.3218
435.000,429.500,8.37,0.2500
33.000,431.000,4.42,0.2500
75.294,430.000,26.45,1.2000
84.999,430.843,4.30,0.2500
116.007,430.601,16.56,0.2500
161.000,430.545,7.37,0.2500
178.525,431.000,18.91,0.2500
224.330,431.000,6.20,0.2500
239.036,432.000,105.60,1.2000
243.424,430.816,67.97,0.9575
292.552,430.980,12.24,0.2500
346.365,430.497,9.21,0.5818
370.513,430.749,29.19,0.9809
375.071,431.412,22.56,0.3354
380.742,431.000,5.94,0.2500
465.895,431.232,75.16,1.2000
468.000,432.000,110.87,1.2000
482.000,431.000,5.39,0.2500
27.952,432.234,12.76,0.2714
89.000,432.270,20.53,0.7873
89.513,432.290,26.09,0.9577
89.487,432.290,26.09,0.9577
90.000,432.270,20.53,0.7873
173.000,431.711,5.23,0.2500
187.000,432.000,4.18,0.2500
306.005,431.995,6.37,0.2500
354.681,432.203,10.08,0.3432
361.520,432.375,24.87,0.4629
361.520,432.375,24.88,0.4635
364.000,432.000,0.51,0.2500
372.985,431.991,7.24,0.2500
387.976,432.438,5.34,0.2500
391.000,432.000,4.38,0.2500
409.417,431.829,13.61,0.6284
464.000,431.368,26.59,0.8229
4.000,433.482,6.29,0.2500
99.914,432.875,6.92,0.2500
202.307,432.952,342.87,1.2000
203.090,432.716,299.76,1.1163
235.000,433.156,78.52,1.2000
236.792,432.848,122.25,1.1652
404.046,433.496,15.70,0.2500
470.106,432.976,221.18,1.1278
476.000,433.040,3.46,0.2500
488.135,433.000,12.62,0.2500
494.153,432.757,16.05,0.6590
507.075,432.707,218.87,1.2000
24.790,434.626,93.63,1.2000
114.595,434.139,14.15,0.3965
175.425,434.281,7.59,0.2500
212.553,434.082,20.19,0.2500
225.535,434.000,4.28,0.2500
367.000,433.557,7.84,0.2500
374.379,434.153,13.50,0.2500
399.033,434.719,65.62,1.2000
29.000,435.000,2.10,0.2500
38.684,434.683,10.26,0.2500
126.000,434.559,71.96,1.2000
127.363,434.724,82.47,0.4868
200.849,434.000,257.16,1.2000
256.276,435.000,13.94,0.2500
331.000,435.401,18.78,0.2500
351.431,436.000,60.37,1.2000
354.000,435.206,24.46,0.9009
401.574,435.187,8.35,0.2784
11.056,436.000,3.62,0.2500
16.885,436.354,13.95,0.5217
46.270,436.324,11.43,0.2958
166.000,436.000,4.81,0.2500
228.588,436.000,6.54,0.2500
235.193,435.538,15.78,0.2500
279.124,436.308,8.11,0.3237
320.163,436.000,4.52,0.2500
323.004,436.004,6.22,0.2500
328.256,436.000,3.89,0.2500
342.957,435.548,6.61,0.2500
399.280,435.000,69.31,1.2000
422.162,435.527,20.46,0.2521
423.000,435.591,58.61,1.2000
464.229,435.551,11.71,0.2500
489.547,436.037,85.58,0.7126
23.598,436.900,126.40,1.2000
153.667,437.333,78.44,0.3881
188.024,437.615,84.15,1.1960
188.042,437.567,83.64,1.1909
207.036,437.097,47.54,0.6628
226.591,437.099,6.10,0.2500
232.000,437.000,10.20,0.2500
254.407,437.027,11.11,0.2500
351.275,436.000,60.22,1.2000
399.564,436.000,55.66,1.2000
460.377,436.555,34.17,0.6860
473.542,437.000,3.14,0.2500
486.048,437.415,275.01,1.2000
496.339,437.339,6.18,0.2500
127.781,438.032,6.86,0.2862
156.719,438.000,12.48,0.2500
187.746,438.015,87.16,1.2000
187.819,437.893,88.07,1.2000
204.225,438.242,9.23,0.2500
346.791,437.761,28.40,1.1691
365.382,437.888,0.75,0.2500
13.000,438.978,64.87,0.9428
50.093,438.497,18.97,0.3467
159.999,438.999,6.45,0.2500
170.741,439.000,5.51,0.2500
183.487,439.000,27.13,0.2838
226.233,439.471,15.98,0.3659
229.026,439.415,61.77,1.0604
229.094,439.344,58.13,1.0030
239.000,439.000,5.14,0.2500
296.364,438.636,8.39,0.2500
316.447,439.024,7.17,0.2500
345.187,438.682,9.00,0.2500
401.766,439.000,7.27,0.2500
423.533,439.153,8.50,0.2500
434.000,439.000,4.79,0.2500
447.000,439.359,0.55,0.2500
462.684,439.000,5.01,0.2500
484.000,438.000,83.39,1.2000
7.000,440.000,1.93,0.2500
11.449,439.630,84.12,0.9368
16.000,440.000,4.50,0.2500
32.000,440.500,10.47,0.2500
36.661,439.999,7.69,0.2500
66.713,440.000,3.72,0.2500
180.469,440.165,1.21,0.2500
205.830,439.870,10.68,0.4257
273.000,440.422,15.57,0.6819
278.000,439.524,13.49,0.2500
360.593,440.000,14.94,0.2500
454.571,440.000,15.60,0.2500
32.000,441.500,16.64,0.5987
57.589,440.827,24.24,0.4383
130.557,441.092,8.68,0.5387
144.000,441.000,3.29,0.2500
146.494,440.598,10.84,0.2503
187.059,440.235,73.21,1.1895
250.989,440.989,9.77,0.2500
355.928,441.007,13.11,0.2500
374.952,441.234,17.67,0.3949
32.000,441.500,16.64,0.5987
68.000,442.000,0.22,0.2500
113.506,441.483,53.60,1.0029
113.507,441.491,54.83,1.0233
149.713,442.000,4.59,0.2500
186.866,441.000,67.15,1.2000
295.907,442.000,23.44,0.3716
305.430,442.012,5.69,0.2500
441.862,442.010,105.87,1.1409
450.550,441.874,4.22,0.5215
481.375,441.905,116.96,1.2000
14.736,442.703,27.53,0.4545
32.000,442.500,10.47,0.2500
99.554,442.910,6.52,0.2737
113.501,442.000,41.97,0.8296
113.506,442.000,42.47,0.8388
145.840,443.000,4.34,0.2500
174.392,443.000,4.75,0.2500
200.893,442.738,105.28,1.2000
201.639,442.601,111.38,1.2000
224.000,442.631,10.47,0.2500
258.522,442.813,18.53,0.4870
258.522,442.814,18.20,0.4873
277.000,442.990,6.53,0.3127
280.500,443.000,8.37,0.2500
280.500,443.000,3.01,0.2500
289.631,442.586,24.61,0.2911
308.443,442.622,13.21,0.4246
342.000,443.000,4.93,0.2500
359.806,443.176,42.09,0.5829
361.000,443.351,73.87,1.0385
434.636,443.077,22.59,0.3981
436.000,443.058,26.06,0.7770
446.420,443.518,152.25,1.0327
485.000,442.999,94.97,1.1648
486.000,442.834,52.17,0.7795
8.000,443.786,1.27,0.2500
12.049,443.824,1.31,0.2500
41.000,444.000,3.45,0.2500
60.112,444.414,42.32,1.2000
69.831,444.459,35.21,0.5135
247.000,444.000,8.74,0.2500
383.005,444.175,12.11,0.6293
408.000,444.509,87.25,1.1727
424.805,444.000,0.94,0.2500
427.931,444.432,18.49,0.2500
461.000,444.498,12.95,0.2500
474.000,443.691,9.42,0.2500
484.007,443.000,112.66,1.2000
506.000,444.000,4.38,0.2500
4.621,446.000,136.37,1.1682
56.610,444.714,19.67,0.8385
72.947,445.199,52.28,0.6699
168.479,445.403,185.19,1.0054
295.276,445.399,42.40,0.7834
354.624,445.000,0.88,0.2500
371.857,445.600,42.07,0.6045
398.630,444.968,26.81,0.7531
406.808,444.847,106.19,1.2000
431.000,445.500,12.56,0.2500
444.514,445.397,228.34,1.2000
456.365,445.176,149.41,1.1318
4.000,446.486,138.96,1.2000
4.414,446.433,149.34,1.2000
17.000,445.516,13.83,0.2500
95.250,447.000,89.34,1.0520
188.000,446.000,5.36,0.2500
348.395,446.000,13.14,0.2500
368.690,445.504,13.01,0.2500
431.000,445.500,12.26,0.2500
436.328,446.152,2.89,0.2500
476.218,445.614,5.28,0.2500
5.000,446.279,137.69,1.1888
23.511,446.544,33.65,1.1223
41.000,447.000,5.48,0.2500
60.339,446.022,27.81,0.8781
68.529,446.691,49.51,1.2000
72.929,446.020,89.53,1.2000
108.407,448.000,75.34,1.2000
141.000,447.000,3.42,0.2500
166.784,446.000,215.71,1.2000
219.000,447.000,6.00,0.2500
233.500,446.553,24.00,0.2500
233.500,446.553,24.00,0.2500
247.000,447.000,6.57,0.2500
268.021,447.021,2.63,0.2500
290.606,446.647,30.85,0.6843
336.177,446.608,9.81,0.3597
357.590,447.000,12.28,0.2500
442.000,446.076,79.94,1.2000
445.000,446.000,189.56,1.2000
454.000,446.850,67.55,1.2000
2.591,448.026,53.85,0.4505
16.375,448.311,1.49,0.4441
95.042,447.935,63.89,0.5468
98.958,448.008,8.29,0.2500
148.000,448.000,4.38,0.2500
178.802,447.661,6.05,0.2500
189.000,448.000,6.83,0.2500
230.729,448.067,4.06,0.2500
242.195,448.116,29.76,0.9494
242.331,448.114,26.10,0.8339
255.608,448.000,4.74,0.2500
271.671,447.735,18.30,0.3963
296.000,448.589,58.57,1.2000
300.000,447.546,8.85,0.2500
302.999,448.227,4.34,0.2500
328.455,448.000,7.33,0.2500
342.951,448.100,102.42,1.2000
351.983,447.684,30.08,0.8087
362.201,448.465,7.10,0.2500
425.000,447.712,7.93,0.2500
438.375,448.119,161.54,0.8767
438.392,448.111,161.29,0.8755
455.724,448.374,29.39,0.3265
463.000,448.000,5.41,0.2500
471.152,448.484,54.96,0.8620
472.000,448.438,50.60,0.9146
108.334,448.254,71.33,1.1451
136.012,448.988,3.76,0.2500
158.214,448.610,40.16,0.6317
229.173,449.450,9.80,0.2782
297.063,449.070,69.00,1.1787
312.000,449.000,13.14,0.2500
345.000,449.278,60.67,1.2000
427.432,449.000,11.78,0.2500
476.000,449.000,4.77,0.2500
42.822,450.465,19.18,0.3920
48.000,450.000,3.84,0.2500
98.186,449.807,3.34,0.3789
100.107,450.352,31.57,0.4583
138.000,450.000,8.20,0.2500
154.000,450.000,3.46,0.2500
174.626,449.736,297.02,1.1702
189.014,450.414,7.67,0.2500
251.736,450.067,6.38,0.2500
256.992,450.008,4.34,0.2500
265.000,450.000,4.06,0.2500
343.460,449.865,25.99,0.2500
352.000,451.000,60.24,1.2000
424.000,450.000,12.07,0.2500
434.609,450.526,50.13,0.7415
444.068,451.000,84.44,1.2000
460.226,449.780,19.09,0.2500
16.232,450.770,33.52,0.9597
57.500,450.712,15.06,0.3817
57.500,450.712,15.06,0.3817
89.970,450.999,33.15,0.5581
93.833,450.612,63.74,1.2000
103.459,450.999,1.32,0.2500
184.000,450.767,7.34,0.2500
227.000,451.000,3.49,0.2500
231.599,451.218,15.21,0.9276
235.667,450.853,7.91,0.3900
267.000,451.000,5.29,0.2500
274.914,450.503,70.01,1.0601
440.521,451.000,1.45,0.2500
450.000,451.000,5.43,0.2500
463.992,451.008,0.64,0.2500
148.516,451.762,254.51,1.0671
157.568,452.000,0.52,0.2500
200.141,452.459,13.52,0.3645
260.693,451.663,6.51,0.2500
263.031,452.031,3.36,0.2500
336.021,452.367,25.83,0.3685
344.000,452.000,7.29,0.2500
346.000,452.000,2.97,0.2500
353.040,451.686,53.45,0.8105
376.788,452.000,4.58,0.2500
444.086,451.817,39.22,0.4942
12.517,453.760,108.14,1.2000
84.000,453.000,7.66,0.2500
119.000,452.689,7.47,0.2500
140.000,453.000,7.31,0.2500
190.000,453.000,3.53,0.2500
271.000,453.000,2.75,0.2500
320.659,452.590,10.81,0.2500
331.681,453.435,18.88,0.4815
360.000,452.601,6.86,0.2500
373.528,453.472,32.21,0.6465
436.407,453.021,199.84,1.1886
16.127,454.366,16.54,0.3826
136.000,454.000,0.34,0.2500
327.000,454.476,21.37,0.2500
334.857,454.234,15.09,0.2500
349.507,454.000,9.70,0.2500
373.528,453.472,32.24,0.6471
442.996,454.365,17.09,0.2500
462.000,454.000,5.47,0.2500
466.000,454.000,3.29,0.2500
1.563,455.000,4.40,0.2500
12.506,454.569,111.68,1.2000
62.323,455.000,10.62,0.2500
140.170,455.461,70.50,0.9639
147.985,454.985,7.94,0.2500
192.342,454.671,9.11,0.2500
208.989,454.989,4.08,0.2500
224.000,455.000,3.84,0.2500
332.992,454.984,4.83,0.2500
344.722,455.000,16.76,0.2500
363.000,455.000,4.38,0.2500
434.324,454.266,194.04,1.0770
3.999,456.001,9.61,0.2500
51.000,456.000,3.37,0.2500
59.994,456.006,9.98,0.2500
66.874,457.000,20.20,0.7733
79.427,456.000,16.04,0.4390
110.021,455.877,12.23,0.3589
139.346,455.875,67.72,0.8831
150.000,456.000,1.70,0.2500
253.379,455.483,9.85,0.2500
347.996,455.996,7.56,0.2500
350.670,456.000,9.57,0.2500
360.147,456.942,48.44,1.0225
414.000,456.000,6.91,0.2500
427.511,455.852,90.46,0.6207
67.087,458.000,29.96,1.0074
86.590,456.628,11.98,0.2500
117.694,457.000,5.37,0.2500
207.517,457.284,13.05,0.2500
309.000,457.501,27.98,0.8296
309.161,457.502,30.36,0.8881
309.150,457.502,31.17,0.9097
322.475,457.092,25.54,0.2500
325.049,457.049,3.73,0.2500
328.520,457.000,0.02,0.2500
336.821,457.000,6.86,0.2500
360.126,457.348,58.38,1.1633
366.699,457.472,27.72,0.5965
431.161,456.658,13.79,0.2500
452.005,456.995,4.33,0.2500
469.435,456.656,4.37,0.2500
36.048,458.378,6.57,0.2500
37.998,457.966,8.31,0.2500
59.701,457.000,25.18,1.1520
67.085,458.011,28.60,0.9695
210.000,458.407,7.22,0.2500
282.000,458.359,4.44,0.2500
288.175,458.242,16.02,0.5305
309.000,457.505,28.28,0.8380
309.189,457.517,31.61,0.9236
309.186,457.521,33.02,0.9622
317.000,458.000,0.38,0.2500
320.920,458.554,55.47,1.2000
343.000,458.000,3.76,0.2500
348.000,458.000,3.36,0.2500
360.091,457.877,62.11,1.2000
366.699,457.472,27.72,0.5965
426.000,458.583,141.10,1.2000
11.000,459.000,5.21,0.2500
45.000,459.000,2.99,0.2500
47.000,459.000,6.57,0.2500
67.169,458.312,23.76,0.8081
67.163,458.305,23.96,0.8151
74.173,458.610,14.06,0.4407
90.749,458.129,25.48,0.7984
107.424,458.774,20.44,0.4822
131.536,458.503,71.79,1.2000
132.000,458.396,57.75,1.0447
139.978,458.978,0.04,0.2500
180.421,458.774,8.70,0.3455
184.322,458.751,13.03,0.2500
237.000,459.000,6.64,0.2500
378.608,459.000,6.28,0.2500
425.160,459.129,157.82,1.2000
442.327,459.220,31.51,0.6035
30.805,459.834,30.97,0.8848
30.850,459.830,31.05,0.8843
31.024,459.815,26.50,0.7628
119.996,459.996,0.88,0.2500
161.365,460.013,17.50,0.7881
165.279,460.000,6.83,0.2500
169.450,460.003,57.55,1.0530
170.000,460.047,46.14,0.9078
198.000,460.397,7.46,0.2500
204.719,460.406,6.41,0.3862
284.003,459.997,4.35,0.2500
310.637,460.000,7.52,0.2500
322.477,460.000,22.82,0.2500
326.696,459.720,56.25,0.5206
344.628,460.000,5.58,0.2500
352.296,459.905,5.37,0.2500
359.739,459.856,59.17,1.2000
426.000,459.000,143.43,1.2000
471.000,460.237,4.00,0.2500
474.693,460.433,42.56,0.8980
474.687,460.434,42.40,0.8948
70.842,461.055,25.92,0.8253
112.409,461.000,7.48,0.2500
168.000,460.141,58.35,1.2000
282.000,461.000,6.62,0.2500
293.000,461.225,11.36,0.2500
301.000,461.294,5.10,0.2500
316.000,461.000,0.40,0.2500
320.425,461.000,1.17,0.2500
333.815,461.435,13.37,0.2500
396.000,460.727,11.52,0.2500
422.161,460.457,135.26,1.1494
466.000,461.000,3.81,0.2500
474.689,460.431,42.72,0.9016
488.000,461.000,4.29,0.2500
5.398,461.483,45.06,1.0112
5.650,461.456,49.31,1.0990
76.000,462.000,6.07,0.2500
126.193,461.524,124.94,1.1397
186.459,462.000,8.24,0.2500
318.289,462.000,15.11,0.2500
331.000,463.000,36.36,1.1292
359.321,461.380,55.05,1.2000
35.946,463.054,5.19,0.2500
38.353,463.000,9.22,0.2500
106.683,462.865,5.18,0.2500
113.329,463.000,0.19,0.2500
120.377,463.126,20.52,0.2500
137.103,462.986,21.31,0.5461
142.000,463.000,0.50,0.2500
166.814,463.264,12.31,0.2500
180.000,463.000,8.05,0.2500
257.538,462.972,55.10,1.0187
257.642,462.971,58.10,1.0666
289.385,463.415,25.37,0.7920
306.593,462.756,33.16,0.3347
315.573,463.000,14.43,0.2500
338.000,463.000,3.52,0.2500
343.000,463.650,30.74,1.2000
346.599,463.573,47.95,1.2000
347.002,463.649,36.38,0.9142
397.563,463.000,5.23,0.2500
439.281,462.770,49.38,0.9431
444.000,463.000,3.83,0.2500
456.981,462.876,32.72,0.8951
492.000,463.000,4.09,0.2500
45.000,463.822,32.76,0.9197
45.572,463.880,44.47,1.1523
46.076,463.952,38.22,1.0563
122.580,464.220,14.08,0.3006
182.703,463.427,16.01,0.4050
200.000,464.000,5.44,0.2500
207.000,464.206,58.29,0.8828
208.202,464.532,98.72,1.2000
264.305,464.209,13.60,0.3755
272.000,464.258,6.29,0.2500
284.000,464.292,4.40,0.2500
304.058,463.942,0.05,0.2500
322.437,464.000,15.71,0.2500
344.383,463.309,24.53,0.6357
346.977,463.678,39.14,0.9837
394.000,465.000,53.60,1.2000
408.741,465.000,40.45,1.1149
429.000,464.000,14.24,0.2500
453.280,463.553,34.04,0.7208
35.645,464.778,12.11,0.3285
72.000,465.258,4.40,0.2500
120.631,464.000,55.11,1.2000
169.562,464.696,7.35,0.2500
219.174,464.502,19.99,0.6772
308.841,464.611,55.21,0.7066
328.481,465.110,16.07,0.2500
336.136,465.113,9.26,0.4501
409.000,465.742,51.24,1.2000
413.152,464.956,55.42,0.6131
53.000,466.182,1.07,0.2500
55.735,466.375,61.36,0.4938
58.852,465.540,20.21,0.2500
308.000,465.005,74.88,1.1362
389.000,465.597,5.58,0.2500
392.655,466.308,108.60,0.8419
431.000,466.000,6.78,0.2500
455.436,466.242,25.19,0.4748
508.613,466.163,179.04,0.5736
125.333,467.477,47.11,0.6311
136.500,467.000,12.70,0.2500
152.000,466.711,4.48,0.2500
171.000,466.975,3.31,0.2500
182.263,467.000,6.39,0.2500
196.838,467.320,6.55,0.2993
200.000,467.448,14.89,0.2500
206.000,466.484,26.26,1.2000
208.784,466.000,64.84,1.2000
242.810,466.581,4.01,0.2500
286.000,467.000,5.25,0.2500
320.000,467.455,7.33,0.2500
332.122,466.000,67.29,0.9614
345.500,466.608,18.00,0.2500
345.500,466.608,18.00,0.2500
374.000,467.000,4.11,0.2500
395.046,466.672,42.19,1.2000
408.581,466.000,50.87,1.2000
477.000,466.797,28.55,0.7771
477.691,466.749,36.71,0.9357
477.682,466.752,36.07,0.9206
478.072,466.753,29.35,0.7640
29.000,468.000,3.94,0.2500
32.306,467.974,26.76,0.7618
79.912,468.088,4.76,0.2500
119.000,468.000,14.25,0.2500
130.740,468.000,1.03,0.2500
134.210,468.209,11.14,0.3672
203.229,468.168,9.65,0.5344
245.351,467.891,0.67,0.2500
248.454,467.995,9.04,0.2500
252.000,468.000,5.75,0.2500
258.569,467.948,7.75,0.4085
300.181,468.018,161.82,0.9835
326.000,468.000,5.06,0.2500
341.259,467.000,14.37,0.9636
381.761,468.420,7.49,0.2500
389.010,468.238,17.33,0.4348
397.000,467.383,23.06,0.9071
404.649,468.047,24.66,0.5536
419.071,467.755,25.34,0.7484
452.391,468.303,19.79,0.4230
500.000,468.000,3.29,0.2500
502.000,468.000,6.06,0.2500
55.000,469.000,4.06,0.2500
74.014,469.000,8.10,0.2500
174.000,468.652,10.32,0.2500
177.070,469.000,4.91,0.2500
266.191,469.508,23.41,0.5190
391.807,468.000,86.76,1.2000
111.843,470.302,359.83,1.2000
119.000,470.000,0.57,0.2500
172.000,470.000,5.02,0.2500
248.360,470.236,18.25,0.2500
262.454,470.000,5.50,0.2500
266.191,469.508,23.41,0.5190
301.000,470.000,0.56,0.2500
406.644,470.000,13.52,0.2500
500.971,470.427,32.11,0.4089
12.145,471.245,20.02,0.5024
51.733,471.000,5.95,0.2500
111.207,470.607,361.44,1.2000
125.004,471.000,5.61,0.2500
152.398,471.000,9.45,0.2500
195.417,471.130,32.04,0.4537
201.447,470.596,10.95,0.2868
213.553,471.388,8.22,0.2500
275.454,470.665,19.38,0.2929
275.454,470.665,19.38,0.2929
283.886,470.974,0.65,0.3952
285.815,470.566,11.18,0.2500
291.001,470.703,4.16,0.2500
294.566,470.807,36.15,0.3288
309.500,471.000,33.49,0.2500
309.500,471.000,29.49,0.2500
313.516,470.780,19.71,0.4665
382.747,472.000,23.37,0.8770
387.994,470.177,31.99,1.2000
397.500,471.000,23.50,0.2500
420.489,471.000,10.59,0.2500
468.500,471.000,8.37,0.2500
7.158,472.448,30.66,0.6256
23.885,472.258,46.38,1.1161
83.858,471.894,13.83,0.6326
109.300,471.621,356.37,1.2000
128.495,472.009,35.95,0.6249
130.925,471.552,16.25,0.4217
180.500,472.000,10.47,0.2500
181.500,472.000,16.64,0.5987
181.500,472.000,16.64,0.5987
182.500,472.000,10.47,0.2500
192.927,471.776,14.56,0.2500
209.000,472.233,7.34,0.2500
217.444,472.354,11.36,0.4019
236.449,471.989,12.84,0.2500
248.008,471.760,14.10,0.2500
250.928,472.072,3.48,0.2500
297.000,472.000,0.43,0.2500
373.500,472.000,39.77,0.2500
373.500,472.000,39.77,0.2500
387.000,471.000,24.79,1.2000
387.585,471.000,26.26,1.1646
417.055,471.945,0.39,0.2500
508.006,471.994,8.64,0.2500
1.774,473.389,106.39,0.5977
165.599,472.743,70.50,1.0416
406.385,472.594,44.21,0.2500
413.518,473.000,0.19,0.2500
81.000,473.806,7.27,0.2500
129.999,474.001,10.25,0.2500
194.447,474.294,15.84,0.2500
266.368,474.323,17.32,0.3265
288.420,473.648,2.41,0.3678
475.000,474.000,0.55,0.2500
502.000,473.000,32.00,1.2000
19.018,474.991,85.22,1.2000
20.417,475.265,78.53,1.2000
54.053,474.178,71.12,1.1176
57.500,474.601,11.70,0.2500
87.000,476.000,41.86,1.2000
95.974,475.089,2.01,0.6850
105.000,475.000,3.93,0.2500
153.652,475.000,5.69,0.2500
209.000,474.767,7.34,0.2500
218.463,475.058,14.77,0.5305
233.000,475.114,23.05,0.9103
270.000,475.516,24.19,0.9976
278.091,474.895,35.45,0.6354
285.571,475.000,8.09,0.2500
292.029,475.000,6.33,0.2500
345.500,474.742,12.01,0.2500
354.000,475.000,5.48,0.2500
360.932,476.000,138.04,1.1855
382.628,474.458,23.27,0.7273
407.000,475.469,20.93,0.2500
425.000,474.525,6.55,0.2500
472.360,475.071,15.66,0.2500
79.004,475.996,6.57,0.2500
102.234,475.710,17.36,0.3441
146.483,475.534,34.76,0.8572
268.033,476.300,57.51,1.2000
284.015,475.985,0.81,0.2500
341.438,475.791,17.98,0.3100
378.669,476.000,0.84,0.2500
401.529,476.000,5.59,0.2500
481.748,477.000,31.14,1.2000
504.220,476.000,2.03,0.2500
21.507,476.000,63.47,1.2000
85.549,478.000,142.77,1.2000
90.532,477.454,58.89,0.7220
196.000,477.500,1.05,0.2500
198.468,477.363,13.82,0.2500
206.753,476.816,12.56,0.3666
216.635,477.000,0.17,0.2500
264.145,477.102,48.48,0.4642
320.562,476.959,20.20,0.9325
324.100,476.401,42.10,0.9556
360.699,476.720,157.93,1.2000
410.563,477.000,10.47,0.2500
84.181,479.000,167.89,1.2000
97.347,477.932,44.51,0.6174
106.903,477.821,7.27,0.3363
163.688,478.298,63.87,1.1662
196.000,477.500,10.47,0.2500
201.196,477.762,0.62,0.2500
210.820,477.572,15.06,0.2500
249.845,478.859,76.65,1.0955
280.121,477.362,52.25,0.7156
459.793,479.000,66.29,1.2000
11.308,478.749,15.37,0.5231
71.000,479.000,8.20,0.2500
104.009,479.147,12.92,0.2500
127.988,479.043,19.64,0.5475
134.602,479.000,10.51,0.2500
163.702,478.267,67.26,1.2000
185.578,479.000,6.59,0.2500
205.636,479.364,12.37,0.2500
217.000,479.216,7.00,0.2500
277.711,478.709,27.59,0.5821
340.240,479.396,18.77,0.2500
405.523,478.883,32.42,0.2557
468.006,478.994,3.32,0.2500
481.648,479.112,95.02,0.9653
32.210,479.510,19.16,0.3412
42.150,479.824,77.54,0.6174
58.500,480.000,6.93,0.2500
79.754,480.578,152.45,1.1329
83.684,479.416,154.65,1.1833
83.975,479.254,159.42,1.2000
92.000,480.000,6.13,0.2500
116.371,480.304,16.28,0.4542
154.000,479.467,36.25,1.1254
154.974,479.454,37.78,0.9245
164.325,479.000,60.83,1.1902
193.000,480.000,2.75,0.2500
199.000,480.206,8.06,0.2500
211.000,480.000,5.26,0.2500
220.724,480.111,28.16,0.7183
249.913,479.000,90.08,1.2000
265.165,480.666,77.62,1.0062
267.759,480.435,28.23,0.2786
288.540,479.645,21.40,0.2500
347.000,480.479,15.70,0.2500
352.000,480.000,3.29,0.2500
378.273,480.000,11.52,0.2500
395.302,479.431,77.57,1.2000
399.000,481.000,30.65,1.2000
416.555,480.245,10.62,0.2500
459.794,479.545,61.91,1.1002
50.408,481.000,6.01,0.2500
65.381,481.000,9.79,0.2500
68.289,481.000,14.29,0.2500
76.000,481.145,32.28,1.2000
79.696,480.613,163.52,1.2000
124.156,480.557,41.91,0.8852
180.324,481.268,4.69,0.2501
187.006,481.006,4.02,0.2500
213.569,480.752,15.79,0.3398
390.934,481.110,229.71,1.2000
22.666,482.461,7.43,0.2851
74.769,481.413,17.91,0.7485
164.003,482.000,4.13,0.2500
202.000,482.000,0.33,0.2500
209.909,482.292,14.85,0.4648
224.000,482.000,5.09,0.2500
240.462,482.000,26.16,0.2500
250.438,481.000,54.69,1.0070
379.000,482.000,3.96,0.2500
398.289,481.659,13.22,0.3189
414.537,482.000,16.88,0.2500
418.507,482.184,12.11,0.2637
32.000,483.000,7.17,0.2500
56.989,483.216,1.77,0.2500
58.996,483.004,8.06,0.2500
69.785,483.341,39.04,0.6914
79.110,482.000,103.42,1.1615
98.000,484.000,61.48,1.2000
120.000,483.000,4.20,0.2500
123.302,482.658,13.30,0.2639
170.574,483.018,14.92,0.2500
173.375,483.372,15.13,0.2761
181.118,482.660,11.04,0.2500
192.997,483.003,7.26,0.2500
336.489,482.780,11.56,0.2500
340.421,483.000,5.88,0.2500
341.531,483.000,6.00,0.2500
346.359,482.725,20.89,0.4009
459.000,482.892,7.22,0.2500
85.544,484.374,2.19,0.2500
188.755,484.696,62.55,1.2000
206.997,483.602,25.19,0.6482
211.788,484.000,10.00,0.2500
232.023,483.977,4.12,0.2500
243.000,484.419,18.63,0.4594
266.148,483.189,65.31,1.2000
317.500,484.392,23.13,0.2500
317.500,484.392,24.01,0.2500
385.000,483.651,73.10,1.0373
438.607,484.098,35.08,0.7281
482.000,484.000,4.38,0.2500
487.001,483.999,0.35,0.2500
97.505,485.487,73.13,0.8238
97.505,485.488,73.43,0.8273
183.330,485.339,10.17,0.2501
209.339,485.322,21.24,0.5517
352.331,485.000,13.21,0.2500
418.338,484.584,13.72,0.2817
72.002,485.998,5.47,0.2500
97.496,485.525,74.73,0.8426
97.496,485.527,75.27,0.8490
109.483,485.581,15.93,0.5365
174.733,486.263,54.91,0.6675
187.238,485.635,53.56,1.0836
198.571,486.000,7.42,0.2500
238.000,486.000,8.48,0.2500
338.674,486.464,8.66,0.2500
425.000,486.308,38.49,1.2000
11.000,487.653,30.23,0.9122
48.465,487.262,3.62,0.2599
122.000,487.000,6.57,0.2500
177.866,486.587,44.48,0.5416
193.392,486.885,21.47,0.4814
220.500,487.000,6.45,0.2500
221.582,487.073,31.75,0.5776
260.538,487.000,6.19,0.2500
264.000,486.515,17.20,0.2500
267.000,486.660,0.47,0.2500
292.500,487.000,10.47,0.2500
293.500,487.000,16.64,0.5987
293.500,487.000,16.64,0.5987
294.500,487.000,10.47,0.2500
332.000,486.524,13.61,0.2500
366.500,487.000,8.37,0.2500
366.500,487.000,8.37,0.2500
423.000,487.754,38.65,1.2000
426.557,486.422,41.64,0.8178
10.673,487.794,35.79,1.0227
25.441,488.000,7.09,0.2500
36.370,488.000,6.09,0.2500
38.554,487.959,5.53,0.2500
68.395,488.000,1.50,0.2500
96.362,488.069,21.22,0.4760
99.000,489.000,55.49,1.2000
135.259,488.000,11.62,0.2500
140.000,488.084,4.87,0.2500
161.794,488.000,12.12,0.2500
179.910,487.684,4.40,0.2500
183.565,488.000,11.32,0.2500
197.506,488.103,47.11,0.6528
236.000,488.000,11.22,0.2500
240.512,488.000,8.55,0.2500
258.589,487.786,19.98,0.2700
282.598,488.000,12.14,0.2500
324.752,488.423,27.89,0.2752
353.007,487.900,4.47,0.2500
385.264,487.917,1.74,0.2832
432.353,488.000,10.67,0.2500
434.118,487.841,22.54,0.5391
440.194,487.874,16.09,0.3665
498.000,489.000,23.49,0.9782
32.630,489.016,27.93,0.2500
160.017,488.983,3.33,0.2500
185.665,489.323,23.15,0.5601
193.472,489.106,23.43,0.3991
302.662,489.491,12.02,0.2500
379.000,489.853,120.20,1.2000
437.235,488.911,42.74,0.7264
498.870,490.000,33.59,1.2000
71.765,490.503,29.27,0.3598
87.000,490.000,3.29,0.2500
98.407,489.841,25.72,0.3784
176.569,490.457,13.18,0.2500
237.756,489.912,14.56,0.4706
264.648,490.281,6.63,0.3727
267.000,490.000,14.63,0.2500
385.370,490.153,17.43,0.3200
402.000,490.000,4.38,0.2500
498.798,489.871,32.48,1.2000
10.937,490.162,13.95,0.8322
25.000,491.296,20.34,0.7790
27.736,490.948,53.33,0.9399
70.425,490.989,1.75,0.2500
140.000,491.000,3.73,0.2500
162.617,491.000,6.38,0.2500
191.090,490.623,32.60,1.2000
258.035,491.035,5.15,0.2500
275.359,490.695,156.54,1.2000
323.000,490.631,10.47,0.2500
331.097,491.076,58.23,1.1281
443.000,491.000,2.99,0.2500
499.607,490.816,12.53,0.3801
32.000,492.320,23.81,1.0338
56.607,491.644,36.59,0.4799
153.593,491.905,43.89,0.9620
153.611,491.908,44.87,0.9807
154.000,491.883,37.79,0.8647
195.000,492.000,3.40,0.2500
197.000,492.000,4.05,0.2500
241.818,491.541,10.49,0.3065
260.275,492.623,54.77,0.8516
273.000,491.897,110.18,1.2000
284.281,492.603,63.38,0.9347
347.211,491.840,29.09,0.7275
352.000,492.000,9.86,0.2500
354.483,491.994,6.15,0.2500
440.510,491.924,18.05,0.3172
508.793,492.256,107.33,1.2000
32.983,492.983,9.81,0.2500
48.477,492.676,25.59,0.6538
61.945,493.046,358.62,1.2000
74.540,493.495,11.35,0.2500
132.310,492.827,12.74,0.4694
192.000,493.500,14.65,0.2500
234.689,493.044,41.38,0.8851
254.000,493.376,42.70,1.2000
255.369,493.450,31.84,0.4061
331.024,492.000,40.91,0.9520
192.000,493.500,14.65,0.2500
293.500,494.500,36.00,0.2500
293.500,494.500,36.00,0.2500
296.000,494.000,1.49,0.2500
425.000,494.000,5.24,0.2500
144.000,494.857,5.01,0.2500
178.650,494.774,10.69,0.3720
196.061,495.252,17.76,0.5571
240.123,495.013,1.27,0.2500
279.762,495.283,94.01,1.2000
281.107,494.797,109.72,1.2000
281.471,494.733,87.53,0.9722
290.608,495.000,0.28,0.2500
386.543,494.838,24.44,0.2500
411.790,495.386,8.79,0.2635
415.000,495.000,6.32,0.2500
504.000,495.000,6.57,0.2500
30.382,495.579,12.35,0.2500
41.275,497.000,36.59,0.9213
57.283,496.113,25.20,0.4251
66.439,496.000,22.39,0.2500
89.031,496.031,3.79,0.2500
133.006,495.988,12.58,0.5502
134.614,496.000,8.94,0.2500
183.628,495.756,9.23,0.2514
201.017,496.000,7.40,0.2500
207.598,496.000,8.05,0.2500
260.527,495.480,59.51,1.0558
262.828,496.129,9.27,0.2691
300.500,496.000,8.37,0.2500
301.503,496.009,15.81,0.6889
301.503,496.009,15.81,0.6889
339.250,497.000,35.23,1.0355
374.775,495.797,243.64,1.1835
396.092,496.237,21.36,0.5712
407.000,496.363,6.40,0.2500
437.087,496.000,3.80,0.2500
438.937,496.356,8.80,0.2500
441.000,496.000,6.17,0.2500
459.978,495.866,54.03,0.3763
461.000,496.046,123.89,1.2000
485.662,495.373,48.94,0.8321
489.000,495.895,9.02,0.2500
508.152,495.000,22.75,0.8486
17.000,497.000,3.45,0.2500
19.000,497.000,0.66,0.2500
123.645,497.485,46.07,0.2500
210.354,497.000,6.69,0.2500
243.585,496.660,56.47,0.9128
279.139,496.000,85.18,1.2000
294.000,497.000,6.33,0.2500
339.160,498.000,51.20,1.2000
400.878,496.900,21.46,0.6329
495.407,496.733,6.77,0.2500
72.686,498.000,6.77,0.2500
85.658,497.509,11.44,0.2500
120.553,498.415,30.19,0.5168
146.571,498.000,6.76,0.2500
206.000,498.000,3.68,0.2500
347.393,498.000,5.74,0.2500
369.494,498.525,221.63,1.2000
403.000,498.000,3.97,0.2500
437.622,498.000,26.37,0.2500
443.000,497.503,7.88,0.2500
462.573,497.000,94.84,1.2000
21.500,498.755,25.77,0.6257
21.500,498.754,25.72,0.6242
37.450,498.840,19.92,0.2500
42.619,499.309,29.16,0.2500
231.460,498.798,24.79,1.0625
241.441,499.013,31.52,0.6267
264.485,499.002,17.93,0.2500
295.887,499.000,1.18,0.2500
338.861,498.619,51.33,1.2000
379.332,500.000,20.18,0.9062
394.248,498.903,7.88,0.2907
407.000,499.000,3.42,0.2500
410.998,498.998,7.23,0.2500
471.014,499.014,5.61,0.2500
484.683,499.000,4.35,0.2500
3.783,500.416,9.19,0.2500
9.312,500.000,11.33,0.2500
33.219,500.328,9.19,0.2500
65.000,500.000,0.20,0.2500
76.116,499.088,113.40,0.9181
79.000,500.000,12.24,0.2500
135.237,500.000,5.22,0.2500
145.475,499.772,29.22,0.2900
153.000,499.559,76.98,1.2000
162.622,500.828,79.69,1.2000
200.490,500.003,7.99,0.2500
213.641,500.199,41.90,0.3680
216.000,500.000,13.98,0.2500
218.806,499.508,10.52,0.2500
245.404,499.105,8.31,0.8352
255.056,499.596,13.89,0.3246
260.414,500.000,11.46,0.2500
290.572,500.149,18.11,0.2984
300.471,500.000,1.15,0.2500
329.000,500.000,2.59,0.2500
336.375,500.370,31.30,0.4948
420.324,501.000,27.61,0.8046
445.000,500.000,4.49,0.2500
472.762,500.329,8.69,0.4489
487.574,499.657,25.00,0.4133
12.744,500.678,1.28,0.3081
16.281,500.952,12.65,0.2500
117.632,501.520,71.69,1.2000
164.795,500.582,21.86,0.4911
168.350,501.348,16.02,0.2500
280.005,500.995,6.57,0.2500
281.864,500.560,10.86,0.2500
321.000,501.000,9.15,0.2500
324.000,501.000,4.17,0.2500
379.450,500.334,22.46,0.9583
420.342,501.516,35.15,0.9761
447.000,501.000,9.61,0.2500
492.018,501.000,6.78,0.2500
500.409,500.760,6.55,0.2500
73.457,501.701,134.65,0.9443
73.524,501.718,142.00,0.9932
75.000,501.899,119.20,1.2000
114.000,501.711,5.28,0.2500
153.000,501.000,48.92,1.2000
163.131,501.271,85.25,1.2000
171.007,501.994,5.18,0.2500
237.364,501.895,13.02,0.2500
260.477,502.000,7.06,0.2500
326.101,502.000,5.39,0.2500
362.117,502.165,77.31,1.0985
420.436,502.602,47.09,1.2000
39.102,503.456,38.88,0.8844
118.342,502.577,78.91,1.2000
119.000,502.799,71.17,1.1802
150.994,502.114,31.48,1.2000
157.113,503.471,23.77,1.2000
160.042,503.297,13.02,0.2807
216.328,503.248,12.62,0.3422
251.658,503.095,1.77,0.3661
258.000,503.000,3.51,0.2500
341.609,502.618,28.25,0.2500
351.092,504.000,55.84,0.9492
388.258,503.000,4.49,0.2500
443.409,503.781,82.01,1.2000
476.135,502.426,11.38,0.4958
490.000,502.536,12.09,0.2500
28.395,505.000,92.40,1.2000
39.103,503.451,38.94,0.8857
76.232,503.483,82.04,1.1638
144.000,504.325,8.07,0.2500
177.615,504.206,10.48,0.2500
186.001,504.393,6.27,0.2500
213.000,504.331,4.19,0.2500
233.000,504.792,32.23,1.0258
242.499,503.742,13.72,0.2500
248.109,504.215,55.21,0.7918
264.399,504.399,36.18,0.5975
329.342,503.641,11.97,0.4628
363.000,503.000,66.34,1.2000
395.406,504.213,10.43,0.2500
420.447,503.293,31.33,0.8248
53.000,505.000,4.54,0.2500
76.370,504.131,48.65,0.6761
148.359,504.548,40.80,0.6548
158.358,505.000,8.78,0.2500
180.000,505.492,10.90,0.2500
321.500,505.500,32.00,0.2500
321.500,505.500,32.00,0.2501
324.252,505.000,0.62,0.2500
389.000,505.000,3.44,0.2500
443.626,504.946,97.21,1.2000
452.787,505.560,56.59,0.9793
460.232,504.551,5.89,0.2500
480.345,504.843,32.45,0.9496
23.000,506.000,5.48,0.2500
29.000,506.060,103.35,1.0877
29.803,506.346,96.74,0.9094
119.006,506.000,8.55,0.2500
166.592,505.795,6.00,0.2500
232.703,505.000,36.28,1.1158
291.654,505.912,11.54,0.3863
296.495,505.960,16.63,0.2500
321.500,505.500,32.00,0.2500
321.500,505.500,32.00,0.2500
360.255,505.364,188.15,1.2000
365.000,506.000,3.38,0.2500
391.691,505.998,63.81,0.5574
445.562,505.778,43.06,0.2727
4.000,507.433,18.58,0.2500
13.907,507.286,15.45,0.2500
43.000,507.000,12.16,0.2500
143.000,507.000,3.39,0.2500
149.000,507.000,5.36,0.2500
156.000,507.000,6.24,0.2500
184.999,506.545,7.34,0.2500
218.585,506.672,10.62,0.2894
235.000,507.000,4.38,0.2500
245.208,507.000,7.10,0.2500
302.994,506.565,13.16,0.2500
331.687,507.363,13.22,0.3937
345.500,506.573,17.97,0.2500
345.500,506.573,26.00,0.2500
351.456,507.160,169.07,1.2000
449.869,506.513,52.97,1.2000
12.420,508.000,0.84,0.2500
20.834,509.000,55.13,1.2000
96.999,508.001,2.84,0.2500
100.000,508.964,43.90,1.1742
238.410,508.176,6.07,0.2500
268.412,507.795,0.92,0.2601
298.247,508.116,3.72,0.2500
306.642,508.000,7.33,0.2500
318.580,508.000,1.67,0.2500
376.000,509.000,35.96,1.0075
423.000,508.000,0.53,0.2500
444.575,509.000,57.49,1.2000
475.130,508.000,4.22,0.2500
478.291,508.351,10.60,0.6018
481.000,507.686,4.21,0.2500
7.162,509.762,75.71,1.0371
7.304,509.657,66.86,0.9174
22.000,510.000,8.26,1.1659
30.260,508.000,73.67,1.1561
102.416,509.309,214.29,0.8545
122.695,509.346,12.86,0.2500
168.000,510.000,19.53,1.0227
205.500,509.000,16.05,0.2500
205.500,509.000,16.84,0.2500
226.575,508.971,6.38,0.4093
260.000,509.000,0.99,0.2500
340.402,508.683,20.55,0.2507
351.520,508.000,149.29,1.1726
376.000,509.559,47.12,1.2000
427.522,508.726,15.76,0.2789
454.095,508.837,117.01,0.4217
460.468,509.165,5.16,0.3306
